clade	species	length	orf_valid	gc_content	gc_stretch_count	codon_ACT	codon_GTA	codon_ATC	codon_CAA	codon_AGC	codon_CAT	codon_GAA	codon_AAT	codon_AGT	codon_TAC	codon_TGT	codon_CGC	codon_AAA	codon_GTG	codon_ATA	codon_TTT	codon_TTC	codon_TCC	codon_TCT	codon_CTT	codon_CCT	codon_TTG	codon_CTC	codon_GTT	codon_CCC	codon_CCA	codon_TCA	codon_TAT	codon_CAC	codon_TCG	codon_GTC	codon_CTG	codon_CGT	codon_ATT	codon_CCG	codon_CTA	codon_ACA	codon_GCT	codon_TTA	codon_ACC	codon_TGC	codon_GCC	codon_AAC	codon_GAG	codon_GGA	codon_CAG	codon_GGG	codon_GGT	codon_GCG	codon_GGC	codon_CGG	codon_AGG	codon_ACG	codon_AAG	codon_GAC	codon_GAT	codon_TGG	codon_AGA	codon_GCA	codon_ATG	codon_CGA	codon_TAG	codon_TGA	codon_TAA
NC_072418.2	1::NC_072418.2:25823253-25828371	5118	False	0.4838	1	29.0	1.0	13.0	1.0	2.0	23.0	1.0	4.0	3.0	17.0	5.0	1.0	3.0	1.0	2.0	116.0	159.0	258.0	215.0	162.0	237.0	5.0	296.0	4.0	26.0	12.0	12.0	4.0	11.0	7.0	5.0	10.0	5.0	13.0	2.0	14.0	2.0	5.0	8.0	3.0	6.0	2.0	1.0																					
NC_072418.2	3::NC_072418.2:61477835-61484528	6693	False	0.6047	2	6.0		1.0	4.0	6.0	9.0	6.0	1.0	3.0	3.0	3.0	8.0	1.0	1.0	6.0	2.0	53.0	155.0	52.0	63.0	133.0	3.0	200.0	5.0	229.0	37.0	64.0	1.0	179.0	1.0	2.0	62.0	4.0	40.0	6.0	4.0	161.0	84.0	3.0	58.0	41.0	15.0	1.0	3.0	31.0	112.0	15.0	3.0	10.0	9.0	10.0	56.0	7.0	3.0	82.0	68.0	2.0	79.0	5.0	18.0	2.0			
NC_072418.2	1::NC_072418.2:61478466-61488516	10050	False	0.592	2	4.0	2.0	2.0	2.0	2.0	8.0	4.0		2.0	12.0	1.0	1.0	3.0	1.0	14.0	6.0	204.0	245.0	45.0	91.0	269.0	4.0	183.0	3.0	354.0	105.0	94.0	4.0	232.0	1.0	3.0	94.0	1.0	68.0	4.0	3.0	302.0	57.0	3.0	81.0	142.0	7.0	3.0	4.0	101.0	184.0	14.0	2.0	1.0	3.0	1.0	79.0	14.0	1.0	105.0	40.0	8.0	90.0	3.0	22.0	12.0			
NC_072418.2	-3::NC_072418.2:68077786-68085172	7386	False	0.5	0																1.0								510.0																							1.0	720.0				510.0										720.0		
NC_072418.2	3::NC_072418.2:68077787-68085173	7386	False	0.4999	0																						1.0		720.0															510.0								509.0	2.0				720.0												
NC_072410.2	-2::NC_072410.2:120862920-120874362	11442	False	0.4678	0	1.0	57.0		9.0	6.0	23.0	419.0	155.0	1.0		11.0	15.0	239.0	78.0	54.0					2.0	72.0			1.0		2.0		77.0	84.0		1.0	84.0	106.0				73.0			9.0	288.0	93.0	142.0		236.0	237.0	1.0			24.0		255.0	145.0	188.0		1.0		185.0	250.0	132.0			2.0	56.0
NC_072410.2	-3::NC_072410.2:120862925-120874493	11568	False	0.4686	0	1.0	76.0	1.0	9.0	11.0	27.0	401.0	107.0	3.0		10.0	13.0	239.0	63.0	56.0					1.0	86.0	1.0			1.0			53.0	64.0			103.0	126.0	1.0			97.0	5.0		1.0	306.0	74.0	164.0	1.0	239.0	236.0	4.0	1.0		15.0		262.0	121.0	210.0	1.0	1.0		183.0	258.0	139.0	1.0	2.0	4.0	78.0
NC_072410.2	-1::NC_072410.2:120862939-120874378	11439	False	0.4676	0		54.0		7.0	9.0	24.0	421.0	114.0		2.0	10.0	21.0	238.0	64.0	76.0	1.0			1.0		102.0	1.0						57.0	59.0			72.0	124.0				81.0	1.0		6.0	283.0	78.0	157.0	2.0	236.0	236.0		2.0	1.0	18.0		251.0	139.0	214.0				163.0	253.0	180.0		1.0	1.0	53.0
NC_072410.2	-1::NC_072410.2:122843980-122852263	8283	False	0.5002	0																								43.0																							1.0	1337.0				43.0										1337.0		
NC_072410.2	3::NC_072410.2:122843981-122852264	8283	False	0.5001	0																								1337.0															43.0								43.0	1.0				1337.0												
NC_072410.2	-3::NC_072410.2:122843993-122852018	8025	False	0.5002	0																								1337.0																							1.0					1337.0												
NC_072410.2	1::NC_072410.2:122843994-122852019	8025	False	0.5001	0																																							1337.0								1337.0	1.0																
NC_072413.2	-2::NC_072413.2:0-7681	7681	False	0.5055	1																					5.0				631.0	2.0	24.0					6.0				635.0				641.0			1.0												5.0								11.0	599.0
NC_072413.2	3::NC_072413.2:2-7652	7650	False	0.505	1	1.0		2.0										1.0								639.0		22.0		2.0							11.0				599.0				632.0			635.0												6.0									
NC_072413.2	2::NC_072413.2:98688820-98694688	5868	False	0.7076	2	2.0		5.0	9.0	106.0		4.0			2.0	2.0		2.0	2.0	1.0	1.0	5.0	137.0	46.0	12.0	207.0	1.0	268.0	1.0	352.0	101.0	134.0	1.0	120.0	4.0	2.0	3.0	1.0	1.0	2.0	2.0		6.0	4.0	141.0	3.0	121.0	1.0	2.0	2.0	98.0	7.0	3.0		8.0	4.0	5.0	1.0	3.0	2.0		3.0	4.0	1.0	1.0				
NC_072413.2	3::NC_072413.2:98688896-98694650	5754	False	0.7112	2	4.0		1.0		90.0		2.0	2.0	3.0	3.0		1.0	2.0			2.0	6.0	111.0	55.0	2.0	262.0	4.0	246.0		348.0	139.0	109.0		112.0	1.0	4.0	5.0				2.0	1.0	2.0		120.0	4.0	110.0	9.0	3.0	4.0	122.0	5.0	3.0		3.0	4.0	5.0		1.0	1.0		1.0	1.0	3.0					
NC_072413.2	1::NC_072413.2:98689020-98695113	6093	False	0.7064	2	3.0	1.0	2.0	4.0	123.0	5.0	1.0	1.0	1.0	4.0	2.0	1.0	5.0	2.0		3.0	4.0	108.0	53.0	6.0	228.0	1.0	319.0	1.0	356.0	117.0	101.0		140.0	2.0	4.0	14.0		2.0	2.0	4.0	3.0	5.0	2.0	114.0	5.0	93.0	1.0	8.0	7.0	115.0	18.0	3.0	2.0	4.0	1.0	7.0		4.0	2.0	3.0	5.0	3.0	4.0	2.0				
NC_072413.2	1::NC_072413.2:99722982-99729606	6624	False	0.633	1	20.0	1.0	123.0	3.0	1.0	106.0		1.0		2.0	26.0	3.0						52.0	158.0		4.0		151.0		323.0	205.0	165.0	1.0	279.0		82.0	24.0	75.0		94.0	2.0	2.0			246.0			2.0	16.0		1.0								6.0	3.0	6.0		17.0			8.0			
NC_072413.2	-3::NC_072413.2:103506312-103513221	6909	False	0.6629	1		2.0			93.0	2.0	85.0		6.0		300.0	3.0		435.0		1.0		1.0				5.0		18.0	1.0	1.0		3.0	2.0	2.0	5.0		3.0	1.0	2.0		1.0				2.0	1.0		88.0	147.0	16.0	303.0	130.0	117.0	30.0	123.0	114.0		94.0	1.0	3.0	52.0	6.0	31.0	2.0	2.0	1.0	65.0	3.0
NC_072413.2	-2::NC_072413.2:103506370-103513237	6867	False	0.6626	1	2.0	1.0		1.0	92.0	2.0	97.0	2.0	2.0		291.0	17.0		431.0		1.0		1.0	2.0		1.0	18.0		3.0		1.0		1.0		1.0	2.0		1.0		1.0			1.0			2.0	1.0		120.0	125.0	30.0	307.0	126.0	114.0	31.0	101.0	95.0	1.0	86.0	3.0		77.0	7.0	11.0	6.0	1.0		72.0	1.0
NC_072413.2	3::NC_072413.2:104686418-104692112	5694	False	0.5	0										1.0						3.0	3.0					3.0		787.0				1.0											151.0		1.0						154.0	4.0		1.0		787.0					2.0							
NC_072413.2	-2::NC_072413.2:104686504-104692111	5607	False	0.4997	0																2.0								148.0																								785.0			1.0	148.0										785.0		
NC_072415.2	3::NC_072415.2:1221812-1226873	5061	False	0.7591	2	5.0	3.0	5.0	18.0	31.0	5.0	16.0	4.0	5.0	1.0	2.0	90.0	13.0	12.0	2.0	3.0	4.0	26.0	12.0	3.0	27.0	2.0	34.0	2.0	88.0	30.0	10.0	1.0	55.0	23.0	26.0	11.0	8.0	1.0	96.0	1.0	29.0	18.0		46.0	8.0	74.0	14.0	49.0	67.0	51.0	96.0	16.0	78.0	85.0	102.0	40.0	51.0	26.0	51.0	6.0	8.0	21.0	33.0	3.0	40.0			
NC_072415.2	3::NC_072415.2:1263356-1268507	5151	False	0.7533	2	6.0	2.0	4.0	17.0	31.0	6.0	25.0	6.0	5.0	1.0	2.0	89.0	18.0	11.0	1.0	4.0	5.0	25.0	11.0	4.0	28.0	3.0	34.0	2.0	88.0	31.0	11.0	1.0	55.0	22.0	28.0	10.0	8.0	1.0	97.0	1.0	29.0	19.0	1.0	47.0	7.0	74.0	14.0	46.0	64.0	51.0	94.0	15.0	78.0	88.0	106.0	48.0	53.0	22.0	54.0	8.0	10.0	24.0	31.0	2.0	39.0			
NC_072415.2	2::NC_072415.2:36143329-36148798	5469	False	0.5449	1	95.0	40.0	25.0	4.0		63.0		4.0	2.0	83.0		12.0	3.0		41.0	109.0	106.0	148.0	6.0	105.0	129.0		127.0	1.0	254.0	94.0	64.0	5.0	89.0	39.0	2.0	1.0	40.0	7.0	13.0	1.0	2.0	12.0	5.0	75.0	3.0	2.0				1.0		1.0		1.0			1.0			1.0	2.0	1.0	3.0	1.0				
NC_072415.2	3::NC_072415.2:36143396-36148856	5460	False	0.5487	1	91.0	40.0	22.0	2.0	1.0	65.0	3.0	5.0	1.0	79.0		12.0	1.0		43.0	99.0	110.0	153.0	4.0	110.0	125.0	5.0	126.0	1.0	252.0	92.0	64.0	3.0	93.0	40.0	1.0	4.0	41.0	5.0	12.0	3.0		12.0	5.0	80.0	2.0	3.0	1.0	1.0			1.0		1.0	1.0							1.0		1.0	3.0				
NC_072415.2	1::NC_072415.2:36143433-36148770	5337	False	0.5535	1	90.0	40.0	20.0	1.0		63.0		2.0		82.0	1.0	11.0			41.0	103.0	107.0	154.0	2.0	98.0	131.0	1.0	127.0		250.0	91.0	63.0	2.0	91.0	39.0	1.0	1.0	41.0	7.0	13.0	2.0		10.0		82.0	4.0	3.0								1.0							1.0		1.0	2.0				
NC_072415.2	-3::NC_072415.2:89967297-89973132	5835	False	0.8408	1	2.0	2.0		2.0	113.0	3.0	2.0	2.0		2.0	2.0	158.0		1.0		2.0	2.0	4.0	3.0	6.0	5.0	8.0	8.0		529.0	135.0			92.0	4.0	3.0	6.0	1.0	1.0	214.0		84.0	4.0		25.0	2.0	248.0	4.0	1.0	3.0	161.0	4.0	3.0	1.0	6.0	11.0	3.0	2.0	1.0	3.0	2.0	4.0	5.0	42.0	5.0	1.0	2.0	4.0	2.0
NC_072415.2	-2::NC_072415.2:89967418-89972971	5553	False	0.855	1	1.0			3.0	156.0	1.0		2.0	2.0		2.0	211.0	1.0	2.0		1.0		5.0	1.0	2.0	4.0	2.0	2.0		523.0	105.0		1.0	136.0	1.0	1.0	4.0			165.0		73.0	1.0		20.0	5.0	231.0	2.0	2.0		117.0				12.0	7.0	1.0			1.0		1.0	1.0	40.0	1.0		1.0	1.0	
NC_072415.2	2::NC_072415.2:89967427-89972938	5511	False	0.8581	1				3.0	154.0	1.0		1.0	2.0			211.0	1.0	2.0		1.0		4.0	1.0	2.0	4.0	2.0	2.0		523.0	105.0			136.0	1.0	1.0	3.0			165.0		73.0	1.0		20.0	5.0	231.0	2.0	2.0		117.0				12.0	6.0	1.0			1.0			1.0	40.0					
NC_072415.2	3::NC_072415.2:89967437-89972948	5511	False	0.8581	1				1.0	116.0				2.0		1.0	163.0	1.0		2.0		1.0	1.0	2.0		3.0	1.0	1.0		518.0	90.0			106.0		2.0	3.0		1.0	167.0	2.0	115.0	5.0		23.0	2.0	334.0	3.0		1.0	111.0				7.0	3.0	2.0	1.0			1.0	2.0		43.0					
NC_072415.2	-3::NC_072415.2:90286116-90292299	6183	False	0.5583	0		3.0				17.0			48.0	3.0	187.0	3.0		266.0	52.0						7.0	89.0		72.0					69.0			6.0	97.0	1.0			93.0			6.0	100.0		55.0	1.0	95.0	107.0	52.0		40.0	48.0	36.0	53.0	86.0		56.0	56.0	77.0	2.0	110.0	18.0				50.0
NC_072421.2	-2::NC_072421.2:2524-9778	7254	False	0.4999	0																					539.0				669.0															1.0			539.0																					670.0
NC_072421.2	3::NC_072421.2:2525-9779	7254	False	0.5	0																					670.0															539.0				539.0			670.0																					
NC_072421.2	2::NC_072421.2:791308-797470	6162	False	0.6732	0	3.0			137.0	14.0		3.0		46.0				2.0	78.0							136.0		5.0			20.0	86.0		44.0	1.0								1.0		81.0			5.0	230.0	246.0	93.0	151.0		131.0	69.0	122.0	55.0	71.0	2.0	4.0		2.0	147.0	67.0		2.0			
NC_072421.2	-1::NC_072421.2:791492-797450	5958	False	0.6741	0				85.0	93.0							1.0	1.0	46.0							71.0		135.0			1.0			17.0						4.0			14.0		43.0			118.0	257.0	156.0	67.0	157.0		67.0	1.0	198.0	140.0	1.0	17.0	134.0			86.0					76.0	
NC_072421.2	-2::NC_072421.2:1352923-1367350	14427	False	0.5613	0		1.0	3.0	1.0	1.0	5.0	956.0	4.0	1.0	1.0	2.0		59.0	2.0	4.0	4.0	2.0		2.0	3.0			1.0	2.0	1.0	3.0		1.0	1.0	1.0	1.0	2.0	1.0	2.0			5.0	1.0		1.0	1.0		26.0	102.0	938.0	7.0	637.0	1.0		1.0	2.0	931.0	37.0	905.0		1.0	5.0	92.0	6.0	1.0	39.0		2.0	1.0
NC_072421.2	-1::NC_072421.2:1353020-1367336	14316	False	0.5626	0	1.0		3.0	3.0			941.0	1.0	3.0		1.0		67.0	1.0		2.0	2.0	1.0		1.0		1.0	1.0	1.0				1.0		2.0				1.0			2.0	1.0					40.0	126.0	919.0	8.0	648.0		1.0	6.0	1.0	921.0	24.0	906.0	1.0	2.0	2.0	87.0	1.0	3.0	36.0	1.0		2.0
NC_072421.2	-3::NC_072421.2:1353087-1367346	14259	False	0.563	0	1.0		1.0		2.0	1.0	931.0		1.0	1.0			57.0	1.0		1.0						1.0			1.0					1.0		1.0					1.0	1.0					37.0	104.0	948.0	1.0	617.0			4.0	1.0	956.0	40.0	918.0	1.0	5.0		81.0	5.0	3.0	26.0		3.0	
NC_072421.2	2::NC_072421.2:1353172-1362571	9399	False	0.5642	0			1.0	1.0	1.0		631.0	2.0					33.0		1.0															1.0							1.0						13.0	64.0	634.0	5.0	414.0			1.0	2.0	620.0	21.0	601.0		1.0		59.0	4.0		22.0			
NC_072421.2	3::NC_072421.2:1353281-1365893	12612	False	0.5653	0			1.0	1.0			838.0	1.0					50.0																	2.0													33.0	112.0	822.0	5.0	573.0		1.0	5.0	1.0	823.0	18.0	814.0	1.0	1.0		67.0	1.0	2.0	32.0			
NC_072421.2	1::NC_072421.2:1356963-1367256	10293	False	0.5677	0			1.0		1.0		680.0		1.0				24.0																	1.0													31.0	78.0	691.0	1.0	456.0			1.0		690.0	35.0	657.0		2.0		55.0	1.0	1.0	24.0			
NC_072421.2	2::NC_072421.2:1362574-1367623	5049	False	0.5575	1		2.0	1.0	3.0	2.0	2.0	327.0	9.0	1.0		1.0		23.0	5.0	3.0	2.0	1.0	2.0		2.0	1.0		4.0	1.0	1.0		2.0	2.0	2.0	1.0	1.0	3.0	2.0	4.0		2.0	5.0	1.0	1.0			2.0	13.0	38.0	303.0	1.0	223.0	1.0	1.0	3.0		311.0	15.0	298.0	1.0		3.0	30.0	2.0	2.0	17.0			
NC_072403.2	2::NC_072403.2:182267116-182272399	5283	False	0.5145	1	40.0								2.0	37.0	179.0			10.0		43.0	100.0	50.0	89.0	9.0	96.0	100.0	80.0	238.0	2.0		17.0	4.0		48.0	10.0	131.0	6.0	9.0	4.0	2.0	1.0	4.0	52.0	1.0	40.0	35.0		2.0	4.0	13.0	126.0	76.0	3.0	7.0	52.0	13.0				3.0	20.0		2.0		1.0			
NC_072403.2	3::NC_072403.2:182267579-182272814	5235	False	0.5156	1	32.0		1.0			1.0			2.0	47.0	173.0			9.0		33.0	118.0	45.0	94.0	13.0	84.0	110.0	84.0	244.0			13.0	4.0	1.0	42.0	9.0	131.0	5.0	5.0	4.0	1.0		4.0	36.0		45.0	36.0	1.0	1.0	5.0	19.0	128.0	78.0	2.0	2.0	46.0	13.0				2.0	16.0		4.0	1.0	1.0			
NC_086015.1	1::NC_086015.1:199385001-199390068	5067	False	0.5135	0	105.0		81.0	2.0	6.0	3.0			5.0	186.0	1.0		1.0	3.0	4.0		2.0	1.0	1.0	1.0		25.0					1.0		3.0		1.0	292.0		2.0	38.0		8.0	1.0	1.0	178.0			1.0	1.0	1.0	1.0	1.0	1.0				344.0	10.0	3.0		1.0		187.0		186.0				
NC_086015.1	-2::NC_086015.1:199385013-199390059	5046	False	0.5137	0	105.0		81.0	1.0	6.0	2.0			5.0	186.0	1.0		1.0	3.0	4.0		2.0	1.0	1.0	1.0		25.0							3.0		1.0	292.0		2.0	38.0		8.0	1.0		178.0			1.0		1.0			1.0				344.0	10.0	3.0		1.0		187.0		186.0				
NC_086015.1	-3::NC_086015.1:199385036-199390094	5058	False	0.5136	0	3.0	2.0		1.0		85.0	5.0	2.0		5.0	2.0	1.0			184.0		2.0		2.0	3.0	1.0		1.0	20.0				106.0	189.0		1.0			3.0			3.0	287.0		1.0		37.0		361.0	2.0	177.0		2.0				1.0		4.0	107.0	80.0		1.0	1.0	2.0		2.0		
NC_086015.1	-1::NC_086015.1:201573193-201579334	6141	False	0.4963	0	1.0							3.0	1.0		2.0		1.0			10.0	3.0		5.0	5.0	3.0	3.0	3.0	90.0	1.0	2.0			1.0		2.0	1.0						1.0										906.0		1.0		88.0		1.0	2.0		2.0	1.0	1.0	2.0		903.0	1.0	1.0
NC_086015.1	3::NC_086015.1:201573194-201579334	6140	False	0.4964	0				1.0	1.0	1.0					3.0			3.0	1.0	12.0	4.0	2.0	4.0	5.0			2.0	904.0		1.0	1.0			1.0	2.0	1.0				2.0	2.0	1.0	88.0	1.0	2.0		2.0	2.0	1.0	1.0	89.0					903.0					1.0			2.0				
NC_086015.1	1::NC_086015.1:201573261-201578799	5538	False	0.4973	0						1.0		1.0	1.0		1.0			1.0		10.0	1.0		5.0	2.0		1.0		1.0	1.0		1.0				1.0	2.0						1.0	903.0		1.0			1.0		1.0	902.0	1.0		1.0	1.0	1.0					2.0	1.0						
NC_086015.1	-3::NC_086015.1:201573341-201578798	5457	False	0.5006	0				1.0							1.0			2.0					1.0					903.0						1.0	2.0							1.0		1.0	1.0				1.0	1.0						903.0												
NC_072407.2	-1::NC_072407.2:15-10503	10488	False	0.4999	0																					17.0				1730.0															1.0			17.0																					1731.0
NC_072407.2	2::NC_072407.2:16-10504	10488	False	0.5	0	1.0																				1730.0				1.0											17.0				16.0			1731.0																					
NC_072407.2	-3::NC_072407.2:415-10516	10101	False	0.5	0	1.0																				1680.0				3.0																		1681.0																					2.0
NC_072407.2	3::NC_072407.2:416-10517	10101	False	0.5001	0																					2.0				1.0											1681.0				1681.0			2.0																					
NC_072407.2	-1::NC_072407.2:7340106-7349721	9615	False	0.5944	2	4.0	5.0	1.0	1.0	1.0	2.0	246.0	5.0	6.0	2.0	2.0		108.0	18.0	8.0	2.0	5.0	2.0		2.0	1.0	4.0	1.0	2.0	1.0	1.0		4.0	1.0		1.0	2.0		1.0			9.0	1.0		1.0	3.0		2.0	504.0	509.0	8.0	395.0	8.0	2.0		75.0	423.0	81.0	222.0	96.0	20.0	31.0	318.0	3.0	28.0	2.0	4.0	15.0	6.0
NC_072407.2	-3::NC_072407.2:7340176-7349668	9492	False	0.5979	2	1.0	3.0	1.0		2.0	3.0	233.0	4.0	6.0	1.0	3.0		104.0	9.0	2.0	1.0		1.0	2.0	3.0		3.0		2.0	1.0			3.0			2.0	1.0		1.0			14.0				3.0	1.0		492.0	519.0	7.0	397.0	6.0	1.0	1.0	81.0	417.0	83.0	249.0	81.0	33.0	35.0	311.0	2.0	22.0	2.0	6.0	9.0	
NC_072407.2	-2::NC_072407.2:7340300-7349729	9429	False	0.5995	2	2.0	5.0		3.0	1.0	1.0	220.0	3.0	14.0				106.0	6.0	1.0	4.0	1.0	1.0	1.0			2.0	1.0	1.0	1.0	1.0			2.0			2.0		1.0	1.0		7.0						1.0	504.0	518.0	14.0	401.0	6.0	1.0	3.0	83.0	400.0	75.0	224.0	87.0	28.0	24.0	338.0	3.0	35.0	1.0	4.0	4.0	1.0
NC_072407.2	3::NC_072407.2:7341701-7346846	5145	False	0.607	1		1.0		1.0			116.0	1.0	9.0				57.0	3.0															1.0								4.0							284.0	286.0	7.0	229.0				47.0	226.0	42.0	123.0	57.0	7.0	7.0	187.0		19.0	1.0			
NC_072407.2	-3::NC_072407.2:73036219-73041997	5778	False	0.5931	1	45.0	10.0		3.0	26.0	5.0	73.0	1.0	88.0	18.0	28.0		4.0	136.0	5.0	3.0	12.0	35.0	29.0	5.0	4.0	33.0	70.0	40.0	21.0	33.0		4.0	5.0	1.0	5.0	6.0	2.0	1.0	8.0		23.0	5.0		1.0	22.0	4.0	31.0	114.0	77.0	91.0	257.0	36.0	17.0	12.0	15.0	39.0	6.0	46.0	7.0	41.0	77.0	81.0	54.0	32.0	2.0	2.0	72.0	3.0
NC_072407.2	-1::NC_072407.2:73036320-73041825	5505	False	0.596	1	35.0	18.0	1.0	1.0	36.0	1.0	69.0	1.0	103.0	17.0	34.0			118.0	5.0		5.0	25.0	38.0	8.0	3.0	30.0	53.0	35.0	31.0	36.0		2.0	1.0		5.0	9.0	2.0	1.0	1.0		14.0	1.0		3.0	23.0	2.0	37.0	107.0	82.0	82.0	253.0	46.0	15.0	14.0	11.0	35.0	1.0	33.0	14.0	31.0	73.0	78.0	44.0	40.0	3.0	3.0	65.0	1.0
NC_072407.2	-2::NC_072407.2:73036481-73041863	5382	False	0.5959	1	27.0	17.0		2.0	38.0	4.0	66.0	2.0	89.0	11.0	29.0	2.0	2.0	99.0	7.0	1.0	4.0	40.0	37.0	6.0	1.0	39.0	56.0	28.0	29.0	22.0		1.0			3.0	10.0	2.0		5.0		20.0	1.0		1.0	16.0		33.0	114.0	87.0	94.0	230.0	53.0	10.0	4.0	22.0	53.0	1.0	37.0	4.0	38.0	86.0	59.0	41.0	40.0	1.0	2.0	67.0	1.0
NC_072407.2	-3::NC_072407.2:136983619-136990810	7191	False	0.5003	0		1.0																						43.0																							2.0	1154.0				43.0										1154.0		
NC_072407.2	3::NC_072407.2:136983620-136990805	7185	False	0.5002	0																								1154.0															43.0								44.0					1154.0												
NC_072407.2	-2::NC_072407.2:136983626-136990553	6927	False	0.5002	0																								1154.0																							1.0					1154.0												
NC_072407.2	1::NC_072407.2:136983627-136990554	6927	False	0.5001	0																																							1154.0								1154.0	1.0																
NC_072411.2	2::NC_072411.2:937-8485	7548	False	0.5005	1										1.0											713.0				3.0											543.0				543.0			713.0																					
NC_072411.2	-2::NC_072411.2:942-8484	7542	False	0.5004	1																					543.0				715.0																		543.0																					713.0
NC_072411.2	-1::NC_072411.2:14510521-14518579	8058	False	0.7442	1	107.0		1.0	1.0	176.0	2.0	1.0		2.0		175.0	319.0	2.0	3.0	1.0	1.0	49.0	2.0	2.0	3.0	349.0		305.0	1.0	39.0	2.0			176.0		1.0	5.0	27.0	1.0	312.0			68.0		2.0	6.0	2.0	2.0	2.0	31.0	177.0	317.0				1.0	2.0		1.0	1.0			2.0	2.0	1.0		1.0	2.0	1.0
NC_072411.2	-3::NC_072411.2:14510549-14518523	7974	False	0.7469	0		1.0	1.0		1.0			1.0	3.0		2.0						1.0	349.0	2.0		4.0	2.0	523.0	27.0		35.0			1.0		175.0	1.0			1.0		1.0	193.0		176.0	3.0	130.0				2.0	1.0	1.0	173.0	317.0	173.0	68.0	1.0	2.0	34.0	1.0		107.0	3.0	1.0	139.0		2.0	
NC_072411.2	2::NC_072411.2:14510581-14518471	7890	False	0.7489	0	107.0				174.0		1.0		1.0		172.0	319.0		1.0		1.0	48.0			1.0	348.0		303.0		36.0	1.0			176.0			3.0	27.0		312.0			67.0			4.0		1.0	2.0	30.0	174.0	317.0					1.0						2.0	1.0					
NC_072411.2	3::NC_072411.2:14510603-14518436	7833	False	0.7502	0		1.0									1.0						1.0	347.0			1.0		522.0	27.0		35.0					172.0							192.0		174.0		129.0				1.0		1.0	173.0	316.0	173.0	68.0	1.0		30.0			107.0			139.0			
NC_072411.2	1::NC_072411.2:14510607-14518467	7860	False	0.7496	0	1.0								1.0					1.0		27.0		345.0	2.0	21.0	301.0			1.0	350.0	1.0	348.0					175.0										1.0		140.0		37.0	173.0		315.0	68.0	173.0		31.0		107.0						1.0			
NC_072411.2	2::NC_072411.2:143058457-143063617	5160	False	0.5719	0	7.0		4.0	3.0	51.0	5.0	2.0	3.0	18.0	3.0	2.0	26.0		4.0		3.0	34.0	88.0	19.0	9.0	16.0	2.0	87.0	24.0	39.0	87.0	17.0	2.0	431.0	6.0	13.0	7.0	11.0	4.0	16.0	6.0	419.0	66.0	4.0	3.0	6.0	20.0	2.0		2.0	81.0	5.0	8.0	6.0	5.0	6.0	8.0	11.0		1.0	2.0	5.0	1.0	9.0	1.0				
NC_072411.2	1::NC_072411.2:143270325-143276388	6063	False	0.605	2	136.0		1.0	3.0	11.0	4.0	1.0	1.0	3.0	5.0	1.0	2.0		6.0	4.0	1.0	3.0	82.0	3.0		3.0	2.0	138.0	1.0	82.0	166.0	57.0		514.0		1.0	3.0		1.0	2.0		308.0	6.0	2.0	82.0	7.0	6.0	2.0	4.0	2.0	88.0	6.0	8.0	1.0	83.0	1.0	77.0	3.0	3.0	3.0	1.0	3.0	1.0	83.0	4.0				
NC_072411.2	2::NC_072411.2:143270350-143276065	5715	False	0.6045	2	131.0			2.0	14.0	5.0			1.0	5.0		1.0	1.0	1.0	2.0		1.0	70.0	1.0		2.0		136.0		81.0	159.0	59.0		509.0		3.0	1.0			1.0		304.0	1.0		81.0		3.0	1.0			85.0	2.0	1.0	1.0	72.0		76.0	2.0		1.0		1.0		88.0					
NC_072411.2	3::NC_072411.2:143271056-143276183	5127	False	0.6056	2	116.0		2.0	2.0	6.0	5.0			1.0	1.0	1.0	2.0	2.0	1.0	2.0			68.0	2.0	3.0	5.0		116.0	1.0	73.0	136.0	52.0		456.0	1.0	2.0	4.0				1.0	267.0	1.0		70.0	1.0	5.0	1.0	1.0	1.0	77.0	4.0	1.0		69.0		67.0	2.0			1.0	3.0	1.0	74.0	1.0	1.0			
NC_072411.2	-1::NC_072411.2:144465334-144476758	11424	False	0.5004	0																1.0			1.0					851.0							1.0															4.0	1.0	1050.0			1.0	851.0		1.0								1046.0		
NC_072411.2	3::NC_072411.2:144465335-144476759	11424	False	0.5004	0		1.0														2.0	1.0							1045.0			1.0				4.0					1.0			849.0								851.0	2.0				1051.0												
NC_072419.2	-3::NC_072419.2:4667-10196	5529	False	0.4995	0	1.0																				216.0				704.0																		217.0																					705.0
NC_072419.2	1::NC_072419.2:4668-10197	5529	False	0.4997	0	1.0																				704.0															217.0				216.0			705.0																					
NC_072419.2	-2::NC_072419.2:5967-16329	10362	False	0.5093	0	1.0									9.0											704.0				1022.0																		705.0																				88.0	925.0
NC_072419.2	2::NC_072419.2:5968-16330	10362	False	0.5094	0	1.0																				1021.0				1.0											705.0				713.0			925.0												88.0									
NC_072419.2	-1::NC_072419.2:10195-16336	6141	False	0.5159	0	1.0																				1021.0				2.0															9.0			925.0												88.0									1.0
NC_072419.2	3::NC_072419.2:10196-16337	6141	False	0.516	0																					1.0				10.0							88.0				934.0				1013.0			1.0																					
NC_072419.2	2::NC_072419.2:55898470-55904134	5664	False	0.6423	1	3.0		46.0	5.0		44.0	3.0			2.0	2.0	3.0	6.0	3.0		6.0	7.0	116.0	107.0	7.0	110.0	3.0	206.0		254.0	222.0	37.0		326.0		9.0	1.0	5.0		8.0	1.0	110.0	2.0		214.0	1.0	1.0	3.0	1.0		2.0		1.0			1.0		1.0	1.0	1.0		2.0		3.0		2.0			
NC_072419.2	3::NC_072419.2:55898534-55904237	5703	False	0.6433	1	3.0		44.0	3.0	1.0	42.0		1.0		1.0	2.0		1.0	3.0		5.0	8.0	124.0	108.0	6.0	110.0	3.0	210.0		250.0	222.0	37.0		325.0	2.0	7.0	3.0	10.0		6.0	5.0	111.0			218.0	4.0	3.0	3.0			2.0		1.0		2.0	1.0	2.0		2.0	2.0	2.0	3.0	1.0	2.0					
NC_072419.2	1::NC_072419.2:55898586-55904088	5502	False	0.647	1	2.0		42.0	1.0	2.0	42.0				3.0	2.0		1.0			6.0	5.0	125.0	102.0	6.0	108.0		200.0		249.0	220.0	38.0		321.0		8.0	1.0	6.0		10.0	2.0	110.0			215.0		1.0			1.0			1.0			1.0		1.0						2.0					
NC_072419.2	-1::NC_072419.2:70291456-70296532	5076	False	0.6879	1		3.0	1.0	1.0	3.0	2.0	2.0				149.0	2.0	3.0	236.0	6.0			2.0	3.0		1.0		1.0		1.0	2.0		4.0	1.0		6.0	1.0	88.0		1.0		3.0	1.0		3.0	1.0		1.0	242.0	95.0	2.0	304.0	3.0	77.0	87.0	1.0	173.0		2.0	2.0	8.0	2.0	59.0		6.0	2.0	7.0	92.0	
NC_072419.2	-2::NC_072419.2:70291506-70296597	5091	False	0.6857	1		4.0	1.0		3.0	4.0	2.0				154.0	2.0	2.0	235.0	7.0	1.0	2.0		1.0		2.0							3.0	3.0		3.0	7.0	86.0	2.0	1.0			1.0		4.0		1.0	3.0	221.0	88.0	3.0	315.0	6.0	89.0	73.0	1.0	167.0	1.0	5.0	3.0	7.0	6.0	73.0	3.0	4.0	3.0	6.0	89.0	
NC_072408.2	2::NC_072408.2:7625317-7632304	6987	False	0.5701	0	5.0	1.0	1.0	3.0	3.0	10.0	1.0	2.0	1.0	3.0	1.0	41.0		2.0		17.0	346.0	281.0	62.0	329.0	289.0	1.0	4.0		3.0	233.0	2.0	2.0	253.0	10.0	1.0	12.0	1.0	4.0	54.0	2.0	1.0	6.0	1.0	237.0	6.0	52.0	3.0	8.0	2.0	5.0	2.0	3.0				1.0		1.0	5.0	1.0	2.0	1.0	4.0		8.0			
NC_072408.2	-2::NC_072408.2:7625407-7632280	6873	False	0.5715	0	5.0		1.0	3.0	3.0	8.0		2.0	1.0	2.0	1.0	40.0		2.0		16.0	343.0	280.0	62.0	328.0	285.0	1.0	4.0		3.0	231.0		2.0	249.0	10.0	1.0	10.0	1.0	3.0	54.0		1.0	6.0		236.0	5.0	52.0	2.0	7.0	2.0	5.0	1.0	3.0				1.0			5.0		2.0		4.0		8.0			
NC_072408.2	3::NC_072408.2:7625615-7632749	7134	False	0.5726	1	1.0	2.0	1.0	1.0	5.0	3.0	1.0			1.0	1.0	59.0	2.0	1.0		6.0	349.0	299.0	57.0	363.0	300.0	2.0		1.0	1.0	250.0			242.0	11.0		3.0		9.0	51.0	2.0	1.0	8.0		267.0	9.0	39.0	2.0	4.0						2.0	1.0				7.0	1.0		1.0	1.0		11.0			
NC_072408.2	-3::NC_072408.2:7625619-7630686	5067	False	0.5739	0					2.0	1.0				1.0	1.0	40.0				8.0	260.0	210.0	31.0	257.0	216.0	1.0	1.0	1.0		190.0			172.0	8.0		2.0		3.0	28.0			9.0		180.0	3.0	37.0		2.0		1.0			1.0	1.0			1.0		6.0		1.0		6.0		7.0			1.0
NC_072408.2	-1::NC_072408.2:7625645-7632692	7047	False	0.5737	1		1.0	1.0		5.0	3.0				1.0	1.0	59.0				5.0	348.0	299.0	56.0	363.0	300.0	1.0		1.0	1.0	250.0			240.0	11.0		3.0		8.0	50.0			7.0		267.0	8.0	38.0	1.0	2.0											7.0				1.0		11.0			
NC_072408.2	1::NC_072408.2:7625646-7632744	7098	False	0.5726	1					2.0	2.0	1.0	1.0		2.0		50.0	1.0			8.0	367.0	296.0	45.0	359.0	303.0	4.0		1.0	1.0	263.0	1.0		249.0	8.0		5.0	1.0	4.0	39.0		1.0	10.0		249.0	3.0	55.0	1.0	3.0								1.0		1.0	8.0		2.0		8.0		11.0			
NC_072408.2	2::NC_072408.2:138410764-138420049	9285	False	0.5644	0	85.0	52.0			2.0		1.0	1.0	3.0	40.0	480.0	75.0	1.0	146.0	1.0		7.0	9.0	516.0	3.0	76.0		223.0		1.0	1.0		4.0	45.0	1.0	285.0	501.0	23.0		27.0	7.0	1.0	70.0		7.0	178.0	96.0	3.0			5.0			67.0										48.0	4.0				
NC_072408.2	-3::NC_072408.2:138410778-138416394	5616	False	0.5547	0	59.0	28.0	3.0				3.0		3.0	40.0	279.0	31.0		86.0			5.0	1.0	313.0	4.0	48.0	1.0	140.0			1.0		3.0	18.0		169.0	324.0	2.0		4.0		2.0	47.0			135.0	50.0				2.0			36.0										32.0	1.0			1.0	1.0
NC_072408.2	1::NC_072408.2:138412260-138420138	7878	False	0.5677	0	71.0	33.0	2.0	1.0		1.0	2.0	2.0	6.0	45.0	382.0	60.0		131.0		2.0	5.0	9.0	424.0	6.0	61.0	2.0	194.0	1.0		1.0		1.0	30.0		241.0	419.0	19.0	1.0	29.0	2.0	1.0	57.0	2.0	10.0	182.0	73.0	2.0			7.0		1.0	64.0			1.0					1.0	1.0	37.0	3.0	1.0			
NC_072408.2	2::NC_072408.2:139075474-139082209	6735	False	0.5892	1	8.0	7.0	5.0	91.0	4.0	38.0	4.0	1.0	1.0	50.0	3.0	24.0	4.0	4.0	39.0		1.0	4.0	2.0	1.0	24.0	1.0	8.0		294.0	202.0	3.0	6.0	524.0	1.0	1.0	7.0	2.0	2.0	24.0	12.0	439.0	1.0	1.0	218.0	5.0	5.0	86.0	2.0	2.0	16.0	1.0		1.0	2.0	1.0	3.0	2.0	1.0	10.0			14.0	27.0	1.0	5.0			
NC_072408.2	1::NC_072408.2:139075662-139085154	9492	False	0.5613	1	27.0	17.0	12.0	102.0	5.0	93.0	1.0	2.0		118.0	26.0	25.0	7.0	2.0	98.0	3.0	1.0	16.0	1.0	2.0	25.0	1.0	8.0		391.0	250.0	9.0	21.0	704.0			19.0	3.0	1.0	20.0	25.0	638.0	1.0		287.0	12.0	7.0	94.0	4.0		14.0	1.0				2.0	2.0	12.0		11.0		1.0	10.0	28.0	5.0				
NC_072408.2	3::NC_072408.2:139076459-139081637	5178	False	0.5995	1			5.0	65.0	2.0	26.0				35.0		20.0	2.0		19.0			5.0			13.0		5.0		232.0	157.0	4.0	1.0	428.0				1.0		21.0	15.0	345.0			198.0	2.0	4.0	77.0			10.0							1.0		9.0			8.0	14.0	1.0	1.0			
NC_072408.2	-1::NC_072408.2:139310516-139315679	5163	False	0.5135	0	1.0	17.0	3.0		2.0	2.0	351.0	1.0		2.0	3.0	1.0	44.0	3.0	1.0	1.0		6.0	4.0	2.0	16.0	1.0	4.0		6.0	7.0			5.0	3.0	5.0	6.0	2.0		4.0		5.0	7.0		1.0	6.0	10.0		11.0	342.0	13.0	40.0	16.0	1.0	10.0	1.0	370.0	1.0	342.0	1.0		1.0	20.0	2.0	1.0	1.0	16.0		
NC_072408.2	-3::NC_072408.2:140152872-140160333	7461	False	0.5001	0	2.0	4.0	2.0	2.0	1.0	3.0	4.0	5.0	5.0		3.0		8.0		3.0	7.0	3.0	2.0	2.0	1.0	3.0	1.0	2.0	6.0		1.0		6.0		1.0	3.0	2.0	1.0	7.0	1.0		2.0			3.0	2.0	1.0	2.0	19.0	2.0	32.0		1169.0		13.0		6.0	1.0	2.0	2.0	1.0		2.0	1.0	1.0		1131.0	1.0	3.0
NC_072408.2	2::NC_072408.2:140153026-140160335	7309	False	0.5042	0		4.0					2.0	2.0	1.0		3.0		4.0	7.0	2.0	2.0	2.0		1.0	1.0	1.0	4.0		1131.0	1.0	2.0	6.0	1.0			33.0	1.0		4.0		1.0	1.0	2.0	8.0	1.0			1.0	1.0		2.0	5.0		12.0		2.0	1179.0		2.0		2.0	1.0		1.0					
NC_072408.2	-2::NC_072408.2:140153236-140160325	7089	False	0.5094	0														6.0										1130.0							32.0							1.0									1.0		12.0		2.0	1179.0												
NC_072408.2	3::NC_072408.2:140153297-140160326	7029	False	0.5082	0																	1.0	1.0									29.0									1.0			1127.0								1171.0	1.0													12.0			
NC_072401.2	3::NC_072401.2:692171-697262	5091	False	0.4901	0	1.0	1.0	153.0	3.0		174.0				36.0	3.0	3.0	3.0	4.0	39.0		3.0	131.0	64.0		20.0	1.0	36.0		40.0	166.0	4.0	41.0	279.0	1.0		7.0	1.0	4.0	4.0	36.0	268.0			59.0	27.0	7.0	5.0		1.0	3.0				1.0			3.0		5.0	3.0		5.0	29.0	20.0	3.0			
NC_072401.2	1::NC_072401.2:695163-702972	7809	False	0.4884	0	4.0		229.0	9.0	1.0	258.0		1.0		61.0	2.0	4.0	3.0	4.0	60.0	2.0	6.0	200.0	92.0	1.0	28.0	2.0	53.0		56.0	253.0	3.0	61.0	443.0	2.0		15.0	4.0	8.0	5.0	60.0	407.0			81.0	42.0	12.0	4.0			9.0			1.0	1.0			2.0		4.0	10.0		3.0	46.0	50.0	1.0			
NC_072401.2	2::NC_072401.2:699640-705043	5403	False	0.4882	0	1.0		164.0	3.0	3.0	182.0		3.0		39.0	2.0	3.0	1.0		49.0		2.0	135.0	70.0		20.0	3.0	41.0		46.0	176.0		41.0	294.0	2.0	1.0	7.0	3.0	4.0		40.0	283.0		1.0	60.0	38.0	7.0				8.0						1.0	1.0		2.0	4.0		2.0	29.0	27.0	3.0			
NC_072401.2	3::NC_072401.2:701927-711383	9456	False	0.4885	0	2.0		277.0	6.0	5.0	322.0		3.0		79.0	2.0	5.0		1.0	72.0		5.0	244.0	119.0		47.0	3.0	68.0		65.0	318.0	2.0	78.0	494.0		3.0	17.0	2.0	8.0	7.0	78.0	493.0	1.0	1.0	89.0	59.0	27.0	2.0			23.0				1.0	1.0		4.0		2.0	10.0		16.0	39.0	51.0	1.0			
NC_072401.2	-1::NC_072401.2:1833093-1840572	7479	False	0.5232	2		2.0	4.0	1.0	11.0	3.0	231.0	19.0	9.0	1.0	1.0	1.0	70.0	121.0	9.0			2.0	1.0	1.0		1.0	3.0	4.0	3.0	5.0			1.0		1.0	5.0	5.0		2.0		199.0	3.0		2.0	1.0	2.0	181.0	251.0	117.0	181.0	219.0	100.0	3.0	6.0	5.0	207.0	1.0	44.0	6.0	5.0	7.0	286.0	3.0	7.0	3.0	16.0	121.0	
NC_072401.2	2::NC_072401.2:188189599-188195524	5925	False	0.5684	0	62.0		7.0	6.0	1.0	54.0		1.0	1.0	4.0	119.0	6.0	2.0	17.0	10.0		51.0	97.0	7.0	2.0	132.0	3.0	81.0	47.0	62.0	40.0	87.0		263.0	3.0	56.0	139.0	7.0	1.0	7.0	1.0	190.0	5.0		80.0	18.0	4.0	6.0	2.0	57.0	1.0	56.0	1.0	2.0	1.0			2.0	2.0	59.0	2.0	57.0	1.0	12.0	40.0	1.0			
NC_072401.2	3::NC_072401.2:188189693-188195423	5730	False	0.5695	0	60.0	2.0	8.0	8.0		52.0				9.0	115.0	6.0		12.0	6.0	1.0	46.0	98.0	2.0	2.0	137.0	2.0	65.0	53.0	62.0	29.0	82.0		258.0	3.0	57.0	132.0	3.0		7.0		186.0	3.0		79.0	21.0	4.0	6.0		54.0	2.0	56.0					2.0	2.0	1.0	58.0	1.0	57.0	3.0	15.0	40.0	3.0			
NC_072401.2	1::NC_072401.2:188190255-188195403	5148	False	0.5736	0	60.0		1.0	2.0		42.0			1.0	2.0	108.0	1.0		13.0		1.0	46.0	83.0	1.0		133.0		61.0	42.0	56.0	26.0	71.0		235.0		57.0	124.0	3.0		3.0		176.0	2.0		68.0	13.0		1.0		56.0	1.0	56.0	1.0	1.0			1.0	1.0		58.0		53.0	1.0	15.0	40.0				
NC_072401.2	-2::NC_072401.2:191661956-191669498	7542	False	0.4995	0	3.0	1.0	1.0	2.0	1.0	1.0	4.0	2.0		2.0	1.0		7.0	5.0					1.0		3.0	1.0	1.0	157.0		3.0				2.0	2.0	2.0					5.0	2.0		1.0	1.0	3.0	1.0	1.0		3.0		1056.0		4.0		156.0		4.0	3.0	1.0	3.0	8.0	3.0			1054.0	3.0	
NC_072401.2	-1::NC_072401.2:191662044-191668449	6405	False	0.4998	0	2.0						4.0	1.0		1.0	1.0		4.0	2.0				2.0	1.0	2.0	1.0	1.0	1.0	1033.0		1.0			1.0			2.0					2.0	2.0			1.0	1.0		3.0		4.0	1.0				1.0	1036.0		6.0	3.0		2.0	6.0	3.0	1.0	1.0		2.0	
NC_072401.2	2::NC_072401.2:191662045-191668450	6405	False	0.4996	0	1.0			1.0			5.0	1.0	4.0		1.0		3.0						1.0	1.0	1.0	1.0	1.0		1.0	1.0			1.0		1.0	3.0				1.0	4.0		1034.0		3.0	1.0	2.0	1.0	2.0	4.0	1035.0	2.0		1.0		2.0		2.0	3.0		2.0	7.0		1.0				
NC_072401.2	1::NC_072401.2:191662236-191669499	7263	False	0.5001	0																				1.0				1052.0															156.0					1.0			155.0	1.0				1054.0							1.0					
NC_072405.2	-3::NC_072405.2:8762241-8769768	7527	False	0.5688	1	1.0	3.0		3.0	23.0	1.0	13.0	1.0	2.0	1.0	5.0		1.0	7.0			2.0	1.0	2.0	1.0	3.0	3.0	2.0	1.0	4.0	5.0			14.0	1.0	9.0	10.0	2.0		6.0		199.0	4.0		1.0	4.0	6.0		448.0	17.0	338.0	20.0	10.0		128.0	8.0	142.0	2.0	19.0	215.0	4.0	11.0	638.0	158.0	4.0	3.0	2.0	1.0	
NC_072405.2	-2::NC_072405.2:8762275-8767957	5682	False	0.5685	1		2.0	1.0	1.0	17.0	2.0	13.0		3.0		2.0	3.0	2.0	13.0				6.0	2.0		3.0	1.0	3.0	2.0	3.0	4.0			7.0	2.0	2.0	5.0	1.0				170.0	4.0		4.0	6.0	3.0		340.0	9.0	264.0	14.0	8.0	1.0	100.0	3.0	128.0	1.0	8.0	144.0	2.0	8.0	467.0	104.0	1.0	1.0	3.0	1.0	
NC_072405.2	-1::NC_072405.2:8762675-8769755	7080	False	0.5624	0		2.0		1.0	15.0		17.0		2.0	1.0	1.0			2.0	1.0					1.0	1.0				1.0				11.0						2.0		195.0	1.0			1.0	2.0		417.0	13.0	359.0	13.0	5.0	1.0	143.0		135.0		20.0	186.0	2.0		653.0	152.0		1.0	3.0		
NC_072405.2	1::NC_072405.2:63210789-63216531	5742	False	0.3696	1	51.0	24.0	17.0	47.0	16.0	32.0	110.0	102.0	65.0	8.0	29.0	3.0	99.0	28.0	36.0	51.0	16.0	19.0	64.0	34.0	31.0	36.0	14.0	36.0	10.0	32.0	56.0	37.0	14.0		14.0	11.0	2.0	51.0	1.0	18.0	42.0	36.0	39.0	19.0	20.0	12.0	40.0	59.0	33.0	36.0	8.0	37.0		13.0	2.0	16.0	4.0	46.0	36.0	77.0	9.0	34.0	34.0	43.0	5.0			
NC_072405.2	-2::NC_072405.2:153983869-153993580	9711	False	0.6735	0	1.0	76.0					76.0		75.0	74.0	75.0	75.0		223.0		2.0		75.0	76.0		75.0	1.0	150.0	1.0	150.0	75.0		1.0	1.0	75.0	74.0	150.0	152.0				1.0	149.0			66.0	76.0	74.0	10.0	10.0	139.0	1.0	74.0	75.0	225.0	76.0	76.0	150.0				160.0		66.0	1.0			75.0	
NC_072405.2	-3::NC_072405.2:153983907-153993666	9759	False	0.6741	0	1.0	75.0					75.0		76.0	76.0	75.0	74.0		228.0				74.0	76.0		75.0		151.0		151.0	75.0			1.0	76.0	76.0	152.0	150.0					152.0			66.0	76.0	76.0	9.0	11.0	143.0		76.0	76.0	227.0	75.0	76.0	152.0				161.0		64.0				76.0	
NC_072405.2	-1::NC_072405.2:153983993-153993728	9735	False	0.674	0	1.0	75.0			1.0		76.0		75.0	76.0	76.0	76.0		227.0				75.0	75.0	1.0	74.0		152.0		149.0	76.0			2.0	75.0	75.0	150.0	150.0					151.0			65.0	75.0	76.0	9.0	9.0	142.0		76.0	75.0	227.0	75.0	75.0	150.0				162.0		66.0				75.0	
NC_072405.2	1::NC_072405.2:155333331-155339433	6102	False	0.6404	1	7.0	30.0	19.0	1.0	3.0	1.0				16.0	275.0	2.0	2.0	130.0	1.0	1.0		84.0	3.0	2.0	174.0	42.0	2.0	39.0	12.0	1.0	1.0	15.0	1.0	1.0	96.0	336.0	11.0		8.0	4.0	3.0	112.0	1.0	18.0	114.0	94.0		2.0	4.0	3.0	116.0	7.0	5.0	93.0	2.0	3.0	4.0	3.0	3.0	1.0	120.0	1.0	1.0	4.0				
NC_072417.2	-1::NC_072417.2:0-9136	9136	False	0.5008	0				5.0																					1521.0	1.0																	4.0																					1514.0
NC_072417.2	-2::NC_072417.2:0-9285	9285	False	0.5008	0	1.0			5.0			1.0						3.0		2.0				2.0		6.0				1535.0	2.0																	15.0										1.0							1.0			2.0	1519.0
NC_072417.2	2::NC_072417.2:1-9262	9261	False	0.5011	0				1.0																	1522.0				4.0	9.0										8.0	1.0			13.0			1527.0												2.0									
NC_072417.2	3::NC_072417.2:2-9137	9135	False	0.5008	0				3.0									1.0												4.0	4.0										1514.0				1519.0																								
NC_072417.2	-3::NC_072417.2:10710983-10716503	5520	False	0.413	2	6.0	3.0	5.0	3.0	6.0	4.0	207.0	2.0	1.0	3.0	5.0	1.0	147.0	6.0	1.0	4.0	6.0	6.0	4.0	4.0	7.0	3.0	5.0	6.0	6.0	5.0			2.0		1.0	5.0	3.0	1.0	5.0		11.0	8.0		2.0	5.0	4.0	3.0	421.0	15.0	8.0	6.0	6.0		1.0	2.0	15.0	2.0	202.0	7.0	1.0	4.0	630.0	6.0	1.0	1.0	1.0	4.0	1.0
NC_072417.2	-1::NC_072417.2:10711102-10716286	5184	False	0.4059	0	1.0			2.0	5.0	3.0	208.0	1.0	2.0	1.0	2.0	2.0	135.0	2.0		1.0	1.0	5.0	4.0	4.0	3.0	3.0	4.0	1.0		3.0		1.0	3.0	1.0		3.0	4.0	2.0	1.0			2.0		5.0	2.0	2.0	4.0	412.0	9.0	5.0	6.0	1.0	4.0			8.0		227.0	4.0		1.0	613.0	5.0	1.0		2.0	6.0	1.0
NC_072417.2	3::NC_072417.2:10711148-10716194	5046	False	0.4033	0	1.0		3.0		1.0	2.0	204.0		1.0		1.0	1.0	139.0	2.0		2.0	2.0	4.0		2.0	4.0	1.0	1.0	3.0	1.0	1.0					1.0	3.0	2.0		1.0		7.0	3.0			2.0	1.0	1.0	415.0	11.0	5.0	1.0			1.0	2.0	14.0	2.0	199.0	3.0		1.0	628.0	2.0		1.0			
NC_072417.2	1::NC_072417.2:10829421-10836498	7077	False	0.6538	1	139.0		51.0	5.0	3.0	49.0	1.0	2.0	2.0	38.0	8.0	4.0	2.0	2.0	1.0	1.0	1.0	149.0	7.0		99.0		202.0		361.0	215.0	71.0		283.0		7.0	22.0		2.0	1.0	31.0	179.0	4.0	1.0	96.0	21.0	75.0	4.0			55.0	4.0	6.0		75.0		62.0		3.0	3.0		3.0	3.0	4.0	1.0	1.0			
NC_072417.2	2::NC_072417.2:10829512-10836553	7041	False	0.6529	1	105.0		47.0	7.0	1.0	89.0	1.0	2.0	1.0	33.0	6.0		1.0		3.0	2.0	2.0	150.0	4.0	3.0	75.0		149.0	3.0	350.0	250.0	107.0		288.0	2.0	15.0	33.0	2.0	1.0	3.0	61.0	108.0	3.0		114.0	16.0	96.0	3.0		1.0	82.0	1.0	8.0		57.0		50.0	1.0	3.0	3.0		1.0	3.0	1.0					
NC_072417.2	-2::NC_072417.2:11552352-11559684	7332	False	0.6875	1	1.0			1.0	3.0	5.0	30.0	1.0			128.0	50.0	2.0	200.0	1.0				2.0	1.0	74.0		1.0		48.0	17.0			23.0		1.0	77.0	73.0		96.0			2.0		74.0	85.0	116.0		211.0	141.0	3.0	207.0	4.0	14.0		46.0	95.0	121.0	28.0	168.0	1.0	4.0	147.0	1.0	5.0	70.0		65.0	1.0
NC_072417.2	-1::NC_072417.2:11552383-11559649	7266	False	0.6883	1		1.0	3.0		1.0		28.0			1.0	128.0	52.0	1.0	201.0			1.0		1.0	1.0	76.0		1.0		49.0	17.0			16.0		2.0	73.0	73.0	1.0	96.0			1.0		71.0	78.0	118.0		212.0	141.0	2.0	205.0		13.0	3.0	39.0	95.0	119.0	32.0	182.0		2.0	144.0	2.0	3.0	66.0		71.0	
NC_072417.2	2::NC_072417.2:95717287-95724682	7395	False	0.5467	1				43.0				2.0	140.0	1.0	3.0	2.0	3.0	1.0		145.0	225.0	248.0	4.0	2.0	177.0		195.0	232.0	328.0	48.0	192.0		2.0	14.0	1.0	1.0	1.0	4.0	2.0	2.0					1.0	1.0				168.0	8.0	108.0		1.0	4.0	71.0		71.0		5.0	1.0	4.0		1.0	3.0			
NC_072417.2	1::NC_072417.2:95719185-95724792	5607	False	0.5506	2	2.0	1.0	1.0	52.0	2.0		2.0		102.0		1.0		3.0	1.0		102.0	186.0	178.0	6.0	3.0	138.0	1.0	152.0	164.0	240.0	30.0	132.0			5.0	3.0	7.0	1.0	4.0	4.0		1.0	2.0			1.0	1.0		3.0	1.0	125.0	14.0	73.0		1.0	5.0	74.0		32.0		5.0	1.0	5.0		2.0				
NC_072402.2	-3::NC_072402.2:49-11809	11760	False	0.4998	0													1.0							1.0	162.0				1795.0										1.0					1.0			163.0																					1796.0
NC_072402.2	3::NC_072402.2:50-11810	11760	False	0.4999	0	1.0												1.0								1794.0				2.0								1.0			162.0			1.0	162.0			1796.0																					
NC_072402.2	-2::NC_072402.2:866-11639	10773	False	0.4999	0	1.0												1.0								1794.0																			1.0			1794.0																					
NC_072402.2	1::NC_072402.2:867-11640	10773	False	0.5	0													1.0												1.0											1795.0				1794.0																								
NC_072402.2	-3::NC_072402.2:2544136-2551237	7101	False	0.6453	1	1.0	5.0			2.0		5.0	1.0			324.0		2.0	467.0	1.0			2.0			2.0	4.0		1.0	1.0				1.0			2.0	1.0	4.0			1.0	1.0			3.0			324.0	181.0	2.0	380.0	161.0	2.0	1.0		150.0	1.0	1.0		21.0	155.0	126.0	1.0	23.0		2.0	4.0	1.0
NC_072402.2	-1::NC_072402.2:2544201-2551242	7041	False	0.6479	1		2.0				1.0	1.0				348.0			473.0		1.0		1.0	2.0			1.0		1.0	1.0			1.0				1.0	3.0				3.0				2.0	1.0	2.0	274.0	170.0		440.0	122.0	1.0	1.0		132.0			1.0	21.0	150.0	175.0	1.0	8.0		3.0	2.0	1.0
NC_072402.2	-2::NC_072402.2:2544206-2551310	7104	False	0.6474	1		3.0	1.0		1.0		1.0	2.0	4.0	1.0	354.0		1.0	483.0	1.0	1.0	1.0	3.0			2.0		3.0	1.0					1.0		1.0	1.0	2.0		1.0		1.0	2.0		1.0	2.0		1.0	300.0	147.0	2.0	420.0	117.0	4.0		1.0	177.0		1.0	1.0	9.0	137.0	149.0	1.0	20.0		5.0	1.0	
NC_072402.2	-1::NC_072402.2:178653648-178662882	9234	False	0.6716	1	183.0		1.0	3.0	5.0	39.0	1.0	5.0		2.0	3.0	88.0	13.0	89.0	2.0	2.0	1.0	2.0	1.0	2.0	1.0	3.0	3.0	2.0	4.0	3.0			51.0			178.0	1.0	2.0	89.0			1.0		84.0	3.0	5.0	4.0	289.0	382.0	6.0	330.0	94.0	1.0	6.0	49.0	204.0	55.0	4.0	262.0	1.0	210.0	88.0	85.0	37.0	1.0	1.0	92.0	5.0
NC_072402.2	-3::NC_072402.2:178653748-178662853	9105	False	0.6734	1	175.0	2.0	4.0		4.0	35.0	3.0	4.0	2.0		2.0	88.0	10.0	92.0	1.0	4.0		1.0	1.0		1.0	4.0	1.0		4.0	4.0			49.0		1.0	182.0		1.0	80.0		1.0	3.0		88.0	2.0	2.0	1.0	294.0	381.0	2.0	318.0	90.0	1.0	1.0	55.0	202.0	53.0	3.0	263.0		215.0	89.0	92.0	36.0			86.0	2.0
NC_072402.2	-2::NC_072402.2:178653926-178662845	8919	False	0.6764	1	174.0					36.0		2.0	2.0	1.0	1.0	80.0	8.0	91.0	3.0	2.0	2.0				3.0			1.0					54.0	1.0		173.0			88.0		1.0	1.0		88.0	4.0		1.0	290.0	383.0		320.0	82.0	1.0		52.0	214.0	46.0		258.0	1.0	215.0	78.0	90.0	35.0	1.0		89.0	1.0
NC_072420.2	-2::NC_072420.2:759-10962	10203	False	0.5017	0													1.0			5.0					1682.0				1.0							14.0								16.0			1668.0												12.0									2.0
NC_072420.2	2::NC_072420.2:760-10879	10119	False	0.5004	0													1.0			4.0	1.0			1.0	2.0				1.0							12.0				1669.0				1680.0			2.0																					
NC_072420.2	-3::NC_072420.2:764-10871	10107	False	0.5004	0																5.0		1.0							1680.0															2.0																							12.0	1669.0
NC_072420.2	1::NC_072420.2:765-10872	10107	False	0.5005	0													1.0			5.0					1682.0				1.0																		1668.0												12.0									
NC_072420.2	2::NC_072420.2:45046516-45052912	6396	False	0.611	1	106.0		50.0	5.0	30.0	28.0	4.0	1.0	10.0	2.0		5.0	2.0				2.0	97.0	39.0		54.0		183.0		175.0	170.0	101.0	17.0	309.0	2.0	10.0	5.0		1.0	6.0	11.0	189.0	2.0	1.0	92.0	3.0	35.0	10.0	3.0	40.0	85.0	52.0			3.0	17.0	30.0	10.0	4.0	80.0	3.0	3.0	40.0	2.0	1.0	2.0			
NC_072420.2	3::NC_072420.2:45071516-45077276	5760	False	0.6132	1	107.0		33.0	2.0	25.0	25.0	1.0	2.0	9.0	4.0	1.0	7.0	1.0	1.0			1.0	90.0	34.0		49.0		177.0		167.0	143.0	92.0	16.0	273.0	1.0	12.0	5.0			6.0	13.0	169.0	4.0		70.0	1.0	34.0	5.0	5.0	37.0	80.0	47.0	1.0			12.0	27.0	4.0	1.0	70.0	4.0	1.0	37.0	7.0	5.0	2.0			
NC_072409.2	1::NC_072409.2:660-9564	8904	False	0.5043	0										1.0											62.0		36.0		2.0											1385.0				1420.0			62.0																					
NC_072409.2	-2::NC_072409.2:665-9563	8898	False	0.5042	0																					1421.0				62.0				36.0											1.0			1384.0																					62.0
NC_072409.2	-3::NC_072409.2:1036-9199	8163	False	0.5001	0																									1360.0															1.0																								1360.0
NC_072409.2	3::NC_072409.2:1037-11111	10074	False	0.5071	0																					1428.0		33.0		1.0				36.0							217.0	1.0			252.0			1390.0																					
NC_072409.2	3::NC_072409.2:846800-852263	5463	False	0.5246	1	1.0		1.0		5.0	4.0	2.0	1.0	2.0		5.0		2.0	1.0		5.0	199.0	172.0	162.0	80.0	234.0	3.0	196.0	1.0	6.0		70.0		122.0	8.0	17.0	20.0		121.0			1.0	40.0	3.0	41.0	20.0	3.0		3.0	41.0	36.0	40.0	2.0		7.0	7.0	84.0		2.0	1.0	38.0	6.0	2.0	1.0	2.0	1.0			
NC_072409.2	2::NC_072409.2:846922-852127	5205	False	0.522	0						2.0				1.0				1.0		3.0	198.0	194.0	77.0	160.0	196.0		208.0		1.0		153.0		40.0	5.0	1.0	17.0	15.0	40.0			1.0	18.0		38.0	40.0				37.0	85.0	9.0	1.0			37.0	34.0				121.0			1.0	1.0				
NC_072409.2	2::NC_072409.2:1085392-1092139	6747	False	0.561	0	4.0		2.0		1.0	2.0			1.0	5.0	1.0	1.0				47.0	319.0	555.0	44.0	306.0	559.0		302.0		68.0	2.0				2.0	3.0	3.0						3.0	2.0	3.0	2.0	1.0	2.0			3.0	1.0			1.0		1.0		1.0	1.0		1.0							
NC_072409.2	3::NC_072409.2:1085441-1092263	6822	False	0.562	1	5.0	1.0	1.0		1.0	2.0	3.0			2.0	2.0	2.0		2.0		43.0	307.0	570.0	56.0	314.0	555.0		292.0	1.0	71.0	2.0	1.0		1.0	1.0		7.0		1.0	3.0		1.0	6.0	4.0	1.0	2.0	1.0		1.0	1.0	1.0		1.0		3.0		1.0			1.0		2.0	2.0						
NC_072409.2	1::NC_072409.2:1085445-1092369	6924	False	0.5634	1	2.0		2.0			2.0			1.0	4.0	5.0	2.0		5.0		54.0	301.0	551.0	47.0	318.0	559.0		298.0		85.0	4.0	2.0		2.0	1.0		7.0	2.0			2.0	2.0	6.0	4.0		2.0	2.0	1.0	1.0	1.0	4.0	1.0	2.0	1.0	2.0	1.0	7.0	1.0	2.0	3.0	1.0	5.0		2.0	1.0				
NC_072409.2	-1::NC_072409.2:2599482-2608842	9360	False	0.5052	1	3.0	96.0	1.0	3.0	3.0	7.0	141.0	21.0	68.0	8.0	263.0	1.0	121.0	428.0	4.0	7.0	1.0	2.0	65.0	4.0	1.0	4.0	3.0	3.0	1.0			9.0			56.0	122.0	156.0		1.0		14.0	8.0		3.0	47.0	1.0	71.0	3.0	39.0	15.0	141.0	69.0	53.0	9.0	47.0	28.0	67.0	98.0	94.0	148.0	113.0	76.0	5.0	72.0	6.0	158.0	127.0	5.0
NC_072409.2	-3::NC_072409.2:2599762-2608933	9171	False	0.505	1	2.0	72.0	5.0		4.0	5.0	103.0	15.0	48.0	10.0	341.0	1.0	69.0	353.0	5.0	10.0		1.0	58.0	3.0	1.0	8.0	4.0	7.0	1.0	2.0		4.0	2.0	1.0	112.0	69.0	91.0	1.0	1.0		16.0	3.0		5.0	105.0	2.0	42.0	3.0	92.0	14.0	84.0	140.0	45.0	11.0	24.0	50.0	151.0	138.0	58.0	76.0	76.0	161.0	4.0	171.0	2.0	79.0	93.0	3.0
NC_072409.2	-1::NC_072409.2:58394946-58400460	5514	False	0.4612	0	6.0	22.0	2.0	10.0	7.0	3.0	139.0	150.0	120.0	3.0	22.0		32.0	131.0	11.0	1.0	2.0			1.0		24.0	1.0	11.0		2.0		3.0		4.0	2.0	8.0	1.0	28.0	1.0		6.0			1.0	19.0		11.0	148.0	248.0	8.0	14.0	10.0	2.0	3.0	3.0	36.0	8.0	29.0	9.0	22.0	224.0	43.0	26.0	142.0	5.0	28.0	32.0	14.0
NC_072409.2	-2::NC_072409.2:115590536-115596710	6174	False	0.4885	0	51.0	223.0			1.0	1.0	1.0	25.0	101.0	60.0	30.0		13.0	210.0	4.0	1.0		151.0	1.0		17.0	1.0	64.0					1.0	13.0			82.0	11.0		130.0		1.0	7.0		164.0	134.0		1.0	24.0	3.0	1.0	2.0				3.0	1.0		66.0	1.0	1.0		151.0		2.0		2.0	150.0	152.0
NC_072409.2	-1::NC_072409.2:115590591-115596930	6339	False	0.4871	0	2.0	71.0	2.0	1.0	3.0	2.0	5.0	6.0	22.0	164.0	219.0	1.0	152.0	72.0	26.0	2.0		63.0	1.0	1.0	300.0		10.0	1.0	2.0	2.0		3.0	3.0			68.0	130.0	3.0	15.0			2.0		73.0	13.0			298.0	2.0	2.0	1.0	5.0				8.0		13.0	1.0	2.0	2.0	68.0	136.0	2.0	1.0	2.0	65.0	65.0
NC_072409.2	-3::NC_072409.2:115590640-115596745	6105	False	0.4883	0	17.0	210.0			1.0		27.0	6.0	297.0	82.0	123.0		62.0	163.0	2.0		1.0	6.0	1.0		126.0	1.0	151.0					1.0	133.0			149.0	14.0	1.0	11.0		4.0	1.0		141.0	5.0		1.0	101.0			1.0				1.0		3.0	150.0				11.0	9.0				11.0	11.0
NC_072404.2	-1::NC_072404.2:5942956-5951236	8280	False	0.4077	0	7.0	20.0	103.0		136.0	4.0	2.0	12.0	248.0	182.0	132.0			120.0	2.0	1.0	6.0		2.0	6.0		2.0		44.0		6.0		214.0	1.0	2.0	5.0		5.0	255.0				2.0			1.0		1.0	1.0	236.0	3.0	2.0	131.0	1.0	2.0	3.0	117.0		6.0	71.0	271.0	118.0	5.0	127.0	20.0	3.0	115.0	6.0	1.0
NC_072404.2	-2::NC_072404.2:6405120-6412713	7593	False	0.6536	1	1.0	2.0	110.0			3.0	4.0	2.0		1.0	110.0		2.0	128.0				3.0	129.0			1.0	1.0		3.0	1.0		1.0			1.0	124.0	1.0					1.0		1.0	2.0	2.0		157.0	293.0	4.0	643.0	2.0		4.0	32.0	183.0	37.0		37.0	195.0	92.0	2.0	1.0	90.0		1.0	124.0	
NC_072404.2	-3::NC_072404.2:6405143-6413150	8007	False	0.6508	1		3.0	130.0	3.0	4.0	3.0	5.0	1.0	1.0		131.0	1.0	1.0	126.0	1.0	2.0	4.0	4.0	129.0	4.0	4.0	7.0	4.0	2.0	6.0	6.0		2.0	2.0		2.0	120.0		1.0	2.0		2.0	6.0		3.0	3.0	4.0		188.0	286.0	10.0	662.0	2.0		6.0	39.0	181.0	33.0	2.0	40.0	197.0	78.0	2.0	8.0	92.0		1.0	113.0	
NC_072404.2	-1::NC_072404.2:6405196-6412963	7767	False	0.6497	1	1.0	1.0	126.0	2.0		2.0		7.0		1.0	125.0	1.0		112.0	2.0	2.0	1.0	1.0	113.0	5.0	4.0	2.0	1.0	2.0	1.0	1.0		2.0			2.0	132.0		2.0			1.0	4.0		1.0	3.0	1.0	2.0	181.0	293.0	1.0	658.0	6.0	1.0	5.0	37.0	160.0	37.0		31.0	212.0	88.0	3.0	6.0	76.0			131.0	
NC_072404.2	2::NC_072404.2:6937054-6946003	8949	False	0.6392	1	57.0	1.0	1.0	3.0	141.0	55.0	101.0	2.0	22.0	44.0		136.0	103.0	20.0	43.0	4.0	2.0	9.0	5.0	1.0	3.0		3.0	1.0	11.0	97.0	6.0	1.0	150.0		7.0	50.0	6.0	1.0	2.0		80.0	7.0		2.0	61.0	91.0	3.0	102.0	101.0	160.0	103.0		132.0	89.0	87.0	100.0	184.0	103.0	97.0		2.0	99.0	190.0	5.0	97.0			
NC_072404.2	1::NC_072404.2:123388569-123394893	6324	False	0.2127	0	1.0	210.0				1.0		1.0	1.0		443.0		2.0	220.0	379.0				1.0	2.0		1.0					1.0	602.0			1.0			1.0					1.0	1.0						1.0								1.0				1.0		236.0				
NC_072404.2	-2::NC_072404.2:123388587-123394890	6303	False	0.2128	0	1.0	209.0				1.0			1.0		443.0		1.0	220.0	379.0					2.0		1.0						602.0			1.0			1.0						1.0						1.0								1.0						236.0				
NC_072404.2	2::NC_072404.2:123388591-123394900	6309	False	0.2129	0		221.0						1.0	1.0	1.0	456.0			221.0	394.0	2.0	1.0									1.0	1.0	588.0			2.0			1.0		1.0																1.0	1.0					1.0		208.0				
NC_072404.2	3::NC_072404.2:123388598-123394964	6366	False	0.2139	0	2.0	225.0		1.0		1.0	1.0		1.0	1.0	430.0			233.0	379.0	4.0	2.0	1.0	1.0					2.0		1.0	2.0	614.0			1.0		1.0	1.0			1.0		2.0					1.0				1.0								1.0		1.0	1.0	210.0				
NC_072404.2	-1::NC_072404.2:123388621-123394960	6339	False	0.2134	0		220.0			1.0			1.0	3.0	1.0	458.0			221.0	393.0	4.0	1.0			3.0		1.0			1.0			588.0			1.0			1.0									1.0										1.0		1.0			2.0		208.0		2.0		
NC_072404.2	-3::NC_072404.2:123388628-123394925	6297	False	0.2123	0		225.0							1.0		430.0			233.0	379.0	3.0			1.0					1.0				613.0					1.0	1.0			1.0																					1.0		209.0				
NC_072404.2	-3::NC_072404.2:166412681-166418609	5928	False	0.6083	1		76.0		2.0	91.0	23.0	100.0		21.0	1.0	82.0		1.0	94.0	29.0	1.0	2.0	2.0		1.0	3.0		2.0		2.0	1.0		1.0				4.0			1.0		1.0	3.0			4.0	2.0	1.0	184.0	210.0	23.0	174.0	73.0	57.0	30.0	63.0	241.0		107.0		4.0	13.0	85.0	56.0	1.0	1.0	99.0	3.0	1.0
NC_072404.2	-2::NC_072404.2:166412724-166418679	5955	False	0.6069	1	2.0	85.0	1.0	1.0	85.0	22.0	106.0	1.0	17.0		79.0		3.0	91.0	23.0	2.0		2.0		1.0	2.0	1.0		2.0	1.0	2.0			2.0			5.0	2.0	2.0			2.0	3.0				3.0		192.0	211.0	34.0	178.0	76.0	59.0	25.0	56.0	228.0	2.0	100.0	2.0	1.0	17.0	84.0	60.0	3.0	1.0	105.0	2.0	1.0
NC_072404.2	-1::NC_072404.2:166412758-166418659	5901	False	0.6087	1	1.0	77.0			89.0	29.0	106.0		17.0		76.0		2.0	95.0	22.0					1.0	3.0	2.0	2.0			1.0		1.0	2.0	1.0	1.0	2.0					1.0			2.0	4.0	2.0		190.0	200.0	32.0	175.0	76.0	62.0	26.0	59.0	241.0		108.0		1.0	15.0	84.0	46.0	2.0	1.0	105.0	4.0	1.0
NC_072404.2	2::NC_072404.2:172715209-172720366	5157	False	0.4472	0		1.0	34.0		1.0	110.0	1.0	1.0		89.0	1.0	2.0	6.0		117.0		1.0	1.0	1.0	1.0		1.0	2.0		6.0	91.0	47.0	38.0	527.0		1.0				1.0	1.0	528.0	1.0		77.0	2.0	4.0	2.0	3.0	1.0	4.0		1.0			1.0		2.0		5.0			4.0	2.0					
NC_072404.2	1::NC_072404.2:172758165-172763976	5811	False	0.533	0	2.0	8.0	109.0	1.0	51.0	2.0	2.0	1.0	37.0	145.0	1.0		2.0	1.0	133.0	2.0	1.0	3.0		145.0		1.0	146.0			134.0	10.0				28.0	148.0	1.0	1.0	4.0	4.0	2.0			156.0	132.0	140.0	4.0	1.0		1.0		49.0	2.0	75.0			1.0		1.0	97.0	2.0	147.0	2.0	2.0				
NC_072404.2	2::NC_072404.2:172758763-172763959	5196	False	0.5348	0	10.0	31.0	84.0	11.0		118.0	1.0	1.0	1.0	131.0		2.0			1.0	2.0		1.0	121.0		11.0	66.0			128.0	110.0	133.0	1.0	2.0		47.0		4.0		21.0	1.0	3.0		65.0	121.0	2.0	8.0		131.0	1.0	1.0			8.0			1.0		1.0			132.0		219.0					
NC_072404.2	1::NC_072404.2:173440323-173450298	9975	False	0.5957	1	13.0	29.0	1.0	1.0	138.0	38.0		1.0	1.0	56.0		23.0		1.0	23.0	3.0	7.0	148.0	22.0	8.0	298.0	2.0	299.0		187.0	5.0	137.0		694.0	32.0	18.0		34.0				693.0	5.0		1.0	3.0	126.0	2.0			148.0		21.0		3.0	22.0	8.0	35.0	1.0	3.0	1.0	3.0	3.0	28.0					
NC_072404.2	3::NC_072404.2:173643833-173649005	5172	False	0.4385	0	1.0		1.0	1.0	2.0	1.0	2.0	106.0	1.0			1.0		5.0	6.0	1.0	108.0	1.0		1.0		1.0	1.0	1.0		1.0	2.0	2.0				1.0		108.0			4.0		2.0			2.0	110.0	107.0	1.0	2.0	105.0	1.0	2.0		2.0		183.0	80.0	131.0	300.0	108.0	108.0	1.0	120.0				
NC_072404.2	-3::NC_072404.2:173643869-173648969	5100	False	0.439	0						1.0	1.0	106.0				1.0		5.0	4.0	1.0	108.0	1.0				1.0						1.0				1.0		108.0			4.0						110.0	107.0	1.0	2.0	105.0		2.0		2.0		183.0	78.0	131.0	300.0	108.0	108.0		120.0				
NC_072404.2	-2::NC_072404.2:174643569-174648825	5256	False	0.5076	0																						1.0		850.0																							32.0	25.0			8.0	810.0		1.0			1.0					24.0		
NC_072404.2	2::NC_072404.2:174643570-174648826	5256	False	0.5074	0									1.0								8.0					31.0		25.0															811.0								850.0	1.0				24.0					1.0							
NC_072404.2	-3::NC_072404.2:174643676-174648785	5109	False	0.5079	0																						1.0								8.0																	2.0	850.0									31.0					810.0		1.0
NC_072404.2	1::NC_072404.2:174643677-174648786	5109	False	0.5077	0																								850.0																							31.0	2.0			8.0	810.0		1.0			1.0							
NC_086016.1	1::NC_086016.1:372-6114	5742	False	0.5085	0																					416.0				1.0				47.0							541.0				541.0			368.0																					
NC_072412.2	-3::NC_072412.2:459-10710	10251	False	0.5	0																					1687.0				21.0															1.0			1687.0																					21.0
NC_072412.2	2::NC_072412.2:460-10711	10251	False	0.5001	0																					21.0				1.0											1687.0				1687.0			21.0																					
NC_072412.2	-1::NC_072412.2:488-10613	10125	False	0.5	0																									1687.0															1.0																								1687.0
NC_072412.2	1::NC_072412.2:489-10614	10125	False	0.5001	0																					1687.0				1.0																		1687.0																					
NC_072412.2	1::NC_072412.2:118739049-118745313	6264	False	0.5702	2	56.0		3.0	3.0	6.0	7.0	2.0	1.0	2.0	2.0	2.0	5.0	5.0	3.0		3.0	4.0	7.0	3.0	3.0	117.0	2.0	189.0		15.0	9.0	214.0		374.0	3.0	52.0	4.0	1.0		2.0	3.0	261.0	4.0	2.0	126.0	3.0	6.0		52.0	66.0	114.0	8.0	57.0	4.0	6.0	7.0	123.0	4.0	4.0	67.0	4.0	2.0	58.0	6.0	2.0				
NC_072412.2	3::NC_072412.2:118739399-118745348	5949	False	0.5648	1	63.0		3.0	4.0	1.0		3.0		1.0	3.0	1.0				1.0	1.0	1.0	2.0	2.0	4.0	125.0		166.0		8.0	11.0	230.0	1.0	368.0		48.0	2.0	1.0	1.0	2.0		247.0	1.0		119.0		4.0	2.0	52.0	67.0	126.0	2.0	50.0	3.0	4.0	2.0	122.0		2.0	67.0	1.0		53.0	3.0	3.0				
NC_072412.2	2::NC_072412.2:118739488-118745296	5808	False	0.5635	0	51.0		1.0	1.0	1.0	3.0	1.0								4.0		2.0	1.0			117.0		173.0		6.0	7.0	237.0		360.0		57.0			1.0			250.0	2.0		132.0	2.0	1.0		54.0	68.0	117.0	3.0	48.0			1.0	114.0	1.0	3.0	65.0	2.0		49.0	1.0					
NC_072412.2	2::NC_072412.2:119636650-119642089	5439	False	0.5812	2	78.0			5.0	23.0		13.0		1.0			1.0		1.0			1.0	1.0	3.0		2.0		126.0		4.0	2.0	5.0		170.0		1.0	4.0	1.0	1.0			296.0	75.0	1.0	1.0		1.0	1.0	121.0	33.0	126.0	41.0		1.0	141.0	3.0	134.0	18.0	170.0	16.0			78.0	110.0	2.0	1.0			
NC_072412.2	3::NC_072412.2:119636672-119642135	5463	False	0.581	2	3.0			124.0	7.0		1.0		2.0	1.0	2.0	12.0		1.0			1.0		2.0	1.0			156.0		3.0	1.0	125.0		125.0	2.0	2.0	4.0			2.0		180.0	5.0			3.0	5.0		41.0	33.0	165.0	82.0			63.0	6.0	230.0	4.0	19.0	70.0		1.0	180.0	157.0					
NC_072412.2	1::NC_072412.2:119637486-119642490	5004	False	0.5777	1	66.0	1.0		130.0	21.0	2.0	5.0		1.0		26.0		1.0	22.0				5.0	7.0	1.0	4.0		7.0	1.0		7.0	122.0	3.0	250.0		6.0	9.0	2.0		1.0	1.0	118.0	55.0		3.0	7.0	2.0		91.0	14.0	10.0	119.0	1.0	3.0	143.0	4.0	53.0	3.0	118.0	89.0	1.0		108.0	24.0	1.0				
NC_072412.2	2::NC_072412.2:119753398-119759869	6471	False	0.601	0	1.0	7.0	1.0	2.0	8.0	46.0	5.0	1.0	35.0	8.0	251.0	1.0	4.0	16.0	1.0	49.0	1.0				4.0	1.0	5.0	3.0	1.0			3.0	237.0	1.0	1.0	3.0	9.0		1.0	1.0	4.0	2.0		1.0	6.0	4.0	6.0	9.0	134.0	7.0	289.0	556.0	3.0	73.0	5.0	4.0	6.0	2.0	11.0	8.0	5.0	301.0	3.0	3.0	8.0			
NC_072412.2	-2::NC_072412.2:119753437-119759875	6438	False	0.6019	0	1.0	7.0	1.0	1.0	8.0	46.0	5.0	1.0	35.0	8.0	251.0	1.0	4.0	16.0	1.0	49.0	1.0				4.0	1.0	5.0	2.0	1.0			2.0	237.0	1.0	1.0	2.0	9.0		1.0		2.0	2.0		1.0	5.0	5.0	6.0	9.0	133.0	7.0	289.0	556.0	3.0	73.0	5.0	4.0	6.0	2.0	10.0	8.0	3.0	301.0	3.0	2.0	8.0		1.0	
NC_072412.2	3::NC_072412.2:119753537-119759639	6102	False	0.6011	0	1.0	256.0					8.0		1.0	1.0				573.0	3.0					1.0		2.0		5.0						1.0	10.0						20.0	3.0	48.0			7.0	2.0	139.0	1.0	2.0		295.0	54.0	3.0		4.0	230.0	6.0	281.0	8.0			18.0	51.0				
NC_072412.2	-3::NC_072412.2:119753541-119759883	6342	False	0.6022	0	1.0	3.0		1.0	5.0	1.0			2.0	1.0	10.0		7.0	246.0	7.0			2.0	1.0	1.0	1.0	7.0	1.0	48.0	2.0	4.0		1.0	5.0	9.0		5.0			6.0		279.0			1.0			1.0	1.0	4.0	39.0	10.0	13.0	2.0	7.0	281.0	140.0	5.0	1.0	1.0	1.0	616.0	13.0	2.0	1.0	6.0	304.0	7.0	2.0
NC_072412.2	2::NC_072412.2:120142888-120148300	5412	False	0.5004	0										1.0						2.0	3.0					2.0		1.0				1.0											891.0								894.0	5.0		1.0		1.0					2.0							
NC_072412.2	-1::NC_072412.2:120142961-120148814	5853	False	0.5001	0																								88.0																							1.0	887.0				86.0	1.0									888.0		
NC_072412.2	1::NC_072412.2:120142962-120148815	5853	False	0.4999	0																1.0								887.0															87.0								86.0	1.0			1.0	888.0												
NC_072412.2	-3::NC_072412.2:120142968-120148299	5331	False	0.5001	0																1.0								887.0																											1.0	888.0												
NC_072398.2	-3::NC_072398.2:169-10204	10035	False	0.5	0	1.0									1.0			1.0		1.0						1661.0				11.0																		1660.0																					9.0
NC_072398.2	3::NC_072398.2:170-10628	10458	False	0.5027	0										1.0			2.0								42.0		2.0		3.0		1.0		1.0			14.0				1682.0	1.0			1697.0			29.0												11.0									
NC_072398.2	-1::NC_072398.2:246-10218	9972	False	0.5004	0																					1.0		1.0		1660.0				1.0											2.0																								1659.0
NC_072398.2	2::NC_072398.2:247-10237	9990	False	0.5007	0																					1662.0		1.0		3.0		1.0		2.0											1.0			1660.0																					
NC_072398.2	-2::NC_072398.2:41810-48989	7179	False	0.3932	0	12.0	5.0	83.0		72.0	17.0	4.0	6.0	235.0	134.0	107.0			109.0		2.0	1.0	2.0		1.0		1.0		17.0				204.0		2.0			2.0	223.0				1.0			1.0		1.0	1.0	169.0	1.0	1.0	127.0	2.0	1.0		138.0		1.0	41.0	249.0	87.0	54.0	109.0	33.0		110.0	22.0	5.0
NC_072398.2	2::NC_072398.2:96839494-96846559	7065	False	0.4941	1	84.0	4.0	2.0	135.0	38.0	158.0	54.0	13.0	90.0	16.0	21.0	2.0	13.0	13.0	13.0	50.0	5.0	85.0	148.0	4.0	7.0	7.0	2.0	13.0	3.0	15.0	173.0	46.0	88.0	2.0	13.0	6.0	3.0	10.0		2.0	83.0	13.0	3.0	20.0	3.0	17.0	12.0	56.0	195.0	110.0	69.0	90.0		131.0		36.0		11.0	24.0	22.0	8.0	97.0	6.0	4.0	7.0			
NC_072398.2	3::NC_072398.2:96981866-96993533	11667	False	0.5729	1	12.0	1.0	3.0	140.0	206.0	204.0	24.0	14.0	81.0	67.0	24.0	27.0	7.0	6.0	3.0	30.0	6.0	235.0	571.0	6.0	36.0	10.0	1.0	2.0	11.0	36.0	231.0	85.0	161.0	37.0	7.0	5.0	53.0	1.0	3.0	1.0	19.0	24.0	14.0	12.0	7.0	7.0	8.0	65.0	152.0	240.0	176.0	200.0		432.0	15.0	38.0		10.0	9.0	11.0	13.0	22.0	5.0	4.0	59.0			
NC_072398.2	-2::NC_072398.2:229589345-229594451	5106	False	0.6757	2	1.0	2.0		1.0	4.0	1.0	66.0		2.0				7.0	2.0				1.0	1.0	1.0	1.0	1.0	4.0		4.0	3.0			3.0			2.0						3.0			2.0	1.0	1.0	374.0	418.0	17.0	178.0	5.0	6.0	38.0	12.0	406.0	5.0	78.0	3.0	1.0	3.0	22.0	20.0		1.0		1.0	
NC_072398.2	-3::NC_072398.2:229589356-229594504	5148	False	0.6754	2	3.0			3.0	6.0	1.0	79.0		3.0			1.0	3.0	4.0				3.0	2.0	2.0	3.0		1.0		3.0	7.0			3.0						2.0		1.0			1.0	3.0	3.0		341.0	413.0	29.0	196.0	2.0	5.0	24.0	10.0	425.0	7.0	65.0	4.0	1.0	8.0	29.0	15.0	2.0	1.0	1.0	1.0	
NC_072398.2	3::NC_072398.2:229589363-229594514	5151	False	0.6758	2	2.0	2.0	1.0		5.0	1.0	66.0		2.0				6.0	3.0		1.0		1.0		1.0	2.0	1.0	4.0		5.0	3.0			3.0		1.0	2.0	1.0	1.0		1.0	1.0	3.0			2.0	3.0		374.0	418.0	20.0	178.0	5.0	7.0	38.0	12.0	406.0	5.0	78.0	3.0	1.0	3.0	23.0	21.0		1.0			
NC_072398.2	-1::NC_072398.2:229589379-229594386	5007	False	0.6786	2			1.0				63.0						3.0	4.0				1.0			1.0		1.0		2.0	2.0			1.0		1.0	1.0					2.0			1.0	2.0	4.0		369.0	400.0	21.0	175.0	4.0	9.0	20.0	9.0	446.0	2.0	67.0	8.0		1.0	18.0	26.0	1.0	2.0	1.0		
NC_072398.2	2::NC_072398.2:229589380-229594408	5028	False	0.6786	2	2.0			2.0	4.0		77.0		1.0			1.0	2.0	4.0				2.0	1.0		2.0		1.0		2.0	5.0			2.0						1.0						1.0	2.0		339.0	412.0	28.0	196.0	1.0	5.0	23.0	9.0	425.0	7.0	64.0	4.0		7.0	28.0	15.0		1.0			
NC_072416.2	-3::NC_072416.2:306-6726	6420	False	0.5044	0	2.0																				1032.0				32.0				22.0				1.0		2.0					8.0			1008.0																					33.0
NC_072416.2	2::NC_072416.2:307-6727	6420	False	0.5045	0																					33.0		21.0		7.0						1.0					1013.0	2.0			1028.0			33.0																		2.0			
NC_072416.2	-1::NC_072416.2:503-6482	5979	False	0.5001	0																									996.0															1.0																								996.0
NC_072416.2	1::NC_072416.2:504-6759	6255	False	0.5049	0	2.0																				1034.0				1.0				22.0				1.0		2.0	3.0				10.0			1010.0																					
NC_072416.2	1::NC_072416.2:13142388-13147470	5082	False	0.5092	2	36.0	33.0	31.0	56.0	14.0	17.0	52.0	27.0	16.0	32.0	14.0	10.0	44.0	17.0	25.0	22.0	31.0	24.0	12.0	24.0	42.0	15.0	43.0	19.0	47.0	37.0	20.0	22.0	24.0	7.0	23.0	51.0	5.0	17.0	14.0	44.0	28.0	39.0	41.0	45.0	13.0	50.0	35.0	33.0	34.0	44.0	39.0	13.0	17.0	15.0	18.0	20.0	11.0	35.0	41.0	26.0	47.0	23.0	30.0	15.0	15.0			
NC_072416.2	3::NC_072416.2:87196907-87205628	8721	False	0.617	0	78.0		211.0		3.0	127.0	1.0	1.0		8.0	3.0	77.0		2.0	1.0	4.0	4.0	131.0	108.0	2.0	8.0	2.0	104.0		272.0	416.0	38.0	91.0	503.0		35.0	4.0	1.0	3.0	93.0	46.0	29.0	2.0	2.0	334.0	6.0		3.0			1.0	1.0					3.0	27.0	1.0	1.0	1.0	2.0		106.0	10.0	1.0			
NC_072416.2	1::NC_072416.2:87196920-87205575	8655	False	0.6178	0	39.0	1.0	201.0	3.0		116.0				7.0	4.0	26.0			2.0	2.0	2.0	160.0	88.0	2.0	3.0	1.0	78.0		328.0	374.0	106.0	41.0	469.0		2.0	2.0	93.0	4.0	32.0	111.0	20.0		2.0	359.0	11.0	4.0						1.0		1.0	1.0		95.0		1.0		1.0		80.0	12.0				
NC_072416.2	-1::NC_072416.2:87198173-87204302	6129	False	0.635	0	67.0		144.0			50.0				2.0		73.0					1.0	61.0	92.0		1.0		88.0		184.0	317.0		80.0	386.0		32.0				92.0		24.0			252.0	2.0		3.0																92.0					
NC_072416.2	2::NC_072416.2:87198241-87205606	7365	False	0.6251	0	95.0	1.0	102.0	2.0		83.0				3.0	1.0	93.0		1.0	2.0	1.0	2.0	143.0	20.0	1.0	6.0		17.0	1.0	317.0	412.0	77.0	101.0	397.0		93.0	2.0	32.0	2.0	1.0	86.0	23.0	1.0	1.0	225.0	7.0	2.0	2.0	1.0		2.0							73.0						18.0	6.0				
NC_072416.2	-1::NC_072416.2:94521950-94527362	5412	False	0.5006	1																								900.0																							2.0	1.0				900.0										1.0		
NC_072416.2	1::NC_072416.2:94521951-94527363	5412	False	0.5004	1																								1.0															900.0								901.0	1.0				1.0												
NC_072416.2	-2::NC_072416.2:94521958-94527571	5613	False	0.5003	1																								35.0																							1.0	900.0				35.0										900.0		
NC_072416.2	3::NC_072416.2:94521959-94527572	5613	False	0.5001	0																								900.0															35.0								35.0	1.0				900.0												
NC_072422.2	-3::NC_072422.2:1288-6709	5421	False	0.5217	0																					765.0				138.0				43.0											1.0			651.0												71.0								3.0	135.0
NC_072422.2	3::NC_072422.2:1289-6854	5565	False	0.5256	0																					162.0		44.0		1.0				13.0			71.0				651.0				765.0			135.0												13.0									
NC_072422.2	3::NC_072422.2:33985409-33994241	8832	False	0.5575	0	5.0	1.0	121.0		3.0	7.0	1.0		1.0	4.0	47.0	2.0	3.0	5.0	1.0	9.0	118.0	137.0	263.0	27.0	293.0	11.0	13.0	8.0	11.0	9.0		126.0	2.0	3.0	212.0	336.0	1.0	94.0		199.0	2.0	12.0	8.0	1.0	161.0	151.0			4.0	2.0	171.0	170.0	1.0	2.0	2.0	2.0	1.0	1.0	2.0	2.0	172.0	1.0		3.0				
NC_072422.2	1::NC_072422.2:33985464-33994323	8859	False	0.5583	0	5.0	1.0	78.0	1.0	1.0	11.0		1.0		7.0	70.0		1.0	8.0	2.0	13.0	113.0	217.0	245.0	27.0	285.0	7.0	8.0	8.0	8.0	8.0	3.0	199.0	1.0	2.0	206.0	334.0	2.0	52.0		205.0	1.0	10.0	5.0	1.0	109.0	153.0		2.0	2.0	1.0	210.0	136.0	1.0	1.0	3.0		1.0	2.0	1.0	4.0	175.0	1.0	4.0	1.0				
NC_072422.2	2::NC_072422.2:33988072-33994087	6015	False	0.5596	0	5.0		73.0			7.0				5.0	49.0			2.0		4.0	59.0	141.0	147.0	26.0	228.0	6.0	5.0	11.0	6.0	3.0	1.0	139.0	1.0	1.0	139.0	247.0		49.0		103.0		8.0	3.0		99.0	80.0			1.0		151.0	106.0			2.0						97.0			1.0				
NC_072422.2	-2::NC_072422.2:35287088-35295107	8019	False	0.5604	1	2.0		1.0		1.0	3.0	1.0	4.0		3.0	6.0	1.0	2.0	2.0	2.0	46.0	504.0	515.0	51.0	488.0	502.0	3.0	61.0	15.0	366.0	3.0		3.0	6.0	20.0	1.0	1.0	12.0	11.0			1.0	2.0		1.0	3.0	3.0	1.0	4.0	2.0	3.0	1.0			2.0		1.0	2.0	2.0	1.0					2.0	1.0	2.0	2.0	1.0
NC_072422.2	3::NC_072422.2:35287361-35295359	7998	False	0.5594	0	2.0	1.0	1.0		1.0	2.0	2.0	2.0		2.0	5.0		4.0	1.0	1.0	49.0	502.0	516.0	55.0	494.0	502.0		61.0	15.0	366.0	5.0	1.0	3.0	3.0	20.0		2.0	13.0	4.0			2.0		1.0	1.0	3.0		2.0	1.0		2.0	1.0	1.0					1.0	3.0	1.0	1.0	3.0	2.0	1.0	5.0				
NC_072422.2	1::NC_072422.2:35287365-35295195	7830	False	0.5625	0		1.0	3.0	1.0	1.0	2.0			1.0				1.0			46.0	510.0	501.0	48.0	495.0	525.0		60.0	13.0	353.0	1.0	3.0		1.0	11.0	1.0	1.0	20.0		1.0	1.0		1.0		3.0		2.0				1.0	1.0													1.0				
NC_072422.2	2::NC_072422.2:35287375-35295262	7887	False	0.5617	0	3.0		1.0	1.0	1.0	3.0	2.0	1.0	1.0		3.0		2.0		1.0	44.0	507.0	515.0	50.0	485.0	501.0	3.0	83.0	20.0	355.0	4.0		1.0	2.0	10.0		5.0	12.0		2.0	2.0	1.0		1.0			1.0	1.0	1.0	1.0									1.0		2.0								
NC_072406.2	-3::NC_072406.2:20302644-20308989	6345	False	0.6205	1	4.0	8.0	1.0	7.0	5.0	1.0	215.0	2.0	6.0	1.0	1.0		8.0	4.0	2.0				2.0	1.0		3.0	3.0	2.0	1.0	2.0		3.0	1.0			1.0		1.0			4.0	1.0		1.0		3.0	16.0	289.0	482.0	4.0	256.0	11.0		2.0		481.0	7.0	219.0	3.0	2.0	2.0	17.0	4.0	2.0	13.0	5.0	6.0	
NC_072406.2	-2::NC_072406.2:20302816-20308948	6132	False	0.6257	1		11.0	1.0	2.0	2.0		222.0	2.0	1.0				5.0	1.0			1.0	1.0			1.0	1.0	1.0	1.0		1.0			1.0			1.0					1.0						10.0	285.0	471.0	1.0	263.0	2.0	1.0			477.0	15.0	207.0	1.0	3.0	1.0	28.0	3.0	1.0	7.0	8.0	3.0	
NC_072406.2	-1::NC_072406.2:20302877-20308955	6078	False	0.6262	1		1.0		3.0	2.0		231.0	1.0	1.0				5.0						1.0														1.0										7.0	274.0	459.0	1.0	273.0	8.0	1.0			470.0	10.0	216.0		1.0		25.0	1.0	5.0	15.0	10.0	1.0	3.0
NC_072406.2	3::NC_072406.2:27884915-27890621	5706	False	0.7313	2	3.0		2.0	1.0	1.0				1.0	1.0	1.0	69.0	1.0	2.0	3.0	3.0	2.0	2.0	67.0		75.0	1.0	67.0		142.0	1.0	1.0	3.0		71.0	70.0		1.0	2.0	2.0	68.0	1.0	129.0	68.0		2.0	69.0		3.0	3.0	1.0	270.0	3.0	135.0	68.0	68.0	134.0				4.0	4.0	71.0	134.0	70.0	2.0			
NC_072406.2	-2::NC_072406.2:27884920-27890698	5778	False	0.73	2		1.0	70.0		3.0	5.0		1.0	69.0	3.0	1.0	132.0		4.0	3.0	67.0	2.0	5.0	1.0	5.0	68.0		69.0	2.0	145.0			4.0	1.0	69.0	1.0	2.0	1.0		5.0		2.0	67.0		3.0	68.0	69.0	1.0	3.0	1.0	70.0	208.0	3.0	69.0	266.0		67.0		135.0		70.0	75.0	4.0		1.0			4.0	1.0
NC_072406.2	2::NC_072406.2:27884935-27890413	5478	False	0.7388	2			68.0		3.0	1.0			67.0		1.0	127.0		1.0		67.0					67.0		67.0		141.0					68.0			1.0				1.0	67.0		2.0	67.0	68.0		1.0	1.0	69.0	200.0		68.0	266.0		67.0		134.0		68.0	67.0	1.0						
NC_072406.2	-3::NC_072406.2:27884946-27890388	5442	False	0.74	2				67.0		67.0					1.0	135.0						134.0		67.0			67.0		7.0	67.0			1.0	1.0		134.0			127.0			67.0				67.0		70.0	1.0		399.0			67.0					1.0		66.0				67.0	67.0		67.0
NC_072406.2	-2::NC_072406.2:31713934-31719208	5274	False	0.4018	0	5.0	12.0	4.0	12.0	4.0	5.0	258.0	238.0	24.0		11.0		33.0	18.0	29.0					1.0		8.0		3.0				10.0	1.0	1.0		2.0		17.0			11.0	1.0			16.0		6.0	73.0	214.0	14.0	23.0	11.0	4.0	4.0	5.0	26.0	8.0	27.0	4.0	13.0	206.0	91.0	25.0	224.0	2.0	18.0	26.0	10.0
NC_072406.2	-3::NC_072406.2:31715256-31720992	5736	False	0.4008	1	2.0	11.0		10.0	3.0	9.0	287.0	246.0	23.0	4.0	6.0		41.0	23.0	32.0				1.0			11.0		1.0	1.0			12.0		1.0		1.0	2.0	10.0			9.0	2.0			23.0		17.0	75.0	234.0	13.0	18.0	12.0	4.0	3.0	6.0	20.0	6.0	31.0	8.0	19.0	227.0	102.0	18.0	247.0	7.0	26.0	37.0	11.0
NC_072406.2	2::NC_072406.2:31723840-31729627	5787	False	0.4012	0	20.0	1.0	13.0	14.0	3.0	249.0		18.0	3.0	19.0	7.0	3.0			10.0	41.0	282.0	257.0	103.0	28.0	17.0	7.0	83.0	4.0	18.0	239.0	34.0	32.0	22.0	1.0	5.0	12.0	6.0	258.0	3.0	30.0	9.0	7.0	5.0	9.0	18.0	2.0	3.0			3.0		1.0						1.0					20.0	7.0	2.0			
NC_072406.2	3::NC_072406.2:144039950-144045527	5577	False	0.5205	0	9.0	10.0	9.0	10.0	2.0	41.0	1.0	4.0		32.0	1.0	28.0	8.0	1.0	17.0	161.0	48.0	95.0	11.0	99.0	83.0	1.0	8.0	1.0	76.0	169.0	3.0	10.0	335.0	1.0		11.0	3.0	1.0	15.0	9.0	231.0	1.0	1.0	226.0	13.0	3.0	9.0			5.0						2.0	1.0	3.0	1.0	2.0		1.0	43.0	2.0	2.0			
NC_072406.2	2::NC_072406.2:144042439-144047599	5160	False	0.5271	0	7.0	3.0	7.0	9.0	2.0	22.0	2.0			48.0		26.0	5.0		23.0	76.0	94.0	116.0	8.0	118.0	111.0	2.0	4.0		39.0	100.0	8.0	3.0	354.0			15.0	5.0		27.0	14.0	249.0	1.0		158.0	19.0	3.0	9.0			3.0		1.0							3.0	1.0			25.0					
NC_072406.2	2::NC_072406.2:144049189-144055633	6444	False	0.5379	0	7.0	7.0	7.0	5.0	6.0	36.0		1.0		27.0		25.0	7.0		23.0	157.0	134.0	66.0	7.0	71.0	155.0		7.0		99.0	195.0	10.0	4.0	439.0		1.0	23.0	6.0	1.0	33.0	22.0	261.0	6.0		196.0	3.0	4.0	8.0			9.0							3.0		1.0	1.0		2.0	68.0		5.0			
NC_072406.2	2::NC_072406.2:144570571-144576193	5622	False	0.5418	1	86.0	1.0	44.0	4.0	1.0	34.0	3.0		3.0	140.0	2.0	43.0	3.0	1.0	4.0	1.0	2.0	47.0	55.0	116.0	35.0	1.0	54.0		136.0	130.0	6.0	2.0	285.0	1.0	1.0	6.0	1.0	1.0	3.0	33.0	212.0	18.0	80.0	135.0	3.0	42.0	3.0	4.0	2.0	4.0	3.0		1.0	1.0		2.0	64.0	2.0	2.0		2.0	1.0	7.0	1.0				
NC_072406.2	3::NC_072406.2:144570767-144576155	5388	False	0.5421	1	73.0		33.0		1.0	48.0			1.0	111.0	1.0	63.0	1.0	1.0	1.0			43.0	43.0	99.0	46.0		38.0		125.0	177.0	11.0	4.0	298.0		1.0	2.0	1.0		3.0	49.0	181.0	11.0	115.0	113.0	1.0	31.0	1.0		1.0	3.0				1.0			58.0		1.0		1.0	1.0	1.0		2.0			
NC_072406.2	1::NC_072406.2:144570807-144576141	5334	False	0.5431	1	103.0		49.0		2.0	42.0				157.0		60.0	1.0		1.0	1.0		34.0	33.0	78.0	43.0		50.0		104.0	163.0	5.0	5.0	323.0			1.0			2.0	43.0	147.0	21.0	97.0	117.0	1.0	43.0		1.0		1.0	1.0						41.0		2.0	1.0	1.0	1.0	2.0		1.0			
NC_072406.2	1::NC_072406.2:144778239-144785325	7086	False	0.5627	1	90.0	2.0	1.0	2.0	73.0	29.0	1.0	1.0	40.0	74.0	151.0	1.0	2.0	148.0		16.0	75.0	99.0	3.0	10.0	18.0		130.0	133.0	55.0	81.0	113.0		75.0		1.0	4.0	74.0	29.0	35.0	1.0	1.0	1.0	75.0	65.0	1.0		1.0		73.0	158.0	113.0	1.0	2.0	1.0	35.0	36.0	76.0	1.0	75.0	3.0	2.0	1.0	73.0	1.0				
NC_072406.2	2::NC_072406.2:144778321-144785329	7008	False	0.5644	1	98.0		1.0	1.0	75.0	16.0		1.0	45.0	75.0	149.0	1.0	2.0	149.0		30.0	78.0	98.0		8.0	37.0	2.0	101.0	113.0	65.0	78.0	105.0		78.0	1.0		1.0	76.0	28.0	38.0		1.0		75.0	51.0		1.0			74.0	171.0	108.0			4.0	34.0	38.0	74.0	1.0	74.0		1.0		75.0	3.0	1.0			
NC_072406.2	3::NC_072406.2:144778403-144785255	6852	False	0.5651	1	102.0			1.0	74.0	29.0	1.0		57.0	73.0	148.0			147.0		28.0	74.0	82.0		1.0	33.0		132.0	117.0	46.0	95.0	91.0		78.0	1.0	1.0		74.0	13.0	35.0				73.0	49.0		3.0	1.0		74.0	147.0	107.0				38.0	39.0	73.0		71.0		1.0		73.0	2.0				
NC_072414.2	-3::NC_072414.2:85040979-85047216	6237	False	0.5188	2	3.0	2.0	1.0	39.0	44.0	3.0	40.0	32.0	12.0	1.0	349.0		32.0	396.0	19.0	1.0	2.0	2.0	4.0	2.0	2.0	6.0	1.0	1.0	3.0	7.0			1.0	1.0	3.0	8.0		2.0	2.0		2.0	2.0		3.0	1.0	4.0	5.0	261.0	47.0	11.0	41.0	32.0	33.0	32.0	1.0	74.0		38.0	2.0	28.0	46.0	230.0	45.0	35.0	24.0	23.0	36.0	2.0
NC_072414.2	-2::NC_072414.2:85041490-85047343	5853	False	0.5153	1		1.0	1.0	41.0	26.0	2.0	29.0	34.0	6.0		344.0		38.0	378.0	21.0	2.0			1.0		3.0	2.0		3.0	3.0	3.0		2.0			2.0	6.0	1.0				3.0	1.0		3.0	2.0	1.0	4.0	259.0	36.0	4.0	33.0	36.0	39.0	37.0		71.0		25.0		26.0	44.0	217.0	28.0	35.0	33.0	20.0	45.0	
NC_072414.2	-1::NC_072414.2:85041494-85047212	5718	False	0.5145	1			1.0	28.0	33.0		31.0	29.0	3.0		352.0	1.0	39.0	382.0	23.0	2.0			1.0		1.0	1.0	1.0	1.0				1.0			1.0	1.0		1.0			2.0	1.0			5.0	2.0	2.0	271.0	33.0	4.0	33.0	40.0	24.0	39.0		55.0		37.0	4.0	22.0	29.0	213.0	34.0	35.0	38.0	21.0	29.0	
NC_072414.2	1::NC_072414.2:93184455-93190278	5823	False	0.5935	1	3.0		125.0	10.0	57.0	128.0			19.0	1.0		1.0			2.0			17.0	3.0	1.0	74.0	1.0	125.0		245.0	105.0	249.0		264.0	20.0	39.0		21.0		2.0		122.0	48.0	1.0	141.0		11.0	6.0	10.0		74.0		1.0					2.0			1.0	1.0	9.0	1.0	1.0				
NC_072414.2	2::NC_072414.2:93184690-93190180	5490	False	0.594	1	5.0		117.0	4.0	59.0	124.0			11.0	1.0		2.0			2.0			19.0	3.0		71.0		121.0		220.0	99.0	233.0		254.0	19.0	39.0		20.0		1.0		112.0	44.0		138.0		11.0	8.0	8.0		72.0		1.0				1.0						10.0		1.0				
