clade	species	length	orf_valid	gc_content	gc_stretch_count	codon_TTT	codon_TCA	codon_ATT	codon_ATA	codon_GAA	codon_CAT	codon_AAC	codon_AGG	codon_AAA	codon_CAC	codon_GCA	codon_AAT	codon_GAT	codon_CAG	codon_ACA	codon_GTC	codon_ATG	codon_GAC	codon_CTG	codon_AGT	codon_ACT	codon_GTA	codon_ACC	codon_GGC	codon_CTT	codon_TTA	codon_CCC	codon_AAG	codon_TCC	codon_CTA	codon_GCT	codon_GAG	codon_AGA	codon_CAA	codon_TCT	codon_TTC	codon_TTG	codon_GGA	codon_TGT	codon_CCT	codon_GGG	codon_TAT	codon_CCA	codon_GCC	codon_ATC	codon_CGG	codon_GGT	codon_GTT	codon_CTC	codon_TGC	codon_GTG	codon_CGT	codon_AGC	codon_CCG	codon_CGA	codon_TGG	codon_TAC	codon_GCG	codon_ACG	codon_TCG	codon_TAG	codon_TAA	codon_TGA	codon_CGC
NC_072427.2	2::NC_072427.2:65561881-65567050	5169	False	0.3596	1	40.0	38.0	54.0	44.0	89.0	31.0	32.0	13.0	99.0	16.0	21.0	105.0	80.0	32.0	47.0	17.0	45.0	35.0	18.0	52.0	58.0	29.0	24.0	7.0	19.0	34.0	10.0	40.0	16.0	19.0	36.0	44.0	25.0	48.0	48.0	16.0	29.0	34.0	41.0	32.0	10.0	24.0	27.0	15.0	16.0	4.0	15.0	30.0	7.0	6.0	11.0	2.0	17.0	4.0	3.0	6.0	6.0	1.0	1.0	1.0				
NC_072427.2	-1::NC_072427.2:81398443-81403492	5049	False	0.3924	0	105.0		80.0	22.0	8.0	33.0	42.0	41.0	23.0	22.0	8.0	27.0	15.0	21.0	26.0	24.0	24.0	12.0	69.0	46.0	45.0	13.0	15.0	7.0	55.0		8.0	20.0	28.0		24.0	6.0	59.0	25.0	19.0	76.0	62.0	14.0	51.0	13.0	20.0	27.0	7.0	9.0	48.0	7.0	21.0	33.0	34.0	33.0	15.0	7.0	26.0	2.0	3.0	48.0	32.0		7.0	4.0	16.0	34.0	58.0	4.0
NC_072427.2	-2::NC_072427.2:96654309-96660243	5934	False	0.4929	2	42.0		16.0	23.0	2.0	111.0	25.0	80.0	14.0	67.0	1.0	25.0	7.0	38.0	3.0	28.0	23.0	12.0	49.0	52.0	32.0	12.0	17.0	13.0	35.0		32.0	17.0	15.0		36.0	3.0	101.0	42.0	46.0	70.0	11.0	51.0	56.0	23.0	28.0	11.0	1.0	8.0	50.0	13.0	39.0	9.0	108.0	68.0	5.0	10.0	48.0	8.0	20.0	82.0	35.0	28.0	17.0	12.0	10.0	46.0	75.0	17.0
NC_072427.2	3::NC_072427.2:122060018-122065625	5607	False	0.7248	1	1.0	40.0	1.0			1.0		49.0		49.0	55.0	1.0	14.0	81.0	7.0	1.0	16.0	46.0	7.0	1.0	48.0		10.0	173.0	54.0	2.0	43.0		92.0	2.0	46.0	52.0	73.0	3.0	13.0	64.0		23.0		57.0	119.0		30.0	42.0		111.0	32.0		99.0	3.0	26.0	1.0	2.0	64.0	6.0	44.0	1.0	71.0	43.0					50.0
NC_072427.2	-2::NC_072427.2:129142782-129151107	8325	False	0.5566	2	72.0		17.0	18.0	31.0	32.0	15.0	105.0	19.0	57.0	13.0	17.0	35.0	82.0	13.0	89.0	19.0	37.0	86.0	43.0	32.0	18.0	23.0	84.0	139.0		60.0	32.0	46.0		63.0	43.0	62.0	25.0	26.0	124.0	27.0	53.0	59.0	34.0	86.0	10.0	30.0	55.0	72.0	10.0	48.0	21.0	217.0	48.0	27.0	7.0	79.0	26.0	5.0	119.0	17.0	21.0	14.0	10.0	30.0	15.0	54.0	4.0
NC_072427.2	-3::NC_072427.2:129980579-129990821	10242	False	0.515	2	66.0		68.0	21.0	37.0	43.0	47.0	107.0	48.0	56.0	38.0	23.0	32.0	93.0	32.0	75.0	45.0	31.0	153.0	78.0	78.0	20.0	46.0	74.0	80.0		53.0	47.0	55.0		99.0	50.0	117.0	53.0	55.0	132.0	68.0	73.0	63.0	100.0	79.0	18.0	32.0	63.0	86.0	5.0	59.0	41.0	144.0	61.0	58.0	8.0	81.0	6.0	6.0	109.0	36.0	8.0	13.0	8.0	24.0	38.0	69.0	6.0
NC_072427.2	-2::NC_072427.2:161694177-161704566	10389	False	0.5002	0								245.0																																	1.0						1487.0	244.0													1486.0			
NC_072427.2	2::NC_072427.2:161694178-161704567	10389	False	0.5001	0								1486.0														1.0				244.0															245.0						1.0	1486.0																
NC_072427.2	-1::NC_072427.2:161694184-161703109	8925	False	0.5003	0								1486.0														1.0																			2.0							1486.0																
NC_072427.2	3::NC_072427.2:161694185-161703104	8919	False	0.5002	0																										1486.0															1487.0																							
NC_072432.2	1::NC_072432.2:38660157-38665587	5430	False	0.5963	2	12.0	21.0	20.0	6.0	35.0	10.0	34.0	33.0	42.0	19.0	41.0	15.0	20.0	80.0	28.0	28.0	28.0	47.0	59.0	37.0	17.0	9.0	55.0	48.0	14.0	4.0	74.0	63.0	68.0	6.0	51.0	85.0	17.0	16.0	32.0	28.0	10.0	33.0	8.0	38.0	51.0	7.0	33.0	75.0	27.0	28.0	17.0	6.0	36.0	12.0	53.0	10.0	63.0	13.0	8.0	10.0	20.0	11.0	13.0	10.0				16.0
NC_072432.2	3::NC_072432.2:89583311-89589527	6216	False	0.5002	2	20.0	36.0	29.0	33.0	118.0	18.0	11.0	19.0	86.0	9.0	25.0	16.0	27.0	226.0	29.0	17.0	36.0	20.0	46.0	26.0	50.0	14.0	73.0	7.0	33.0	24.0	26.0	62.0	23.0	19.0	51.0	52.0	20.0	55.0	48.0	18.0	40.0	28.0	4.0	134.0	73.0	15.0	32.0	53.0	72.0	10.0	13.0	21.0	78.0	2.0	14.0	1.0	12.0	3.0	5.0	16.0	10.0	5.0	3.0	5.0				1.0
NC_072432.2	-2::NC_072432.2:123842986-123850330	7344	False	0.3469	2	156.0		126.0	48.0	24.0	38.0	40.0	27.0	62.0	28.0	24.0	92.0	18.0	28.0	41.0	44.0	45.0	14.0	46.0	63.0	63.0	20.0	18.0	16.0	68.0		10.0	53.0	37.0		30.0	6.0	80.0	41.0	38.0	156.0	60.0	37.0	63.0	21.0	6.0	58.0	15.0	6.0	95.0	5.0	14.0	54.0	56.0	38.0	26.0	6.0	45.0		6.0	32.0	32.0		6.0	6.0	28.0	58.0	73.0	2.0
NC_072434.2	-1::NC_072434.2:1094-8042	6948	False	0.4999	0							1062.0																1.0				95.0													1062.0																						96.0		
NC_072434.2	1::NC_072434.2:1095-8043	6948	False	0.5	0							96.0																1062.0							1062.0										96.0																								
NC_072434.2	-2::NC_072434.2:1669-9376	7707	False	0.5001	0							222.0																1.0				1062.0													222.0																						1062.0		
NC_072434.2	3::NC_072434.2:1670-9377	7707	False	0.5002	1							1062.0																222.0				1.0			222.0										1062.0																								
NC_072434.2	-1::NC_072434.2:21813941-21821579	7638	False	0.5484	2	31.0		33.0	42.0	11.0	83.0	15.0	67.0	31.0	44.0	11.0	7.0	7.0	27.0	12.0	31.0	11.0	5.0	50.0	21.0	55.0	9.0	187.0	32.0	89.0		212.0	19.0	147.0		42.0	11.0	72.0	33.0	53.0	79.0	14.0	27.0	21.0	122.0	15.0	14.0	32.0	83.0	138.0	1.0	10.0	5.0	105.0	89.0	11.0	3.0	71.0	3.0	5.0	31.0	10.0	1.0	1.0	8.0	11.0	38.0	94.0	4.0
NC_072434.2	-1::NC_072434.2:42460769-42465890	5121	False	0.7278	1					56.0	11.0	1.0	58.0	3.0	28.0	3.0	2.0	1.0	1.0	1.0	36.0	1.0	2.0	71.0	36.0	2.0	1.0	26.0	46.0	1.0		116.0	45.0	13.0		1.0	86.0	18.0		77.0		2.0	90.0		48.0	49.0	1.0	39.0	151.0	11.0	61.0	8.0		42.0	50.0	45.0	35.0	38.0	114.0		28.0	1.0	41.0	1.0	11.0			43.0	55.0
NC_072434.2	-1::NC_072434.2:98019728-98024774	5046	False	0.503	0								173.0																													1.0				1.0						667.0	173.0												14.0	653.0			
NC_072434.2	1::NC_072434.2:98019729-98024775	5046	False	0.5028	0								653.0																		173.0															172.0					14.0	2.0	667.0								1.0								
NC_072434.2	-2::NC_072434.2:98023735-98029246	5511	False	0.4994	0			1.0					743.0												1.0																						1.0					174.0	743.0													174.0			
NC_072434.2	3::NC_072434.2:98023736-98029247	5511	False	0.4992	0	1.0			1.0				174.0														1.0				743.0															742.0						1.0	174.0																
NC_072426.2	-1::NC_072426.2:0-8665	8665	False	0.5001	0																							1444.0							1444.0																																		
NC_072426.2	-3::NC_072426.2:0-8720	8720	False	0.501	0							8.0																1444.0				7.0			1444.0										2.0													1.0											
NC_072426.2	1::NC_072426.2:0-8721	8721	False	0.5011	0							8.0																1444.0				8.0			1444.0										2.0													1.0											
NC_072426.2	3::NC_072426.2:2-8666	8664	False	0.5001	0							1444.0																				1.0													1443.0																								
NC_072426.2	-3::NC_072426.2:34502339-34510217	7878	False	0.4378	2	160.0		38.0	29.0	15.0	49.0	56.0	64.0	58.0	48.0	4.0	54.0	21.0	29.0	16.0	56.0	36.0	23.0	69.0	63.0	65.0	14.0	22.0	46.0	85.0		29.0	22.0	33.0		35.0	23.0	108.0	30.0	48.0	152.0	51.0	61.0	74.0	22.0	42.0	33.0	9.0	28.0	96.0	7.0	56.0	34.0	97.0	59.0	21.0	14.0	33.0	9.0	12.0	79.0	35.0	8.0	4.0	5.0	19.0	31.0	82.0	5.0
NC_072426.2	-3::NC_072426.2:49432592-49437791	5199	False	0.4861	2	26.0		62.0	28.0	24.0	21.0	37.0	34.0	42.0	76.0		45.0	30.0	47.0	3.0	75.0	15.0	23.0	51.0	49.0	26.0	30.0	24.0	33.0	18.0		34.0	24.0	30.0		31.0	28.0	40.0	24.0	20.0	53.0	29.0	28.0	33.0	14.0	23.0	33.0	5.0	33.0	51.0	13.0	34.0	36.0	43.0	31.0	10.0	7.0	42.0	12.0	6.0	19.0	27.0	21.0	10.0	4.0	9.0	14.0	26.0	17.0
NC_072426.2	-2::NC_072426.2:60671184-60677544	6360	False	0.4582	2	117.0		18.0	12.0	16.0	31.0	37.0	68.0	29.0	38.0	9.0	33.0	21.0	26.0	10.0	62.0	17.0	21.0	49.0	48.0	52.0	6.0	26.0	22.0	55.0		21.0	25.0	23.0		46.0	18.0	84.0	19.0	33.0	159.0	40.0	46.0	70.0	21.0	35.0	22.0	4.0	22.0	78.0	7.0	43.0	9.0	114.0	38.0	26.0	6.0	46.0	6.0	10.0	56.0	35.0	4.0	5.0	10.0	19.0	26.0	68.0	3.0
NC_072426.2	-3::NC_072426.2:117218546-117223934	5388	False	0.536	2	25.0		27.0	16.0	50.0	27.0	11.0	29.0	26.0	70.0	12.0	31.0	41.0	78.0	2.0	68.0	29.0	38.0	67.0	46.0	27.0	27.0	20.0	39.0	40.0		36.0	24.0	28.0		36.0	48.0	23.0	26.0	20.0	39.0	34.0	29.0	29.0	22.0	43.0	12.0	9.0	38.0	50.0	13.0	44.0	39.0	59.0	16.0	44.0	11.0	21.0	21.0	2.0	35.0	24.0	20.0	3.0	6.0	15.0	8.0	12.0	11.0
NC_072426.2	-3::NC_072426.2:119573612-119579057	5445	False	0.4961	0	2.0		1.0	2.0	4.0	1.0	2.0	4.0	19.0	1.0	2.0		3.0		2.0	1.0	2.0	222.0	2.0	223.0	5.0	1.0	1.0	2.0			1.0	184.0			2.0	214.0	3.0	1.0	2.0	1.0	1.0	4.0	142.0	2.0	1.0	3.0		2.0	2.0		220.0	219.0	1.0		1.0	1.0	1.0			222.0	2.0						81.0	
NC_072426.2	1::NC_072426.2:119573613-119578905	5292	False	0.4985	0	218.0	3.0	1.0		5.0			223.0	13.0		1.0	1.0	1.0	1.0			4.0		3.0		221.0	13.0	2.0	1.0	6.0			3.0				76.0	168.0				1.0	223.0			1.0	1.0		1.0							572.0		1.0											
NC_072426.2	-2::NC_072426.2:119573625-119578863	5238	False	0.4992	0	218.0				5.0			222.0	12.0								4.0		2.0		221.0	13.0	2.0		6.0			2.0				76.0	165.0				1.0	221.0			1.0	1.0		1.0							572.0		1.0											
NC_072426.2	-1::NC_072426.2:167239072-167250001	10929	False	0.5	0								167.0																																	1.0						1653.0	168.0													1654.0			
NC_072426.2	3::NC_072426.2:167239073-167250002	10929	False	0.5	0	1.0							1654.0																		167.0															167.0						1.0	1653.0																
NC_072426.2	-3::NC_072426.2:167239211-167249138	9927	False	0.5001	0	1.0							1654.0																																	1.0							1653.0																
NC_072426.2	1::NC_072426.2:167239212-167249139	9927	False	0.4999	0																										1654.0															1653.0						2.0																	
NC_072430.2	-1::NC_072430.2:674-10388	9714	False	0.5	0							6.0																2.0				1598.0													7.0				12.0										1.0								1612.0		
NC_072430.2	1::NC_072430.2:675-10389	9714	False	0.5001	0							1600.0																6.0				1.0	12.0		7.0										1611.0												1.0												
NC_072430.2	2::NC_072430.2:811-10456	9645	False	0.5011	0							11.0															1.0	1583.0				10.0			1594.0										3.0													12.0				1.0							
NC_072430.2	-3::NC_072430.2:816-10455	9639	False	0.501	0							1583.0																				12.0	12.0						8.0						1594.0												1.0										3.0		
NC_072430.2	3::NC_072430.2:12256925-12271832	14907	False	0.5922	2	35.0	44.0	42.0	19.0	118.0	20.0	10.0	39.0	160.0	46.0	84.0	7.0	92.0	206.0	64.0	83.0	176.0	307.0	223.0	43.0	65.0	17.0	42.0	179.0	34.0	14.0	279.0	344.0	120.0	16.0	63.0	237.0	30.0	35.0	97.0	88.0	25.0	84.0	12.0	72.0	108.0	2.0	102.0	202.0	54.0	19.0	39.0	25.0	129.0	6.0	327.0	4.0	121.0	44.0	6.0	16.0	4.0	19.0	13.0	47.0				11.0
NC_072430.2	-2::NC_072430.2:82616485-82622194	5709	False	0.4383	2	92.0		21.0	49.0	20.0	33.0	41.0	29.0	39.0	34.0	7.0	46.0	39.0	32.0	11.0	37.0	21.0	32.0	43.0	40.0	32.0	35.0	25.0	19.0	63.0		15.0	23.0	24.0		18.0	22.0	47.0	14.0	54.0	117.0	30.0	23.0	61.0	23.0	13.0	14.0	15.0	16.0	51.0	2.0	44.0	21.0	70.0	34.0	22.0	7.0	48.0	14.0	5.0	55.0	31.0	17.0	18.0	15.0	10.0	24.0	41.0	5.0
NC_072430.2	-2::NC_072430.2:82645483-82662652	17169	False	0.4276	2	281.0		145.0	131.0	66.0	56.0	210.0	153.0	73.0	103.0	32.0	199.0	83.0	69.0	44.0	90.0	38.0	100.0	61.0	167.0	113.0	58.0	126.0	81.0	147.0		34.0	103.0	161.0		64.0	45.0	99.0	43.0	131.0	336.0	58.0	42.0	185.0	30.0	38.0	89.0	97.0	92.0	209.0	10.0	114.0	83.0	114.0	116.0	20.0	12.0	135.0	23.0	5.0	211.0	118.0	18.0	49.0	32.0	36.0	53.0	84.0	8.0
NC_072430.2	-3::NC_072430.2:82827984-82834731	6747	False	0.3846	2	104.0		58.0	53.0	23.0	40.0	40.0	49.0	79.0	35.0	6.0	63.0	21.0	16.0	26.0	34.0	40.0	15.0	42.0	60.0	53.0	25.0	32.0	15.0	42.0		17.0	31.0	46.0		19.0	8.0	67.0	17.0	61.0	188.0	68.0	36.0	68.0	22.0	25.0	44.0	10.0	6.0	69.0	2.0	16.0	27.0	89.0	37.0	14.0	8.0	37.0	3.0	1.0	61.0	33.0	2.0	11.0	5.0	32.0	46.0	50.0	2.0
NC_072430.2	3::NC_072430.2:89908106-89917178	9072	False	0.3478	1	90.0	97.0	107.0	74.0	187.0	54.0	57.0	25.0	195.0	23.0	58.0	135.0	83.0	42.0	73.0	24.0	68.0	60.0	23.0	66.0	75.0	39.0	38.0	16.0	61.0	92.0	12.0	91.0	36.0	31.0	63.0	52.0	52.0	93.0	96.0	21.0	67.0	30.0	43.0	50.0	14.0	46.0	65.0	19.0	37.0	1.0	23.0	71.0	23.0	9.0	35.0	5.0	37.0	1.0	2.0	9.0	18.0	2.0	5.0	3.0				
NC_072430.2	1::NC_072430.2:89919294-89928762	9468	False	0.3391	1	89.0	122.0	133.0	98.0	182.0	51.0	46.0	25.0	201.0	19.0	52.0	128.0	134.0	49.0	78.0	21.0	57.0	45.0	29.0	64.0	63.0	51.0	26.0	12.0	58.0	85.0	14.0	65.0	36.0	39.0	46.0	66.0	64.0	98.0	112.0	35.0	57.0	34.0	35.0	40.0	11.0	67.0	61.0	17.0	38.0	2.0	24.0	98.0	23.0	10.0	45.0	7.0	41.0	4.0	6.0	6.0	20.0	6.0	1.0	8.0				2.0
NC_072430.2	-1::NC_072430.2:107515205-107520419	5214	False	0.7307	1					61.0	6.0		49.0	3.0	25.0	1.0	3.0		2.0	2.0	40.0	3.0		61.0	33.0			19.0	51.0			130.0	64.0	19.0			79.0	22.0	1.0	75.0	2.0		88.0	3.0	56.0	52.0		45.0	150.0	13.0	73.0	4.0		40.0	37.0	48.0	28.0	47.0	115.0	1.0	19.0	1.0	48.0		8.0			49.0	62.0
NC_072430.2	-2::NC_072430.2:107516068-107521240	5172	False	0.7282	1					63.0	13.0	1.0	59.0	2.0	20.0	4.0	3.0		2.0		40.0	3.0	3.0	60.0	43.0			34.0	37.0	1.0		117.0	48.0	24.0			92.0	17.0		65.0			88.0	2.0	42.0	38.0		37.0	158.0	15.0	65.0	3.0	2.0	44.0	48.0	46.0	37.0	44.0	120.0		34.0	2.0	38.0		4.0			38.0	68.0
NC_072430.2	1::NC_072430.2:110822061-110828973	6912	False	0.3876	1	55.0	61.0	63.0	34.0	145.0	52.0	35.0	17.0	131.0	19.0	27.0	74.0	128.0	57.0	23.0	22.0	35.0	42.0	30.0	67.0	43.0	42.0	15.0	9.0	50.0	24.0	24.0	93.0	25.0	16.0	51.0	64.0	34.0	56.0	97.0	11.0	36.0	17.0	43.0	64.0	10.0	41.0	33.0	13.0	11.0	9.0	36.0	74.0	4.0	8.0	37.0	14.0	27.0	4.0	9.0	15.0	11.0	5.0	2.0	6.0				4.0
NC_072430.2	3::NC_072430.2:146180627-146186960	6333	False	0.7238	2	4.0	59.0	2.0		1.0	7.0		63.0		46.0	56.0	1.0	15.0	96.0	5.0		8.0	42.0	2.0	2.0	55.0	1.0	4.0	189.0	57.0		63.0		111.0	1.0	45.0	56.0	95.0	4.0	19.0	62.0	5.0	15.0		56.0	128.0		32.0	61.0	1.0	135.0	21.0	5.0	113.0	4.0	47.0	2.0	5.0	66.0	14.0	47.0		76.0	44.0	3.0				60.0
NC_072430.2	1::NC_072430.2:146180730-146187000	6270	False	0.7274	2	2.0	51.0	6.0	1.0	1.0	4.0	1.0	59.0		58.0	55.0	1.0	19.0	88.0	2.0	3.0	13.0	56.0	6.0	2.0	40.0	3.0	6.0	192.0	65.0		56.0	1.0	102.0	1.0	55.0	49.0	90.0	1.0	18.0	59.0	2.0	20.0	1.0	65.0	135.0		52.0	58.0	3.0	128.0	27.0		100.0	2.0	16.0	2.0	1.0	67.0	6.0	54.0		88.0	41.0	2.0				54.0
NC_072430.2	2::NC_072430.2:146180962-146186896	5934	False	0.7305	1	6.0	46.0	3.0			1.0		50.0		53.0	59.0		8.0	94.0	2.0	2.0	19.0	44.0	6.0		46.0		7.0	176.0	52.0		49.0		101.0		49.0	58.0	76.0	1.0	12.0	64.0		19.0		57.0	124.0		35.0	45.0	2.0	135.0	47.0		116.0	3.0	23.0		2.0	61.0	10.0	29.0		90.0	50.0					46.0
NC_072430.2	-2::NC_072430.2:153280126-153289372	9246	False	0.5001	0								1518.0																																							23.0	1518.0								1.0					22.0			
NC_072430.2	3::NC_072430.2:153280127-153289373	9246	False	0.5	0								22.0																		1518.0															1518.0						1.0	23.0																
NC_072430.2	-3::NC_072430.2:153280257-153291897	11640	False	0.5001	0								421.0																													1.0				1.0						1518.0	421.0													1518.0			
NC_072430.2	2::NC_072430.2:153280258-153291898	11640	False	0.5	0								1518.0																		421.0															420.0						2.0	1518.0								1.0								
NC_072428.2	2::NC_072428.2:86984194-86989345	5151	False	0.4195	2	33.0	60.0	46.0	36.0	116.0	19.0	6.0	14.0	76.0	11.0	33.0	11.0	76.0	37.0	77.0	10.0	27.0	34.0	14.0	54.0	49.0	22.0	27.0	8.0	26.0	28.0	23.0	36.0	25.0	13.0	43.0	54.0	31.0	33.0	70.0	6.0	20.0	32.0	5.0	71.0	15.0	34.0	56.0	7.0	13.0	2.0	19.0	39.0	16.0	3.0	22.0	5.0	34.0	5.0	7.0	3.0	10.0	1.0	7.0	5.0				2.0
NC_072448.2	-3::NC_072448.2:7243394-7270601	27207	False	0.4928	0	1.0				88.0		3.0	22.0	93.0	699.0	6.0	2.0	173.0	1053.0	1753.0	2.0	175.0	1056.0	1.0	4.0		2.0	7.0	5.0			11.0	98.0			1.0	1147.0	2257.0	1.0	1.0	1.0	1.0	189.0	1.0		3.0		6.0	1.0	2.0	2.0	3.0	1.0		2.0		2.0	1.0	1.0	2.0	182.0		2.0	2.0	1.0	1.0		2.0	
NC_072448.2	1::NC_072448.2:7243476-7270779	27303	False	0.4928	0	3.0	6.0	1.0	1.0	96.0	2.0	1.0	25.0	88.0	701.0	5.0	1.0	177.0	1066.0	1746.0	4.0	173.0	1045.0	1.0	1.0	2.0		6.0	8.0	1.0		10.0	95.0	3.0	2.0	1.0	1128.0	2273.0	1.0	1.0	5.0		194.0	1.0	3.0	3.0	1.0	8.0	2.0	2.0	1.0	3.0	2.0	1.0	1.0	4.0	2.0	3.0	3.0	5.0	175.0	1.0	2.0	3.0	1.0				1.0
NC_072448.2	-1::NC_072448.2:7243525-7270459	26934	False	0.4923	0					94.0		1.0	15.0	92.0	706.0	4.0	1.0	175.0	1045.0	1734.0	1.0	178.0	1051.0	2.0				7.0	4.0	1.0		7.0	86.0	1.0		1.0	1132.0	2254.0	1.0			1.0	189.0	1.0		3.0		7.0			3.0	1.0			1.0	1.0				1.0	172.0			2.0	2.0			1.0	
NC_072448.2	-2::NC_072448.2:7243611-7270485	26874	False	0.4919	0					93.0			19.0	85.0	700.0	3.0		177.0	1061.0	1742.0	1.0	171.0	1042.0			1.0		5.0	2.0			7.0	93.0				1117.0	2259.0		1.0			190.0			2.0	1.0	6.0			1.0	1.0	1.0			2.0					174.0		1.0						
NC_072448.2	3::NC_072448.2:7243625-7270745	27120	False	0.4922	0	3.0	2.0		1.0	91.0	2.0	1.0	19.0	92.0	696.0	5.0	1.0	172.0	1053.0	1753.0	2.0	174.0	1055.0	1.0	1.0	1.0	1.0	9.0	3.0	2.0		9.0	97.0			2.0	1145.0	2255.0					184.0			1.0		9.0	1.0	2.0	1.0	2.0		2.0	1.0			2.0	1.0	2.0	178.0	1.0	1.0	2.0	2.0				
NC_072448.2	2::NC_072448.2:7243639-7270552	26913	False	0.4919	0		1.0			94.0		1.0	13.0	92.0	707.0	3.0		174.0	1047.0	1734.0		178.0	1052.0		1.0			7.0	4.0			5.0	86.0				1136.0	2263.0					189.0			2.0		7.0			1.0	1.0								1.0	171.0			1.0					
NC_072446.2	-3::NC_072446.2:9204002-9210932	6930	False	0.6173	1	5.0		1.0		1.0		1.0	3.0	1.0	2.0		3.0	1.0	1.0	2.0		7.0	1.0	3.0	113.0	2.0	5.0		4.0	3.0		2.0					226.0	105.0	3.0	2.0	3.0	3.0	121.0	505.0		439.0	2.0	4.0	4.0	1.0		1.0	3.0		1.0	605.0			1.0		108.0	2.0	1.0	1.0		1.0	1.0	5.0	1.0
NC_072446.2	-2::NC_072446.2:9204072-9211104	7032	False	0.6223	2				1.0	6.0	2.0	1.0	5.0		2.0	3.0	2.0	1.0	6.0	2.0	2.0	3.0		3.0	128.0	2.0	2.0	1.0	2.0	1.0		5.0	1.0	2.0		2.0	230.0	97.0	2.0	1.0	1.0	4.0	125.0	485.0	4.0	428.0	4.0	2.0	4.0		2.0	3.0	1.0		2.0	618.0	2.0	2.0	2.0		131.0		3.0	1.0	1.0			4.0	
NC_072446.2	-1::NC_072446.2:9204106-9210922	6816	False	0.6212	1					3.0			2.0			1.0	6.0		2.0	1.0		6.0			116.0		2.0	1.0		1.0		1.0	1.0	2.0		2.0	217.0	106.0					116.0	494.0	1.0	437.0	2.0	2.0	1.0		2.0	2.0	3.0			611.0		1.0		2.0	124.0		1.0					3.0	
NC_072446.2	1::NC_072446.2:9204138-9210156	6018	False	0.6208	1					6.0			1.0			1.0	1.0			1.0	1.0	3.0			117.0		2.0		2.0				1.0	1.0			200.0	85.0				3.0	107.0	430.0		372.0	2.0					2.0				548.0	1.0	1.0	1.0		114.0		3.0						
NC_072446.2	-3::NC_072446.2:79415333-79423268	7935	False	0.5013	0								26.0																																	1.0						1297.0	25.0								8.0					1288.0			
NC_072446.2	1::NC_072446.2:79415334-79423269	7935	False	0.5012	0								1288.0														1.0				25.0															34.0						1.0	1296.0																
NC_072446.2	-2::NC_072446.2:79415340-79423125	7785	False	0.5013	0								1288.0														1.0																			10.0							1296.0																
NC_072446.2	2::NC_072446.2:79416361-79423126	6765	False	0.501	0																										1121.0											6.0				1127.0						1.0																	
NC_072424.2	-1::NC_072424.2:1203-13038	11835	False	0.5	0							1899.0																1.0				73.0													1899.0																						73.0		
NC_072424.2	2::NC_072424.2:1204-13039	11835	False	0.5001	0							73.0																1899.0				1.0			1899.0										73.0																								
NC_072424.2	-2::NC_072424.2:1568-12965	11397	False	0.5	0																							1.0				1899.0																																			1899.0		
NC_072424.2	1::NC_072424.2:1569-12966	11397	False	0.5001	0							1899.0																				1.0													1899.0																								
NC_072424.2	1::NC_072424.2:10315458-10323864	8406	False	0.4895	2	37.0	67.0	11.0	22.0	143.0	8.0	35.0	54.0	195.0	35.0	107.0	22.0	44.0	90.0	120.0	14.0	49.0	100.0	60.0	29.0	105.0	48.0	44.0	61.0	2.0	25.0	47.0	149.0	26.0	38.0	33.0	99.0	62.0	48.0	32.0	40.0	13.0	42.0	6.0	47.0	26.0	4.0	165.0	54.0	28.0	20.0	31.0	8.0	59.0	24.0	48.0	8.0	56.0	5.0	12.0	3.0	4.0	5.0	29.0	1.0				3.0
NC_072424.2	-1::NC_072424.2:16325061-16330428	5367	False	0.5845	2	22.0		9.0	1.0	15.0	19.0	16.0	57.0	11.0	42.0	19.0	10.0	14.0	47.0	17.0	44.0	23.0	15.0	75.0	28.0	27.0	3.0	40.0	66.0	45.0		53.0	21.0	58.0		40.0	23.0	33.0	32.0	22.0	70.0	28.0	36.0	29.0	36.0	54.0	4.0	9.0	38.0	45.0	16.0	21.0	14.0	108.0	72.0	15.0	7.0	72.0	1.0	7.0	93.0	11.0	1.0	3.0	4.0	7.0	8.0	27.0	6.0
NC_072424.2	2::NC_072424.2:65036416-65043592	7176	False	0.3804	1	74.0	62.0	55.0	34.0	135.0	45.0	47.0	15.0	144.0	19.0	46.0	133.0	66.0	76.0	63.0	17.0	44.0	29.0	25.0	66.0	65.0	40.0	27.0	14.0	45.0	48.0	11.0	67.0	31.0	19.0	55.0	45.0	32.0	64.0	59.0	15.0	37.0	33.0	53.0	55.0	16.0	30.0	60.0	19.0	8.0	9.0	35.0	49.0	12.0	16.0	39.0	8.0	18.0	3.0	15.0	7.0	17.0	3.0	7.0	6.0				5.0
NC_072424.2	-1::NC_072424.2:120556821-120562326	5505	False	0.4979	2	50.0		20.0	28.0	21.0	44.0	19.0	65.0	36.0	31.0	12.0	29.0	26.0	38.0	21.0	32.0	28.0	16.0	80.0	28.0	42.0	14.0	22.0	25.0	62.0		31.0	31.0	37.0		51.0	14.0	46.0	27.0	20.0	64.0	36.0	48.0	33.0	24.0	37.0	11.0	15.0	29.0	35.0	15.0	22.0	24.0	69.0	38.0	36.0	8.0	36.0	13.0	14.0	57.0	14.0	8.0	3.0	8.0	12.0	22.0	53.0	5.0
NC_072424.2	1::NC_072424.2:129069114-129074196	5082	False	0.5018	2	17.0	33.0	18.0	15.0	170.0	12.0	10.0	10.0	81.0	11.0	52.0	11.0	53.0	59.0	42.0	33.0	19.0	40.0	22.0	23.0	32.0	22.0	41.0	18.0	14.0	20.0	27.0	63.0	33.0	8.0	53.0	135.0	16.0	32.0	39.0	8.0	13.0	41.0	5.0	36.0	33.0	3.0	34.0	36.0	11.0	5.0	16.0	24.0	9.0	5.0	51.0	2.0	24.0	9.0	1.0	9.0		8.0	15.0	7.0				5.0
NC_072437.2	-2::NC_072437.2:1476-10929	9453	False	0.5011	0							1160.0																1.0				425.0													1150.0																						415.0		
NC_072437.2	2::NC_072437.2:1477-10930	9453	False	0.5012	0							415.0																1160.0				1.0			1150.0										415.0			10.0																					
NC_072437.2	-3::NC_072437.2:3959-10922	6963	False	0.5015	0																							1.0				1160.0							10.0																												1150.0		
NC_072437.2	1::NC_072437.2:3960-10923	6963	False	0.5017	0							1160.0																				11.0													1150.0																								
NC_072437.2	1::NC_072437.2:17553444-17571741	18297	False	0.3874	2	107.0	219.0	138.0	127.0	353.0	119.0	102.0	71.0	439.0	60.0	144.0	171.0	189.0	141.0	201.0	39.0	146.0	91.0	82.0	139.0	118.0	89.0	40.0	41.0	103.0	125.0	54.0	221.0	54.0	84.0	61.0	190.0	140.0	232.0	139.0	60.0	81.0	107.0	64.0	111.0	61.0	76.0	157.0	31.0	61.0	9.0	79.0	79.0	56.0	22.0	65.0	16.0	64.0	13.0	9.0	29.0	31.0	7.0	18.0	14.0				10.0
NC_072437.2	3::NC_072437.2:70465352-70476911	11559	False	0.3762	1	139.0	80.0	125.0	72.0	186.0	67.0	44.0	33.0	214.0	33.0	89.0	137.0	155.0	88.0	84.0	23.0	72.0	65.0	55.0	73.0	72.0	50.0	25.0	25.0	127.0	97.0	23.0	94.0	31.0	45.0	66.0	70.0	77.0	70.0	75.0	55.0	100.0	67.0	50.0	80.0	21.0	77.0	91.0	31.0	48.0	5.0	36.0	100.0	37.0	36.0	56.0	12.0	34.0	4.0	21.0	44.0	37.0	8.0	8.0	5.0				9.0
NC_072437.2	-1::NC_072437.2:74317024-74322034	5010	False	0.724	1			3.0		44.0	15.0	1.0	42.0	5.0	40.0	4.0	3.0	1.0	2.0		32.0		2.0	81.0	26.0	2.0		37.0	39.0			94.0	42.0	21.0		3.0	101.0	14.0	2.0	58.0	2.0	2.0	89.0	3.0	45.0	47.0	1.0	36.0	139.0	8.0	50.0	24.0	1.0	55.0	51.0	41.0	44.0	34.0	107.0	1.0	27.0	2.0	35.0	2.0	7.0	1.0		39.0	63.0
NC_072437.2	3::NC_072437.2:97585397-97590419	5022	False	0.3321	0	63.0	60.0	47.0	31.0	121.0	35.0	34.0	5.0	123.0	8.0	27.0	104.0	66.0	31.0	36.0	11.0	26.0	24.0	15.0	50.0	60.0	33.0	14.0	8.0	20.0	44.0	5.0	38.0	14.0	9.0	26.0	32.0	23.0	43.0	54.0	11.0	27.0	20.0	37.0	20.0	5.0	21.0	24.0	10.0	15.0	2.0	23.0	35.0	10.0	5.0	22.0	2.0	19.0	1.0		2.0	14.0	1.0	3.0	4.0				1.0
NC_072437.2	2::NC_072437.2:103889728-103895320	5592	False	0.5245	2	34.0	15.0	37.0	23.0	52.0	30.0	37.0	19.0	29.0	27.0	23.0	28.0	63.0	64.0	38.0	37.0	38.0	62.0	81.0	27.0	48.0	20.0	36.0	52.0	17.0	12.0	47.0	26.0	24.0	20.0	34.0	62.0	21.0	16.0	26.0	45.0	41.0	27.0	4.0	45.0	32.0	20.0	26.0	29.0	39.0	22.0	22.0	28.0	33.0	7.0	70.0	12.0	30.0	16.0	13.0	10.0	16.0	13.0	7.0	5.0				27.0
NC_072437.2	-3::NC_072437.2:120300020-120310838	10818	False	0.5003	0								1.0																																	2.0						1801.0	1.0													1801.0			
NC_072437.2	1::NC_072437.2:120300021-120310839	10818	False	0.5002	0								1801.0																		1.0															2.0						1.0	1801.0																
NC_072437.2	-2::NC_072437.2:120300027-120311058	11031	False	0.5001	0								1832.0																																	1.0						6.0	1832.0													6.0			
NC_072437.2	2::NC_072437.2:120300028-120311059	11031	False	0.5	0								6.0																		1832.0															1832.0						1.0	6.0																
NC_072441.2	3::NC_072441.2:158-11927	11769	False	0.4998	0							42.0		1.0		1.0	1.0			1.0		1.0						1915.0				1.0			1916.0										43.0																	1.0							
NC_072441.2	-2::NC_072441.2:208-11956	11748	False	0.4995	0	1.0		1.0				1913.0		1.0			1.0			1.0			1.0					2.0				39.0													1912.0					1.0						1.0		2.0									40.0		
NC_072441.2	-3::NC_072441.2:441-11973	11532	False	0.4993	0	1.0		1.0	1.0		1.0			1.0	2.0				3.0				1.0					1.0		1.0		1911.0		1.0				1.0	2.0					2.0			1.0	1.0																			1912.0		
NC_072441.2	2::NC_072441.2:442-11914	11472	False	0.4999	0							1911.0		1.0																															1912.0																								
NC_072441.2	-3::NC_072441.2:80570022-80586390	16368	False	0.5706	1	19.0		17.0	126.0	5.0	1.0	5.0	55.0	36.0	6.0	9.0	3.0	6.0	5.0	33.0	16.0	308.0	6.0	343.0	16.0	118.0	74.0	303.0	3.0	12.0		252.0	6.0	215.0		294.0	1.0	797.0	13.0	25.0	25.0	221.0	329.0	19.0	63.0	13.0	2.0	14.0	576.0	25.0	1.0	19.0	9.0	82.0	8.0	198.0	9.0	22.0	13.0	89.0	56.0	2.0	40.0	75.0	86.0	1.0	15.0	315.0	1.0
NC_072441.2	-1::NC_072441.2:80644604-80661518	16914	False	0.5616	2	25.0		42.0	35.0	31.0	4.0	22.0	10.0	7.0	40.0		31.0	1.0	8.0	1.0	187.0	177.0	26.0	356.0	84.0	166.0	33.0	57.0	52.0	14.0		184.0	3.0	380.0		213.0	16.0	281.0	3.0	250.0	199.0	170.0	320.0	79.0	141.0	57.0	17.0	19.0	97.0	81.0	14.0	47.0	32.0	224.0	133.0	392.0	2.0	113.0	85.0	33.0	25.0	9.0	33.0	126.0	26.0	2.0	6.0	374.0	43.0
NC_072441.2	-1::NC_072441.2:80706827-80714066	7239	False	0.4941	1	14.0		11.0	46.0	5.0	4.0	17.0	7.0	47.0	14.0	2.0	10.0	4.0	6.0	22.0	23.0	160.0	15.0	107.0	83.0	93.0	17.0	78.0	19.0	13.0		72.0	3.0	195.0		41.0	2.0	156.0	6.0	101.0	57.0	138.0	80.0	91.0	37.0	4.0	12.0	8.0	124.0	27.0	1.0	21.0	11.0	64.0	10.0	101.0	2.0	15.0		2.0	16.0	5.0	4.0	7.0	6.0	1.0	3.0	173.0	
NC_072441.2	1::NC_072441.2:136080588-136085727	5139	False	0.5775	2	17.0	47.0	10.0	4.0	52.0	20.0	15.0	26.0	43.0	40.0	26.0	3.0	15.0	69.0	31.0	20.0	27.0	25.0	60.0	28.0	16.0	5.0	45.0	37.0	23.0	7.0	86.0	69.0	75.0	4.0	23.0	87.0	14.0	17.0	38.0	26.0	22.0	15.0	8.0	57.0	33.0	8.0	58.0	52.0	27.0	16.0	13.0	12.0	32.0	11.0	37.0	3.0	69.0	21.0	4.0	6.0	25.0	4.0	9.0	3.0				18.0
NC_072441.2	-3::NC_072441.2:138267417-138272922	5505	False	0.4165	2	84.0		48.0	11.0	19.0	35.0	37.0	32.0	31.0	44.0	11.0	57.0	26.0	38.0	16.0	31.0	28.0	13.0	58.0	47.0	30.0	5.0	30.0	23.0	51.0		19.0	35.0	42.0		20.0	20.0	48.0	38.0	47.0	126.0	50.0	23.0	49.0	16.0	12.0	35.0	5.0	21.0	58.0	2.0	18.0	25.0	60.0	46.0	14.0	4.0	31.0	4.0	2.0	25.0	30.0		3.0	5.0	29.0	39.0	24.0	5.0
NC_072441.2	-1::NC_072441.2:146695433-146713406	17973	False	0.5001	0								1400.0																																	1.0						1595.0	1400.0													1595.0			
NC_072441.2	1::NC_072441.2:146695434-146713407	17973	False	0.5	0								1595.0																		1400.0															1400.0						1.0	1595.0																
NC_072441.2	-3::NC_072441.2:146697192-146706765	9573	False	0.5002	0								1595.0																																	1.0							1595.0																
NC_072441.2	2::NC_072441.2:146697193-146706766	9573	False	0.5001	0																										1595.0															1595.0						1.0																	
NC_072441.2	-2::NC_072441.2:146706763-146713585	6822	False	0.5	0								30.0																																							1107.0	30.0													1107.0			
NC_072441.2	3::NC_072441.2:146706764-146713586	6822	False	0.4999	0								1107.0																		30.0															29.0						1.0	1107.0																
NC_072439.2	-1::NC_072439.2:2712-10515	7803	False	0.5017	0							897.0																1.0				415.0													885.0																	1.0					402.0		
NC_072439.2	2::NC_072439.2:2713-10516	7803	False	0.5019	0							402.0																898.0				1.0			885.0										403.0			12.0																					
NC_072439.2	-2::NC_072439.2:5033-10334	5301	False	0.501	0																							1.0				883.0							5.0																												878.0		
NC_072439.2	1::NC_072439.2:5034-10425	5391	False	0.5027	0							897.0																				14.0													885.0																	1.0							
NC_072439.2	1::NC_072439.2:11152233-11157408	5175	False	0.7306	2	6.0	7.0	4.0		8.0	4.0	16.0	19.0	5.0	28.0	30.0	2.0	13.0	62.0	8.0	16.0	9.0	55.0	101.0	8.0	5.0	4.0	40.0	76.0	7.0		110.0	47.0	60.0	8.0	21.0	93.0	4.0	5.0	15.0	17.0	5.0	13.0	2.0	20.0	41.0	3.0	30.0	132.0	20.0	60.0	10.0	2.0	31.0	24.0	54.0	7.0	79.0	61.0	16.0	9.0	15.0	58.0	23.0	35.0				62.0
NC_072439.2	3::NC_072439.2:24070814-24076409	5595	False	0.4518	2	33.0	23.0	19.0	32.0	167.0	20.0	12.0	49.0	138.0	14.0	26.0	9.0	32.0	65.0	31.0	16.0	51.0	24.0	61.0	19.0	19.0	17.0	20.0	11.0	22.0	18.0	14.0	125.0	20.0	32.0	35.0	152.0	48.0	48.0	24.0	9.0	36.0	31.0	3.0	21.0	13.0	5.0	30.0	40.0	19.0	8.0	12.0	25.0	24.0	8.0	34.0	2.0	21.0	5.0	10.0	36.0	12.0	5.0	3.0	3.0				4.0
NC_072439.2	3::NC_072439.2:24124019-24129800	5781	False	0.442	2	25.0	21.0	30.0	28.0	160.0	18.0	7.0	50.0	159.0	14.0	27.0	15.0	42.0	58.0	31.0	16.0	47.0	31.0	51.0	25.0	27.0	16.0	18.0	16.0	28.0	39.0	20.0	114.0	21.0	26.0	40.0	182.0	48.0	47.0	23.0	18.0	38.0	19.0	6.0	19.0	23.0	13.0	32.0	40.0	19.0	4.0	23.0	22.0	16.0	3.0	21.0	5.0	23.0	2.0	7.0	33.0	8.0	2.0	5.0	3.0				3.0
NC_072439.2	1::NC_072439.2:33032205-33037500	5295	False	0.5552	2	17.0	37.0	16.0	13.0	20.0	9.0	12.0	2.0	88.0	7.0	45.0	14.0	13.0	19.0	40.0	20.0	13.0	15.0	22.0	20.0	93.0	14.0	59.0	17.0	24.0	16.0	145.0	30.0	72.0	21.0	105.0	19.0	6.0	17.0	84.0	11.0	12.0	38.0	10.0	124.0	35.0	4.0	131.0	59.0	11.0	1.0	27.0	29.0	27.0	8.0	29.0	3.0	9.0	8.0	2.0	2.0	4.0	6.0	1.0	5.0				5.0
NC_072439.2	3::NC_072439.2:36425162-36431177	6015	False	0.7224	1		57.0	1.0	2.0	1.0	1.0	1.0	63.0		51.0	54.0		20.0	90.0	2.0		8.0	42.0	2.0	1.0	44.0	1.0	4.0	159.0	64.0		62.0		107.0	1.0	46.0	48.0	91.0		13.0	52.0	1.0	22.0		59.0	131.0		43.0	59.0	2.0	118.0	32.0		100.0	2.0	50.0	2.0	4.0	60.0	12.0	63.0		58.0	45.0					54.0
NC_072439.2	2::NC_072439.2:36425215-36431266	6051	False	0.7229	2	1.0	48.0	1.0			2.0	1.0	54.0		49.0	61.0	2.0	8.0	96.0	2.0		22.0	46.0	4.0		51.0	1.0	14.0	166.0	51.0		52.0		104.0		46.0	64.0	84.0	1.0	17.0	57.0		13.0		55.0	122.0		33.0	51.0		122.0	49.0		120.0	3.0	39.0	1.0	12.0	59.0	12.0	51.0		76.0	48.0	1.0				45.0
NC_072439.2	3::NC_072439.2:38084816-38090105	5289	False	0.4133	0	45.0	37.0	197.0	6.0	6.0	171.0	4.0	1.0		36.0	23.0	24.0	8.0	16.0	30.0	7.0	10.0	4.0	15.0	7.0	20.0	4.0	7.0	8.0	28.0	13.0	8.0	2.0	203.0	15.0	6.0	3.0		27.0	46.0	229.0	25.0	5.0	19.0	26.0	2.0	34.0	172.0	3.0	14.0	5.0		39.0	39.0	29.0	7.0	25.0	2.0	16.0	4.0	14.0	6.0	2.0	3.0	5.0				1.0
NC_072439.2	1::NC_072439.2:41451441-41460963	9522	False	0.4855	0	12.0	356.0	26.0	48.0	113.0		2.0	21.0	31.0		53.0	19.0	10.0	9.0	491.0	9.0	12.0	1.0	12.0	24.0	239.0	45.0	17.0	11.0	5.0	43.0		5.0	3.0	88.0	192.0	48.0	77.0	29.0	57.0	2.0	8.0	367.0		22.0	239.0	4.0	107.0	5.0	3.0	3.0	30.0	50.0	4.0		199.0		2.0	1.0	3.0	3.0	4.0	2.0	6.0	2.0				
NC_072439.2	-2::NC_072439.2:41451578-41460950	9372	False	0.4864	0	8.0		48.0	2.0	12.0	3.0	325.0	269.0	35.0	11.0	4.0	44.0	26.0	11.0	28.0	23.0	2.0	367.0		170.0	95.0	1.0	114.0	19.0	1.0		6.0	57.0	4.0		7.0	11.0	70.0	2.0	5.0	18.0	1.0	3.0	51.0		7.0	15.0	3.0	4.0	366.0	5.0	72.0	3.0	7.0	29.0		5.0	202.0			360.0	44.0		3.0	3.0	44.0	3.0	96.0	
NC_072439.2	3::NC_072439.2:97768139-97774187	6048	False	0.5766	1	6.0	114.0	2.0	7.0	2.0	7.0	2.0	2.0	2.0	111.0	129.0	1.0	1.0	2.0	114.0	118.0	3.0	72.0	5.0	14.0	101.0	1.0	237.0	2.0	118.0	2.0	16.0	3.0	208.0		59.0	4.0	2.0	1.0	63.0	3.0	2.0	1.0	3.0	210.0	3.0		1.0	30.0	2.0	1.0	123.0	1.0	5.0	2.0	3.0	2.0	54.0			2.0	1.0	1.0	29.0	6.0				
NC_072439.2	-2::NC_072439.2:106244456-106255763	11307	False	0.5001	0	1.0							73.0																																	2.0						1810.0	73.0													1810.0			
NC_072439.2	1::NC_072439.2:106244457-106255764	11307	False	0.5	0								1810.0																		73.0											1.0				73.0						2.0	1810.0																
NC_072439.2	-1::NC_072439.2:106244535-106255398	10863	False	0.5001	0								1810.0																																	1.0							1810.0																
NC_072439.2	2::NC_072439.2:106244536-106255399	10863	False	0.5	0																										1810.0															1810.0						1.0																	
NC_072438.2	-2::NC_072438.2:1950-7800	5850	False	0.4998	0							483.0																1.0				491.0													483.0																						492.0		
NC_072438.2	2::NC_072438.2:1951-7801	5850	False	0.5	0							492.0																483.0							483.0										492.0																								
NC_072438.2	-3::NC_072438.2:4901-13502	8601	False	0.5238	0							744.0											205.0					1.0				483.0													950.0																						484.0		
NC_072438.2	1::NC_072438.2:4902-13503	8601	False	0.5238	0							484.0												205.0				949.0		1.0					744.0										484.0																								
NC_072438.2	-1::NC_072438.2:7798-13495	5697	False	0.5361	0																							1.0				949.0																																			744.0	205.0	
NC_072438.2	3::NC_072438.2:7799-13496	5697	False	0.5361	0							744.0											205.0																						950.0																								
NC_072438.2	3::NC_072438.2:14213300-14219129	5829	False	0.7284	1	1.0	43.0		1.0	1.0		2.0	55.0	1.0	41.0	69.0		18.0	102.0	2.0		25.0	29.0	5.0	1.0	48.0	4.0	16.0	165.0	47.0		45.0		106.0		34.0	70.0	65.0	4.0	14.0	36.0	1.0	25.0	1.0	50.0	108.0		29.0	51.0	2.0	124.0	26.0	1.0	138.0	4.0	30.0	2.0	6.0	59.0	18.0	30.0		85.0	59.0					44.0
NC_072438.2	2::NC_072438.2:14213353-14218849	5496	False	0.7307	1		34.0	1.0					48.0		64.0	48.0		26.0	65.0	2.0		16.0	56.0	1.0		35.0		11.0	186.0	37.0		37.0		83.0		62.0	47.0	78.0		13.0	55.0		21.0	1.0	77.0	121.0		53.0	36.0	1.0	103.0	26.0		105.0		8.0	1.0	8.0	68.0	9.0	45.0		67.0	41.0	2.0				34.0
NC_072438.2	-3::NC_072438.2:21435887-21442181	6294	False	0.4415	2	107.0		63.0	9.0	5.0	37.0	52.0	30.0	15.0	43.0	7.0	39.0	20.0	20.0	30.0	48.0	34.0	20.0	30.0	55.0	71.0	8.0	50.0	29.0	62.0		32.0	18.0	43.0		53.0	14.0	51.0	30.0	42.0	176.0	35.0	32.0	73.0	16.0	17.0	20.0	1.0	34.0	76.0	1.0	39.0	24.0	77.0	59.0	15.0	3.0	59.0	6.0	4.0	42.0	32.0	5.0	3.0	4.0	4.0	32.0	39.0	3.0
NC_072438.2	-3::NC_072438.2:46820219-46825262	5043	False	0.7275	2			1.0		47.0	6.0		47.0	4.0	27.0	2.0	3.0	1.0	3.0		43.0	2.0		70.0	41.0			29.0	48.0			108.0	54.0	22.0		5.0	97.0	17.0	1.0	60.0	1.0	4.0	85.0	3.0	45.0	41.0	2.0	26.0	144.0	9.0	57.0	5.0	1.0	50.0	49.0	46.0	40.0	41.0	115.0	2.0	33.0	1.0	36.0	2.0	3.0	1.0		37.0	64.0
NC_072438.2	1::NC_072438.2:100272627-100278042	5415	False	0.5908	0	2.0	3.0	3.0	3.0	1.0	1.0	2.0	3.0	1.0	526.0	2.0	4.0	1.0	2.0	393.0	1.0			3.0	1.0	6.0		107.0		1.0	1.0	112.0		98.0	1.0	1.0	4.0	2.0	2.0	73.0	5.0		3.0	2.0	118.0		1.0	121.0	1.0	1.0	1.0			181.0	1.0	1.0	1.0	3.0	2.0		1.0	2.0							
NC_072438.2	-1::NC_072438.2:100272688-100277944	5256	False	0.5955	0						2.0	1.0	1.0		511.0					409.0	1.0	1.0				4.0		115.0				113.0		119.0				1.0	1.0	63.0	1.0	1.0	1.0		103.0	1.0		100.0		1.0				194.0	1.0		2.0		1.0			3.0				1.0			
NC_072438.2	3::NC_072438.2:100272695-100277972	5277	False	0.5952	0	1.0	4.0		2.0		3.0			1.0	504.0	1.0			1.0	409.0	2.0			1.0		2.0		105.0	1.0			124.0		121.0		1.0	2.0	1.0	2.0	72.0			2.0		110.0			112.0					1.0	170.0	1.0		1.0		1.0			1.0							
NC_072438.2	2::NC_072438.2:100272700-100277977	5277	False	0.595	0						2.0	1.0	1.0		512.0	1.0				409.0	1.0	1.0				4.0		115.0			1.0	113.0		119.0	1.0			2.0	1.0	64.0	1.0			1.0	103.0	2.0		100.0					2.0	194.0	1.0		2.0	1.0	1.0			3.0							
NC_072438.2	-1::NC_072438.2:111286591-111293272	6681	False	0.5004	1								665.0																													1.0				2.0						447.0	665.0													447.0			
NC_072438.2	3::NC_072438.2:111286592-111293273	6681	False	0.5002	1								447.0																		665.0															665.0						2.0	447.0								1.0								
NC_072435.2	2::NC_072435.2:22936687-22942063	5376	False	0.676	1	6.0	2.0	1.0	3.0	1.0	2.0		431.0	4.0		2.0	2.0	7.0	5.0	1.0	1.0	3.0	3.0	1.0	4.0	4.0	2.0	2.0		1.0	1.0	2.0	2.0	3.0	2.0	2.0	479.0	81.0	3.0	6.0	2.0	3.0	472.0	3.0	3.0	216.0	2.0	3.0		1.0	1.0		2.0	4.0	1.0	1.0		2.0	2.0		3.0	1.0		1.0					
NC_072435.2	-1::NC_072435.2:22936865-22942058	5193	False	0.6886	1	2.0			2.0	4.0			410.0	1.0		1.0	1.0	1.0	1.0	1.0		3.0	1.0	1.0	1.0		1.0		3.0	2.0		1.0	1.0	1.0			543.0	71.0	2.0	2.0	1.0		435.0		3.0	212.0		1.0		1.0	1.0	1.0	1.0	4.0	2.0	1.0		2.0		1.0	1.0		2.0	1.0	1.0			2.0	1.0
NC_072435.2	-3::NC_072435.2:22936884-22941969	5085	False	0.6916	1					2.0			483.0	1.0		3.0		2.0	1.0				1.0						1.0				4.0				503.0	62.0			1.0		419.0			202.0					2.0					1.0					1.0	1.0		1.0		1.0		3.0	
NC_072435.2	-2::NC_072435.2:22936891-22942126	5235	False	0.6881	1	1.0		2.0		1.0			433.0		1.0	2.0	2.0	5.0	5.0	1.0	2.0	2.0	2.0	1.0	2.0	1.0		2.0				3.0	2.0	1.0		1.0	478.0	77.0	1.0	3.0		1.0	472.0		2.0	216.0		1.0			1.0		1.0	5.0	2.0	2.0		2.0	2.0		4.0			1.0			1.0	1.0	
NC_072435.2	-1::NC_072435.2:35210777-35232653	21876	False	0.4887	2	102.0		68.0	31.0	61.0	220.0	81.0	285.0	70.0	189.0		89.0	132.0	119.0		130.0	88.0	106.0	88.0	343.0	135.0	18.0	70.0	135.0	83.0		78.0	104.0	92.0		200.0	69.0	427.0	92.0	94.0	225.0	75.0	353.0	536.0	84.0	112.0	72.0	44.0	60.0	101.0	11.0	464.0	79.0	214.0	114.0	64.0	38.0	114.0	3.0	24.0	186.0	46.0	7.0	7.0	5.0	33.0	57.0	357.0	8.0
NC_072435.2	-3::NC_072435.2:35237292-35246931	9639	False	0.4915	2	41.0		38.0	11.0	27.0	74.0	35.0	91.0	40.0	39.0	1.0	35.0	51.0	48.0		39.0	32.0	50.0	39.0	180.0	90.0	14.0	26.0	61.0	42.0		46.0	44.0	72.0		98.0	52.0	170.0	47.0	53.0	88.0	21.0	114.0	227.0	26.0	66.0	28.0	30.0	35.0	49.0	8.0	151.0	36.0	89.0	80.0	26.0	15.0	76.0	3.0	9.0	117.0	25.0	3.0	3.0		16.0	23.0	160.0	3.0
NC_072435.2	-2::NC_072435.2:99403900-99409771	5871	False	0.7304	1					65.0	7.0	1.0	56.0	1.0	29.0	4.0	1.0	1.0	7.0	1.0	52.0		1.0	79.0	41.0	3.0		38.0	60.0	1.0		140.0	72.0	18.0		1.0	75.0	17.0		86.0		1.0	92.0	1.0	58.0	58.0		59.0	173.0	3.0	66.0	6.0		45.0	44.0	57.0	34.0	47.0	117.0	2.0	46.0	3.0	53.0	1.0	12.0			54.0	68.0
NC_072429.2	-1::NC_072429.2:1356-11205	9849	False	0.5161	0							1414.0																1.0				70.0													1571.0													157.0				1.0					69.0		
NC_072429.2	2::NC_072429.2:1357-11206	9849	False	0.5162	0							69.0																1415.0				1.0			1571.0										70.0				157.0																				
NC_072429.2	1::NC_072429.2:1764-11199	9435	False	0.5169	0							1414.0																				2.0													1571.0													157.0				1.0							
NC_072429.2	-2::NC_072429.2:1769-11198	9429	False	0.5168	0																											1572.0																																		157.0	1414.0		
NC_072429.2	-1::NC_072429.2:62933967-62939709	5742	False	0.3654	1	97.0		105.0	38.0	17.0	45.0	37.0	31.0	52.0	25.0	18.0	51.0	18.0	10.0	31.0	37.0	33.0	11.0	33.0	51.0	65.0	10.0	31.0	12.0	47.0		7.0	35.0	30.0		16.0	16.0	61.0	35.0	35.0	111.0	48.0	20.0	41.0	17.0	10.0	40.0	9.0	16.0	77.0	2.0	21.0	43.0	59.0	35.0	12.0	1.0	34.0	2.0	4.0	31.0	22.0	2.0	1.0	5.0	17.0	42.0	52.0	
NC_072429.2	2::NC_072429.2:75214693-75220159	5466	False	0.4733	2	42.0	18.0	26.0	15.0	82.0	19.0	29.0	14.0	86.0	28.0	39.0	44.0	59.0	89.0	35.0	13.0	41.0	39.0	35.0	33.0	23.0	9.0	29.0	25.0	20.0	23.0	37.0	45.0	34.0	14.0	32.0	33.0	16.0	69.0	47.0	26.0	33.0	24.0	16.0	58.0	16.0	17.0	79.0	30.0	21.0	12.0	16.0	25.0	29.0	12.0	22.0	8.0	35.0	19.0	9.0	8.0	25.0	6.0	19.0	6.0				9.0
NC_072429.2	-1::NC_072429.2:142680906-142691427	10521	False	0.6704	2	12.0		4.0	10.0	65.0	58.0	8.0	20.0	15.0	175.0	24.0	14.0	90.0	296.0	12.0	145.0	6.0	81.0	206.0	23.0	13.0	70.0	18.0	237.0	90.0		88.0	16.0	20.0		71.0	111.0	23.0	15.0	18.0	25.0	19.0	55.0	35.0	62.0	99.0	2.0	28.0	174.0	19.0	24.0	90.0	39.0	253.0	47.0	60.0	58.0	41.0	76.0	26.0	34.0	5.0	89.0	12.0	9.0	15.0	1.0	12.0	44.0
NC_072429.2	-1::NC_072429.2:142735881-142742115	6234	False	0.6513	2	5.0		2.0	6.0	42.0	29.0	3.0	15.0	10.0	92.0	13.0	8.0	81.0	173.0	2.0	91.0	5.0	37.0	125.0	20.0	9.0	59.0	15.0	105.0	96.0		20.0	9.0	3.0		41.0	49.0	13.0	10.0	4.0	15.0	2.0	52.0	17.0	15.0	45.0	1.0	8.0	114.0	14.0	11.0	53.0	23.0	187.0	19.0	30.0	41.0	29.0	57.0	19.0	8.0	1.0	68.0	14.0	4.0	5.0	1.0	12.0	21.0
NC_072433.2	-1::NC_072433.2:1798-13666	11868	False	0.5161	0							386.0																1.0		1.0		1591.0													385.0																						1399.0	193.0	
NC_072433.2	3::NC_072433.2:1799-13667	11868	False	0.5162	0							1399.0											193.0			1.0		385.0			1.0	1.0			385.0										1591.0																								
NC_072433.2	-3::NC_072433.2:4124-13673	9549	False	0.5203	0							1397.0											193.0			1.0						2.0													1589.0																						1.0		
NC_072433.2	1::NC_072433.2:4125-13674	9549	False	0.5204	0							1.0												193.0				1590.0				1.0			1397.0										1.0																								
NC_072433.2	2::NC_072433.2:21024703-21030550	5847	False	0.7253	2	7.0	46.0	5.0	3.0	1.0	2.0	1.0	51.0		48.0	60.0	1.0	8.0	81.0	3.0		8.0	48.0	2.0		47.0	1.0	7.0	164.0	65.0		49.0		102.0	1.0	46.0	59.0	69.0	4.0	20.0	54.0	2.0	25.0		51.0	122.0		34.0	55.0	1.0	138.0	32.0		115.0	2.0	36.0	2.0	7.0	64.0	4.0	30.0		71.0	48.0	2.0				45.0
NC_072433.2	3::NC_072433.2:21024935-21030623	5688	False	0.7233	1	10.0	51.0	1.0	1.0		2.0	2.0	56.0		44.0	50.0	4.0	3.0	87.0	1.0	3.0	10.0	45.0	2.0		41.0		7.0	158.0	65.0	5.0	61.0		98.0		45.0	49.0	77.0	1.0	17.0	63.0	2.0	26.0	2.0	49.0	124.0		25.0	49.0		126.0	25.0		96.0		31.0		4.0	67.0	5.0	43.0	2.0	69.0	42.0	1.0				49.0
NC_072433.2	1::NC_072433.2:21024939-21030615	5676	False	0.7239	1	7.0	46.0	4.0			6.0		50.0		50.0	48.0	1.0	7.0	70.0	3.0		4.0	47.0	2.0		44.0	2.0	2.0	172.0	55.0	1.0	49.0		93.0		50.0	54.0	82.0	1.0	21.0	68.0		20.0	1.0	61.0	123.0	2.0	35.0	44.0		123.0	34.0		95.0	1.0	25.0		4.0	69.0	6.0	41.0	4.0	69.0	44.0	2.0				50.0
NC_072433.2	-1::NC_072433.2:22154515-22160029	5514	False	0.5261	2	40.0		33.0	11.0	28.0	33.0	10.0	49.0	38.0	28.0	15.0	22.0	30.0	63.0	16.0	48.0	18.0	16.0	124.0	31.0	35.0	26.0	14.0	51.0	78.0		24.0	18.0	23.0		45.0	42.0	26.0	36.0	18.0	47.0	45.0	45.0	28.0	20.0	47.0	6.0	8.0	27.0	36.0	24.0	40.0	48.0	69.0	33.0	24.0	10.0	32.0	13.0	5.0	48.0	8.0	8.0	8.0	7.0	15.0	11.0	27.0	10.0
NC_072433.2	-2::NC_072433.2:53554017-53559444	5427	False	0.616	2	16.0		18.0	9.0	30.0	19.0	5.0	31.0	9.0	29.0	44.0		23.0	59.0	39.0	48.0	33.0	13.0	77.0	27.0	26.0	22.0	28.0	60.0	46.0		56.0	12.0	30.0		65.0	42.0	29.0	16.0	6.0	50.0	11.0	29.0	23.0	34.0	62.0	3.0	14.0	61.0	19.0	5.0	40.0	38.0	110.0	35.0	82.0	8.0	35.0	49.0	2.0	31.0	7.0	40.0	15.0	11.0	5.0	1.0	16.0	6.0
NC_072433.2	-1::NC_072433.2:53841505-53848756	7251	False	0.7267	1			1.0		69.0	8.0	1.0	66.0	3.0	57.0	9.0	2.0		4.0		39.0	1.0	3.0	116.0	58.0	1.0		28.0	64.0			163.0	76.0	19.0		2.0	117.0	20.0		108.0		2.0	137.0	5.0	82.0	74.0		67.0	198.0	21.0	70.0	3.0		63.0	61.0	55.0	46.0	59.0	162.0		30.0	1.0	69.0	2.0	15.0			71.0	89.0
NC_072433.2	-2::NC_072433.2:53841516-53848635	7119	False	0.7271	1					77.0	21.0		73.0	3.0	29.0	5.0	1.0	1.0	13.0		67.0	3.0	2.0	91.0	53.0			55.0	61.0	2.0		166.0	76.0	22.0			110.0	18.0		107.0		2.0	112.0		69.0	63.0		62.0	221.0	15.0	75.0	2.0		54.0	56.0	68.0	39.0	68.0	144.0		59.0		55.0	2.0	2.0	1.0	1.0	58.0	89.0
NC_072433.2	-3::NC_072433.2:53959385-53965793	6408	False	0.725	1	2.0		1.0		77.0	16.0	3.0	61.0	3.0	27.0	9.0			4.0	1.0	48.0	2.0		93.0	58.0			34.0	47.0	2.0		130.0	64.0	25.0		5.0	114.0	21.0	3.0	81.0	2.0	2.0	106.0	3.0	58.0	58.0	1.0	38.0	199.0	15.0	79.0	3.0	3.0	58.0	65.0	53.0	45.0	52.0	141.0		35.0	1.0	50.0		8.0			46.0	84.0
NC_072433.2	-2::NC_072433.2:53959449-53966802	7353	False	0.7217	2	3.0				84.0	16.0	3.0	67.0	4.0	35.0	4.0	4.0	1.0	6.0		54.0			105.0	54.0			38.0	69.0	2.0		158.0	84.0	25.0		5.0	115.0	23.0	2.0	101.0	3.0	3.0	125.0	6.0	72.0	74.0	2.0	55.0	212.0	21.0	87.0	2.0	2.0	64.0	60.0	68.0	46.0	63.0	149.0		51.0	1.0	58.0	2.0	13.0	1.0		59.0	90.0
NC_072433.2	1::NC_072433.2:67270836-67281090	10254	False	0.4135	0	62.0	170.0	76.0	44.0	314.0	48.0	23.0	21.0	171.0	24.0	103.0	68.0	102.0	67.0	99.0	29.0	42.0	58.0	34.0	60.0	71.0	57.0	34.0	20.0	35.0	68.0	27.0	121.0	55.0	39.0	77.0	151.0	39.0	73.0	150.0	23.0	55.0	54.0	14.0	87.0	18.0	44.0	133.0	22.0	29.0	4.0	48.0	65.0	23.0	7.0	65.0	11.0	25.0	16.0	3.0	10.0	12.0	4.0	6.0	8.0				
NC_072433.2	2::NC_072433.2:71086795-71092192	5397	False	0.4217	2	50.0	56.0	50.0	28.0	162.0	27.0	15.0	13.0	41.0	11.0	51.0	33.0	63.0	28.0	91.0	18.0	28.0	30.0	22.0	44.0	78.0	29.0	33.0	18.0	13.0	36.0	23.0	24.0	22.0	10.0	40.0	65.0	19.0	39.0	78.0	19.0	17.0	31.0	2.0	47.0	11.0	19.0	53.0	14.0	19.0	1.0	30.0	34.0	13.0	1.0	31.0	2.0	23.0	4.0	2.0	10.0	13.0	1.0	10.0	4.0				
NC_072433.2	2::NC_072433.2:99816487-99823072	6585	False	0.4058	2	32.0	100.0	44.0	34.0	119.0	38.0	31.0	22.0	114.0	12.0	48.0	97.0	89.0	60.0	49.0	9.0	32.0	29.0	12.0	92.0	58.0	19.0	27.0	13.0	26.0	36.0	25.0	52.0	40.0	19.0	48.0	31.0	61.0	57.0	93.0	10.0	18.0	52.0	20.0	68.0	11.0	25.0	69.0	28.0	9.0	4.0	32.0	35.0	15.0	5.0	23.0	10.0	37.0	1.0	17.0	9.0	13.0		5.0	7.0				4.0
NC_072433.2	2::NC_072433.2:133900369-133912264	11895	False	0.6635	2	28.0	36.0	9.0	1.0	60.0	28.0	46.0	105.0	41.0	81.0	70.0	15.0	43.0	163.0	44.0	35.0	35.0	129.0	170.0	41.0	38.0	5.0	95.0	155.0	23.0	6.0	265.0	121.0	93.0	11.0	75.0	200.0	48.0	27.0	38.0	72.0	32.0	65.0	23.0	112.0	143.0	6.0	120.0	204.0	19.0	52.0	46.0	13.0	82.0	57.0	70.0	15.0	157.0	84.0	14.0	25.0	23.0	48.0	30.0	24.0				49.0
NC_072433.2	-2::NC_072433.2:134743197-134749977	6780	False	0.5667	2	118.0		14.0	9.0	37.0	19.0	15.0	49.0	22.0	43.0	21.0	9.0	35.0	77.0	9.0	150.0	13.0	23.0	60.0	12.0	27.0	32.0	7.0	92.0	165.0		38.0	13.0	16.0		58.0	33.0	38.0	11.0	31.0	79.0	8.0	83.0	18.0	52.0	76.0	5.0	15.0	38.0	33.0	38.0	31.0	23.0	175.0	22.0	39.0	29.0	33.0	19.0	21.0	32.0	5.0	15.0	3.0	12.0	8.0	7.0	20.0	25.0
NC_072433.2	1::NC_072433.2:134976537-134982198	5661	False	0.7349	1	1.0	50.0	1.0			2.0	1.0	60.0	1.0	59.0	33.0		8.0	60.0		5.0	5.0	51.0	5.0	1.0	26.0	2.0	4.0	171.0	63.0		54.0		78.0		58.0	32.0	86.0	3.0	22.0	61.0		18.0	2.0	64.0	145.0		51.0	53.0	1.0	122.0	36.0	2.0	65.0	3.0	36.0	1.0	3.0	73.0	7.0	71.0		57.0	19.0	3.0				52.0
NC_072433.2	-1::NC_072433.2:142576030-142584793	8763	False	0.5079	0	1.0							1214.0						20.0		26.0																									9.0					12.0	229.0	1204.0													206.0			
NC_072433.2	3::NC_072433.2:142576031-142584794	8763	False	0.5079	0		8.0						226.0								23.0										1205.0			9.0												1233.0						2.0	206.0												9.0				
NC_072433.2	-2::NC_072433.2:142577574-142585212	7638	False	0.4999	0								70.0																																							1202.0	71.0													1203.0			
NC_072433.2	2::NC_072433.2:142577575-142585213	7638	False	0.4997	0	1.0							1203.0																		70.0															69.0						1.0	1202.0																
NC_072447.2	-3::NC_072447.2:14946081-14951121	5040	False	0.5054	0	1.0			1.0	4.0		2.0	11.0	2.0	143.0	3.0	3.0	31.0	158.0	307.0	1.0	31.0	192.0	2.0	5.0		2.0	1.0	4.0			5.0	5.0			1.0	248.0	416.0	2.0	1.0	1.0	1.0	38.0	1.0	1.0	4.0				2.0	1.0	2.0	1.0		2.0		2.0	2.0	1.0	1.0	29.0		2.0	2.0	1.0	2.0		2.0	
NC_072447.2	-2::NC_072447.2:17393152-17398213	5061	False	0.4768	2	52.0		32.0	12.0	18.0	30.0	27.0	47.0	24.0	40.0	6.0	31.0	19.0	24.0	11.0	37.0	20.0	26.0	41.0	47.0	28.0	21.0	17.0	20.0	59.0		19.0	28.0	28.0		30.0	15.0	47.0	28.0	37.0	62.0	28.0	51.0	63.0	19.0	35.0	25.0	17.0	20.0	38.0	7.0	40.0	31.0	58.0	31.0	26.0	11.0	29.0	6.0	6.0	69.0	12.0	7.0	6.0	6.0	15.0	14.0	30.0	4.0
NC_072447.2	-3::NC_072447.2:83111016-83117310	6294	False	0.4169	2	121.0		60.0	48.0	23.0	31.0	25.0	34.0	51.0	40.0	18.0	56.0	21.0	29.0	44.0	38.0	26.0	17.0	53.0	33.0	31.0	18.0	27.0	36.0	81.0		20.0	47.0	32.0		23.0	14.0	56.0	41.0	33.0	114.0	46.0	16.0	31.0	12.0	17.0	40.0	21.0	17.0	68.0	10.0	16.0	41.0	64.0	50.0	27.0	5.0	38.0	10.0	1.0	53.0	26.0	5.0	10.0	6.0	22.0	34.0	40.0	31.0
NC_072447.2	1::NC_072447.2:105955740-105963234	7494	False	0.5476	1	20.0	15.0	42.0	18.0	53.0	16.0	22.0	63.0	49.0	4.0	55.0	88.0	67.0	94.0	35.0	32.0	44.0	35.0	13.0	63.0	59.0	12.0	39.0	40.0	26.0	11.0	25.0	87.0	56.0	9.0	225.0	140.0	32.0	22.0	66.0	16.0	31.0	68.0	22.0	53.0	174.0	12.0	14.0	109.0	12.0	4.0	67.0	54.0	7.0	9.0	63.0	4.0	14.0	5.0	3.0	56.0	11.0	3.0	7.0	1.0				2.0
NC_072447.2	2::NC_072447.2:139209259-139215355	6096	False	0.4304	1	51.0	84.0	44.0	34.0	50.0	29.0	19.0	17.0	45.0	13.0	46.0	45.0	33.0	21.0	166.0	12.0	62.0	20.0	25.0	28.0	132.0	34.0	78.0	9.0	29.0	22.0	24.0	25.0	81.0	15.0	54.0	44.0	19.0	25.0	119.0	25.0	35.0	20.0	4.0	81.0	17.0	14.0	58.0	26.0	24.0		18.0	45.0	20.0	1.0	31.0	3.0	16.0	3.0	1.0	10.0	9.0	2.0	10.0	5.0				
NC_072447.2	-1::NC_072447.2:144915545-144920858	5313	False	0.5278	2	5.0		6.0	3.0	42.0	15.0	3.0	216.0	76.0	28.0	4.0	35.0	10.0	45.0	8.0	56.0	13.0	8.0	137.0	53.0	117.0	39.0	18.0	14.0	10.0		33.0	18.0	3.0		34.0	41.0	105.0	24.0	12.0	12.0	8.0	140.0	12.0	5.0	37.0	6.0	17.0	8.0	19.0	2.0	11.0	6.0	137.0	5.0	42.0	3.0	9.0	3.0	3.0	9.0	6.0	2.0	3.0		5.0	16.0	10.0	4.0
NC_072447.2	1::NC_072447.2:158205435-158213472	8037	False	0.7244	0	9.0	57.0	5.0	3.0		4.0		59.0		76.0	72.0		39.0	100.0			27.0	64.0	4.0	1.0	49.0		21.0	235.0	71.0		61.0		135.0		72.0	72.0	104.0	1.0	24.0	80.0		32.0		89.0	178.0		50.0	60.0		176.0	56.0	3.0	164.0	4.0	34.0	3.0	2.0	98.0	9.0	63.0	1.0	101.0	59.0	2.0				50.0
NC_072447.2	3::NC_072447.2:158205572-158215793	10221	False	0.725	1	11.0	91.0	8.0	1.0		7.0		96.0		92.0	80.0		41.0	127.0	2.0	2.0	19.0	78.0	5.0		65.0	1.0	3.0	300.0	96.0		95.0	1.0	181.0		95.0	75.0	144.0	1.0	32.0	93.0		43.0		118.0	233.0		54.0	89.0	1.0	205.0	44.0	1.0	187.0	15.0	60.0	2.0	1.0	124.0	25.0	109.0		113.0	64.0	5.0				72.0
NC_072447.2	-3::NC_072447.2:165562296-165571041	8745	False	0.4998	0	1.0							236.0																																	1.0						1219.0	237.0													1221.0			
NC_072447.2	2::NC_072447.2:165562297-165571042	8745	False	0.4997	0	2.0							1221.0																		236.0															235.0						2.0	1219.0																
NC_072442.2	-2::NC_072442.2:7680-13347	5667	False	0.4997	0							647.0		1.0														2.0				295.0													648.0																						296.0		
NC_072442.2	2::NC_072442.2:7681-13348	5667	False	0.4999	0							296.0		1.0														647.0				1.0			648.0										296.0																								
NC_072442.2	-3::NC_072442.2:33846401-33851597	5196	False	0.3997	1	3.0		18.0	29.0	221.0	5.0	45.0	21.0	59.0	7.0	26.0	199.0	5.0	26.0	29.0	1.0	173.0	12.0	15.0	20.0	10.0	16.0		2.0	4.0		1.0	30.0	6.0		3.0	20.0	45.0	39.0	2.0	2.0	18.0	190.0	18.0	2.0	11.0	15.0	12.0	6.0	4.0	17.0	9.0	3.0		29.0	34.0	2.0	10.0	1.0	4.0	156.0	3.0	2.0	22.0	1.0	14.0	20.0	35.0	
NC_072442.2	-1::NC_072442.2:38846938-38852062	5124	False	0.5716	2	51.0		10.0	5.0	19.0	32.0	7.0	43.0	5.0	38.0	12.0	8.0	19.0	45.0	24.0	41.0	7.0	20.0	60.0	21.0	28.0	5.0	22.0	53.0	54.0		47.0	13.0	41.0		43.0	23.0	25.0	13.0	28.0	89.0	37.0	36.0	25.0	50.0	51.0	2.0	33.0	37.0	29.0	6.0	29.0	13.0	105.0	51.0	20.0	7.0	56.0	19.0	6.0	54.0	9.0	9.0	4.0	7.0	17.0	6.0	30.0	9.0
NC_072442.2	-3::NC_072442.2:72967619-72975500	7881	False	0.5002	0								907.0																																	1.0						406.0	907.0													406.0			
NC_072442.2	1::NC_072442.2:72967620-72975501	7881	False	0.5001	0								406.0																		907.0															907.0						1.0	406.0																
NC_072442.2	-1::NC_072442.2:72970069-72975853	5784	False	0.5	0								59.0																																							905.0	59.0													905.0			
NC_072442.2	3::NC_072442.2:72970070-72975854	5784	False	0.4998	0								905.0																		59.0															58.0						1.0	905.0																
NC_072443.2	2::NC_072443.2:22195633-22201903	6270	False	0.3938	2	39.0	54.0	71.0	35.0	140.0	33.0	31.0	20.0	108.0	17.0	32.0	84.0	76.0	34.0	48.0	11.0	48.0	36.0	20.0	60.0	51.0	37.0	19.0	19.0	36.0	46.0	11.0	47.0	36.0	12.0	48.0	80.0	39.0	43.0	79.0	17.0	39.0	34.0	20.0	60.0	26.0	28.0	40.0	23.0	12.0	2.0	26.0	38.0	10.0	8.0	34.0	4.0	24.0	2.0	3.0	3.0	20.0	6.0	7.0	2.0				2.0
NC_072443.2	-2::NC_072443.2:36411550-36419173	7623	False	0.7278	0					109.0	11.0	3.0	78.0	6.0	23.0	8.0	3.0	1.0	12.0		62.0	5.0		92.0	53.0	1.0		24.0	65.0			185.0	89.0	45.0		2.0	112.0	27.0		97.0			112.0	3.0	70.0	66.0		57.0	233.0	24.0	100.0	1.0		59.0	63.0	79.0	41.0	79.0	168.0	5.0	43.0		60.0		5.0	1.0		64.0	95.0
NC_072443.2	-3::NC_072443.2:36413199-36425472	12273	False	0.7279	1					162.0	32.0	3.0	108.0	8.0	36.0	19.0	5.0	2.0	11.0	3.0	85.0	10.0		162.0	106.0	1.0	2.0	48.0	91.0			282.0	135.0	66.0		6.0	219.0	52.0	3.0	141.0	1.0	1.0	195.0	3.0	108.0	104.0		55.0	376.0	31.0	158.0	7.0	1.0	119.0	120.0	106.0	85.0	104.0	287.0	7.0	52.0	2.0	94.0	2.0	4.0	1.0		96.0	174.0
NC_072443.2	-2::NC_072443.2:37514746-37521223	6477	False	0.4408	1	36.0		97.0	12.0	9.0	54.0	63.0	82.0	32.0	30.0	10.0	55.0	16.0	19.0	24.0	24.0	52.0	14.0	106.0	56.0	65.0	4.0	31.0	25.0	35.0		14.0	36.0	38.0		47.0	17.0	96.0	33.0	30.0	47.0	83.0	33.0	59.0	22.0	35.0	25.0	4.0	20.0	52.0	3.0	41.0	49.0	31.0	39.0	24.0	3.0	53.0	5.0	4.0	75.0	27.0	2.0	10.0	9.0	15.0	37.0	82.0	8.0
NC_072443.2	-2::NC_072443.2:45551002-45556192	5190	False	0.3979	1	108.0		41.0	11.0	4.0	32.0	26.0	9.0	19.0	24.0	5.0	37.0	15.0	33.0	10.0	24.0	23.0	11.0	81.0	23.0	43.0	4.0	10.0	19.0	84.0		6.0	49.0	16.0		31.0	23.0	40.0	32.0	31.0	197.0	79.0	15.0	30.0	23.0	2.0	32.0	4.0	5.0	54.0	1.0	14.0	29.0	97.0	43.0	8.0	2.0	40.0	2.0	2.0	15.0	15.0	5.0	3.0	3.0	31.0	39.0	13.0	3.0
NC_072443.2	-1::NC_072443.2:85711259-85724189	12930	False	0.5766	1	45.0		5.0	8.0	30.0	25.0	42.0	248.0	16.0	108.0	107.0	9.0	84.0	40.0	27.0	70.0	24.0	33.0	113.0	118.0	31.0	35.0	40.0	112.0	59.0		40.0	12.0	56.0		396.0	37.0	207.0	26.0	50.0	58.0	15.0	111.0	431.0	47.0	116.0	8.0	36.0	60.0	3.0	27.0	526.0	62.0	80.0	27.0	50.0	32.0	124.0	18.0	23.0	77.0	15.0	35.0	12.0	24.0	4.0		34.0	2.0
NC_072443.2	-3::NC_072443.2:85809717-85819155	9438	False	0.6046	2	9.0		7.0	1.0	6.0	19.0	9.0	64.0	9.0	95.0	26.0	8.0	106.0	33.0	16.0	13.0	1.0	15.0	95.0	197.0	46.0	3.0	12.0	26.0	8.0		23.0	8.0	14.0		66.0	17.0	21.0	4.0	9.0	5.0	21.0	33.0	358.0	12.0	210.0	10.0	21.0	78.0	8.0	57.0	755.0	9.0	35.0	22.0	10.0	91.0	10.0	5.0	7.0	339.0	3.0	3.0	2.0	3.0	8.0		40.0	5.0
NC_072443.2	2::NC_072443.2:85810504-85817401	6897	False	0.6108	1	2.0	3.0	5.0	7.0	1.0			16.0		2.0	3.0		14.0	1.0	6.0	221.0	91.0	10.0	37.0	1.0	21.0	99.0	54.0	9.0	6.0		9.0		1.0	1.0	2.0	8.0	4.0		14.0		3.0	61.0	81.0	2.0	274.0		36.0	1.0	5.0	2.0	187.0	339.0	28.0	6.0	569.0	1.0		26.0		8.0		11.0	11.0					
NC_072443.2	-2::NC_072443.2:85810546-85817095	6549	False	0.6117	1	2.0		5.0	7.0	1.0			16.0			3.0		13.0		5.0	206.0	87.0	8.0	36.0	1.0	19.0	95.0	54.0	8.0	6.0		9.0		1.0		2.0	7.0	1.0		9.0		2.0	61.0	80.0	2.0	262.0		36.0		5.0	2.0	178.0	326.0	28.0	6.0	539.0			26.0		7.0		11.0	11.0					
NC_072443.2	1::NC_072443.2:85892640-85907559	14919	False	0.5698	2	3.0	131.0	47.0	10.0	33.0	65.0	52.0	44.0	36.0	257.0	81.0	7.0	1.0	91.0	474.0	65.0	59.0	1.0	18.0	101.0	272.0	8.0	611.0	60.0	31.0	2.0	193.0	27.0	270.0	54.0	12.0	14.0	8.0	34.0	146.0	139.0	27.0	33.0		210.0	67.0	28.0	279.0	213.0	91.0	8.0	38.0	17.0	36.0	3.0	94.0	4.0	179.0	55.0	2.0	3.0	12.0	2.0	80.0	30.0				5.0
NC_072443.2	-3::NC_072443.2:95081058-95091126	10068	False	0.5023	0								1660.0																																	11.0						7.0	1660.0								1.0				11.0	6.0			
NC_072443.2	2::NC_072443.2:95081059-95091127	10068	False	0.5022	0								6.0																		1660.0															1660.0					11.0	12.0	7.0																
NC_072443.2	-1::NC_072443.2:95081159-95092469	11310	False	0.5001	0								224.0																													1.0				1.0						1660.0	224.0													1660.0			
NC_072443.2	1::NC_072443.2:95081160-95092470	11310	False	0.5	0								1660.0																		224.0															223.0						2.0	1660.0								1.0								
NC_072431.2	-1::NC_072431.2:34100485-34109899	9414	False	0.3895	2	200.0		92.0	37.0	18.0	59.0	70.0	62.0	72.0	44.0	10.0	91.0	45.0	34.0	26.0	45.0	58.0	37.0	79.0	80.0	61.0	14.0	35.0	23.0	107.0		22.0	48.0	56.0		33.0	25.0	90.0	31.0	66.0	241.0	116.0	42.0	106.0	31.0	30.0	66.0	24.0	21.0	114.0	8.0	45.0	39.0	84.0	48.0	23.0	8.0	43.0	4.0	7.0	62.0	38.0	4.0	16.0	12.0	22.0	46.0	66.0	2.0
NC_072431.2	3::NC_072431.2:59300618-59313044	12426	False	0.5026	2	33.0	183.0	38.0	21.0	59.0	18.0	23.0	24.0	15.0	66.0	40.0	36.0	7.0	23.0	394.0	51.0	97.0	34.0	37.0	147.0	362.0	22.0	510.0	28.0	30.0	21.0	160.0	19.0	183.0	11.0	21.0	71.0	9.0	13.0	241.0	85.0	50.0	13.0	6.0	123.0	13.0	20.0	94.0	94.0	143.0	1.0	30.0	28.0	71.0	3.0	60.0		126.0	9.0	5.0	12.0	33.0	2.0	55.0	17.0				2.0
NC_072431.2	1::NC_072431.2:59331933-59369352	37419	False	0.5039	2	92.0	653.0	160.0	62.0	113.0	44.0	74.0	62.0	41.0	344.0	93.0	140.0	28.0	82.0	748.0	94.0	192.0	81.0	95.0	548.0	1184.0	30.0	1712.0	114.0	64.0	64.0	478.0	99.0	418.0	17.0	65.0	333.0	55.0	22.0	724.0	386.0	195.0	21.0	22.0	318.0	67.0	33.0	177.0	273.0	620.0	5.0	53.0	38.0	137.0	15.0	117.0	14.0	448.0	27.0	6.0	16.0	67.0	29.0	116.0	125.0				23.0
NC_072431.2	1::NC_072431.2:59397519-59409645	12126	False	0.5506	0	34.0	246.0	8.0	12.0	156.0	12.0	7.0	5.0	19.0	143.0	79.0	9.0	17.0	39.0	442.0	41.0	23.0	56.0	37.0	126.0	138.0	4.0	298.0	191.0	42.0	34.0	72.0	5.0	146.0	14.0	13.0	69.0	20.0	29.0	114.0	86.0	18.0	47.0	2.0	163.0	11.0	5.0	143.0	97.0	28.0	6.0	39.0	42.0	73.0	3.0	20.0	31.0	305.0	20.0	10.0	9.0	43.0	22.0	61.0	28.0				30.0
NC_072431.2	2::NC_072431.2:59434414-59447518	13104	False	0.4922	1	15.0	181.0	35.0	45.0	200.0	5.0	49.0	10.0	10.0	4.0	49.0	15.0	15.0	4.0	272.0	109.0	135.0	70.0	28.0	265.0	415.0	17.0	344.0	16.0	71.0	64.0	27.0	10.0	57.0	10.0	124.0	64.0	21.0	10.0	232.0	7.0	28.0	54.0	5.0	315.0	5.0	8.0	149.0	99.0	46.0	1.0	61.0	88.0	8.0		81.0	19.0	284.0	26.0	1.0	2.0	1.0	5.0	64.0	11.0				2.0
NC_072431.2	-2::NC_072431.2:70681200-70686339	5139	False	0.7245	2	1.0				63.0	10.0	3.0	57.0	4.0	18.0	4.0		2.0	6.0	1.0	50.0	1.0	2.0	65.0	35.0	1.0		40.0	38.0			130.0	55.0	20.0		1.0	73.0	20.0	1.0	69.0	1.0	1.0	73.0	1.0	39.0	45.0	1.0	49.0	163.0	13.0	65.0	2.0	1.0	37.0	37.0	56.0	33.0	51.0	96.0		46.0	3.0	31.0	2.0	3.0	2.0		34.0	58.0
NC_072431.2	2::NC_072431.2:73395829-73401487	5658	False	0.7031	2	5.0	51.0	5.0	1.0	2.0	5.0	1.0	54.0	1.0	48.0	49.0	2.0	11.0	72.0	9.0	3.0	16.0	39.0	7.0	2.0	47.0	2.0	6.0	150.0	55.0		50.0		88.0		43.0	58.0	77.0	3.0	35.0	68.0	2.0	20.0		45.0	116.0		29.0	35.0	3.0	113.0	40.0	2.0	99.0	6.0	36.0	3.0	5.0	55.0	10.0	50.0	3.0	69.0	36.0	4.0				40.0
NC_072431.2	3::NC_072431.2:73404017-73409480	5463	False	0.7038	2	3.0	46.0	6.0	2.0	2.0	7.0	4.0	51.0		45.0	44.0		16.0	81.0	7.0	2.0	14.0	45.0	11.0	1.0	45.0	3.0	2.0	152.0	56.0		45.0	6.0	88.0		45.0	51.0	73.0	1.0	24.0	60.0	1.0	28.0		52.0	110.0		33.0	39.0	4.0	104.0	30.0	2.0	88.0	8.0	33.0	4.0	2.0	50.0	6.0	49.0	1.0	61.0	36.0	5.0				37.0
NC_072431.2	2::NC_072431.2:73427017-73434565	7548	False	0.7043	2	7.0	59.0	7.0	2.0	1.0	7.0	5.0	68.0		66.0	65.0	1.0	21.0	106.0	10.0	5.0	20.0	58.0	13.0	1.0	67.0	3.0	5.0	207.0	75.0		59.0	8.0	121.0		67.0	74.0	98.0	3.0	35.0	83.0	1.0	36.0		69.0	150.0		47.0	52.0	7.0	152.0	50.0	2.0	128.0	9.0	41.0	3.0	6.0	72.0	4.0	60.0	5.0	90.0	52.0	6.0				47.0
NC_072431.2	2::NC_072431.2:73463077-73471240	8163	False	0.7053	2	14.0	74.0	10.0	2.0	6.0	10.0	1.0	79.0	2.0	69.0	67.0	1.0	11.0	119.0	8.0	3.0	23.0	59.0	15.0	4.0	60.0	4.0	12.0	212.0	100.0	1.0	73.0	2.0	130.0	2.0	64.0	71.0	99.0	6.0	37.0	90.0	2.0	44.0	4.0	68.0	176.0	2.0	43.0	67.0	3.0	171.0	41.0	2.0	128.0	17.0	47.0	5.0	5.0	78.0	8.0	58.0		93.0	51.0	11.0				57.0
NC_072431.2	2::NC_072431.2:73471243-73476586	5343	False	0.7112	1	5.0	48.0	7.0	1.0	3.0	5.0	3.0	48.0	2.0	46.0	53.0	1.0	11.0	72.0	2.0	6.0	8.0	34.0	8.0		40.0	2.0	6.0	143.0	57.0	1.0	45.0		89.0	2.0	43.0	47.0	65.0		24.0	59.0		24.0	1.0	44.0	118.0		26.0	47.0	2.0	115.0	34.0	1.0	91.0	9.0	32.0	6.0	3.0	47.0	6.0	50.0	3.0	60.0	34.0	9.0				33.0
NC_072431.2	3::NC_072431.2:73473386-73492376	18990	False	0.7127	2	21.0	190.0	23.0			19.0	5.0	206.0		137.0	160.0		26.0	291.0	11.0	14.0	38.0	129.0	30.0	8.0	117.0	12.0	25.0	448.0	264.0	8.0	209.0	4.0	309.0	4.0	137.0	142.0	254.0	1.0	83.0	191.0		90.0	6.0	180.0	435.0	4.0	60.0	194.0	6.0	382.0	101.0	8.0	266.0	45.0	120.0	14.0	8.0	197.0	30.0	157.0	8.0	204.0	106.0	21.0				172.0
NC_072431.2	-3::NC_072431.2:73839248-73844933	5685	False	0.7208	1					65.0	13.0	1.0	68.0	6.0	24.0	9.0	5.0		6.0	4.0	43.0	3.0		75.0	35.0	2.0	1.0	32.0	50.0	2.0		129.0	56.0	23.0		1.0	92.0	16.0	4.0	82.0	2.0	1.0	96.0	3.0	55.0	51.0		53.0	166.0	13.0	71.0	3.0		46.0	44.0	50.0	29.0	52.0	104.0	1.0	30.0	1.0	50.0	1.0	12.0		1.0	49.0	64.0
NC_072431.2	-1::NC_072431.2:73854286-73860004	5718	False	0.7195	1					67.0	16.0	2.0	64.0	5.0	23.0	4.0	6.0	1.0	6.0	4.0	44.0	3.0	5.0	78.0	41.0	2.0	1.0	34.0	38.0	1.0		129.0	58.0	27.0		2.0	112.0	18.0	1.0	72.0	2.0		93.0	3.0	46.0	43.0		45.0	168.0	17.0	78.0	5.0		49.0	50.0	50.0	30.0	57.0	111.0	5.0	28.0		38.0	5.0	5.0			43.0	71.0
NC_072431.2	-3::NC_072431.2:73854899-73866491	11592	False	0.7185	2					126.0	28.0	6.0	125.0	8.0	62.0	17.0	10.0		14.0		66.0	10.0	5.0	167.0	79.0	5.0	1.0	54.0	103.0	1.0		256.0	115.0	49.0		4.0	200.0	45.0	6.0	156.0	3.0	3.0	211.0	2.0	110.0	104.0		105.0	324.0	40.0	124.0	5.0		106.0	104.0	90.0	70.0	97.0	222.0	2.0	52.0	1.0	97.0	7.0	21.0	1.0		105.0	140.0
NC_072431.2	3::NC_072431.2:85469669-85475168	5499	False	0.6367	2	2.0	33.0	2.0		53.0	4.0	4.0	16.0	3.0	16.0	55.0	2.0	38.0	109.0	49.0	8.0	14.0	79.0	78.0	10.0	11.0	7.0	46.0	47.0	30.0	20.0	112.0	29.0	56.0	21.0	78.0	88.0	8.0	29.0	30.0	14.0	9.0	15.0	9.0	82.0	39.0	2.0	67.0	88.0	17.0	13.0	21.0	3.0	62.0	11.0	66.0	2.0	29.0	14.0	2.0	16.0	4.0	9.0	22.0	29.0				1.0
NC_072431.2	-2::NC_072431.2:97794432-97802028	7596	False	0.4075	0	1.0		10.0	17.0	388.0	2.0	9.0	18.0	42.0		25.0	385.0	14.0	18.0	10.0		348.0	8.0	9.0	10.0	4.0	12.0	1.0	2.0	1.0			28.0				139.0	159.0	13.0			8.0	380.0	11.0		11.0	5.0	1.0	1.0	4.0	5.0	1.0			26.0	8.0		3.0		3.0	327.0	4.0		10.0	11.0	16.0	5.0	18.0	1.0
NC_072431.2	-1::NC_072431.2:97794469-97802284	7815	False	0.4069	0			16.0	25.0	402.0	1.0	8.0	25.0	42.0	1.0	32.0	385.0	13.0	19.0	5.0		376.0	8.0	7.0	10.0	6.0	14.0		2.0				29.0			1.0	152.0	170.0	16.0		2.0	8.0	352.0	3.0		13.0	6.0			1.0	8.0	5.0			20.0	9.0		2.0		13.0	347.0	6.0		10.0	4.0	12.0	4.0	15.0	
NC_072431.2	-2::NC_072431.2:97802031-97809525	7494	False	0.4033	0	4.0		29.0	20.0	364.0	12.0	17.0	21.0	47.0		25.0	355.0	13.0	17.0	8.0		335.0	6.0	4.0	15.0	8.0	10.0		6.0	1.0		1.0	20.0	13.0		1.0	132.0	149.0	17.0	5.0	13.0	12.0	337.0	9.0		9.0	8.0	10.0		11.0	12.0	1.0	2.0	6.0	20.0	11.0		2.0		7.0	315.0	2.0		5.0	3.0	29.0	7.0	11.0	1.0
NC_072431.2	3::NC_072431.2:97809167-97814498	5331	False	0.4071	0	35.0	11.0	253.0	3.0	8.0	238.0	1.0			7.0	15.0	20.0	9.0	3.0	4.0	3.0	6.0		17.0	3.0	9.0	3.0	1.0		18.0	5.0	4.0	1.0	254.0	14.0		1.0	2.0	10.0	107.0	259.0	10.0	5.0	4.0	11.0		14.0	238.0	2.0	6.0	1.0		6.0	97.0	21.0		12.0	1.0	4.0	3.0	7.0	7.0		1.0	2.0				1.0
NC_072431.2	1::NC_072431.2:97813500-97820925	7425	False	0.4051	0	50.0	13.0	361.0	5.0	14.0	334.0	2.0		1.0	16.0	21.0	26.0	4.0	6.0	8.0	7.0	10.0	1.0	18.0	5.0	7.0	1.0	1.0		21.0	8.0	10.0	2.0	334.0	26.0	2.0	3.0	3.0	7.0	151.0	356.0	17.0	13.0	5.0	16.0	1.0	17.0	312.0	6.0	18.0			17.0	127.0	29.0		10.0	1.0	12.0	9.0	12.0	14.0			5.0				
NC_072431.2	1::NC_072431.2:108038856-108045864	7008	False	0.5241	1	1.0	181.0	49.0	5.0	1.0	57.0	11.0	1.0	2.0	788.0	6.0			5.0	469.0	3.0	2.0	2.0	3.0		131.0	1.0	195.0	1.0	1.0		11.0	1.0	1.0	2.0	2.0			3.0	1.0	36.0	2.0		1.0	9.0		1.0	187.0	2.0	3.0	1.0			133.0	7.0	2.0	2.0	2.0	1.0	1.0		2.0	2.0	2.0					4.0
NC_072431.2	3::NC_072431.2:108038897-108045554	6657	False	0.5243	0		177.0	36.0	1.0		54.0	1.0		4.0	757.0	6.0			2.0	465.0		2.0	3.0	1.0	1.0	128.0		173.0		1.0		15.0							2.0	1.0	46.0				4.0			182.0	2.0	5.0				129.0	4.0	1.0		1.0	2.0			6.0	1.0	3.0					3.0
NC_072431.2	-3::NC_072431.2:109549835-109558565	8730	False	0.3916	2	136.0		128.0	32.0	41.0	37.0	47.0	62.0	91.0	28.0	10.0	61.0	20.0	25.0	36.0	54.0	49.0	17.0	72.0	81.0	94.0	12.0	38.0	31.0	80.0		38.0	57.0	34.0		36.0	19.0	118.0	55.0	45.0	159.0	63.0	55.0	54.0	18.0	24.0	46.0	18.0	20.0	124.0	2.0	27.0	51.0	107.0	46.0	16.0	4.0	44.0	2.0	4.0	82.0	35.0	1.0	7.0	3.0	28.0	71.0	109.0	6.0
NC_072431.2	2::NC_072431.2:111863521-111869221	5700	False	0.4696	2	42.0	25.0	47.0	11.0	93.0	21.0	31.0	23.0	75.0	19.0	35.0	36.0	98.0	60.0	35.0	21.0	49.0	36.0	44.0	25.0	31.0	9.0	20.0	26.0	34.0	13.0	25.0	75.0	25.0	15.0	39.0	83.0	18.0	23.0	37.0	24.0	34.0	32.0	20.0	48.0	30.0	35.0	45.0	28.0	33.0	24.0	21.0	22.0	21.0	10.0	40.0	16.0	19.0	9.0	17.0	22.0	18.0	5.0	7.0	3.0				18.0
NC_072431.2	-2::NC_072431.2:134048973-134054655	5682	False	0.7262	2			2.0		60.0	12.0	2.0	50.0	5.0	20.0	10.0		1.0	5.0	1.0	39.0	4.0	1.0	83.0	52.0			19.0	45.0			119.0	58.0	22.0		3.0	106.0	23.0	1.0	73.0	1.0	4.0	92.0	6.0	54.0	54.0	1.0	29.0	181.0	10.0	63.0	4.0	1.0	57.0	57.0	44.0	40.0	40.0	129.0		36.0	2.0	44.0	2.0	5.0	1.0		45.0	76.0
NC_072431.2	-3::NC_072431.2:134049251-134054423	5172	False	0.7274	1			2.0		62.0	11.0	1.0	45.0		17.0	2.0	4.0		4.0	1.0	37.0	5.0		75.0	37.0			18.0	50.0			116.0	66.0	21.0		3.0	86.0	21.0		68.0		2.0	91.0	2.0	55.0	47.0		29.0	152.0	7.0	54.0	4.0	1.0	49.0	47.0	43.0	32.0	42.0	118.0		25.0		45.0		5.0			47.0	75.0
NC_072440.2	2::NC_072440.2:13488571-13495594	7023	False	0.4843	2	73.0	23.0	49.0	34.0	52.0	30.0	43.0	40.0	54.0	35.0	33.0	53.0	45.0	65.0	40.0	48.0	47.0	41.0	76.0	29.0	41.0	23.0	43.0	37.0	35.0	25.0	48.0	54.0	39.0	24.0	42.0	44.0	38.0	35.0	49.0	55.0	44.0	31.0	24.0	42.0	29.0	50.0	29.0	54.0	50.0	18.0	21.0	36.0	53.0	25.0	81.0	12.0	38.0	10.0	8.0	43.0	27.0	18.0	13.0	18.0				25.0
NC_072440.2	2::NC_072440.2:17518882-17524681	5799	False	0.5168	2	28.0	34.0	21.0	8.0	58.0	27.0	31.0	36.0	48.0	31.0	36.0	45.0	38.0	114.0	28.0	11.0	44.0	31.0	34.0	52.0	26.0	12.0	29.0	50.0	23.0	15.0	37.0	66.0	46.0	11.0	46.0	57.0	29.0	49.0	60.0	17.0	16.0	46.0	13.0	76.0	41.0	27.0	56.0	34.0	14.0	22.0	49.0	23.0	15.0	7.0	31.0	7.0	51.0	13.0	7.0	11.0	23.0	7.0	5.0	6.0				5.0
NC_072440.2	-1::NC_072440.2:29255556-29262369	6813	False	0.4754	2	109.0		31.0	31.0	34.0	37.0	20.0	70.0	43.0	54.0	9.0	29.0	33.0	31.0	9.0	64.0	12.0	29.0	38.0	49.0	34.0	29.0	24.0	57.0	114.0		20.0	30.0	31.0		30.0	35.0	100.0	15.0	16.0	153.0	29.0	59.0	49.0	14.0	44.0	10.0	7.0	30.0	71.0	11.0	63.0	15.0	136.0	32.0	18.0	7.0	49.0	3.0	6.0	68.0	23.0	5.0	4.0	11.0	11.0	20.0	50.0	6.0
NC_072440.2	3::NC_072440.2:53321870-53326886	5016	False	0.4288	0	51.0	27.0	173.0	5.0	2.0	141.0	6.0		10.0	65.0	24.0	24.0	1.0	6.0	10.0	6.0	2.0	3.0	25.0	5.0	71.0	6.0	3.0		36.0	11.0	14.0		224.0	15.0	6.0		2.0	26.0	31.0	200.0	11.0	2.0	8.0	31.0		12.0	198.0	8.0	25.0			8.0	66.0	29.0	2.0	8.0	1.0	4.0	3.0	1.0	17.0			4.0				3.0
NC_072440.2	2::NC_072440.2:65559112-65564275	5163	False	0.638	2	8.0	13.0	3.0	6.0	31.0	13.0	23.0	33.0	14.0	32.0	27.0	9.0	26.0	104.0	12.0	26.0	29.0	45.0	100.0	12.0	11.0	5.0	30.0	60.0	16.0	3.0	52.0	48.0	46.0	17.0	30.0	114.0	14.0	28.0	11.0	19.0	23.0	18.0	15.0	28.0	43.0	13.0	35.0	68.0	20.0	42.0	8.0	9.0	37.0	27.0	50.0	7.0	38.0	21.0	5.0	23.0	14.0	43.0	4.0	16.0				44.0
NC_072440.2	1::NC_072440.2:66840537-66845826	5289	False	0.4275	1	29.0	30.0	24.0	28.0	105.0	36.0	36.0	16.0	82.0	22.0	30.0	59.0	48.0	47.0	42.0	18.0	37.0	37.0	30.0	44.0	32.0	23.0	31.0	17.0	31.0	36.0	19.0	51.0	41.0	17.0	25.0	46.0	35.0	38.0	61.0	17.0	28.0	27.0	41.0	38.0	13.0	15.0	37.0	23.0	21.0	8.0	31.0	24.0	12.0	20.0	23.0	2.0	37.0	4.0	3.0	6.0	13.0	4.0	6.0	4.0				3.0
NC_072440.2	-2::NC_072440.2:84628847-84645497	16650	False	0.4372	2	273.0		95.0	48.0	60.0	137.0	51.0	113.0	91.0	138.0	27.0	68.0	46.0	70.0	49.0	36.0	121.0	46.0	170.0	106.0	120.0	13.0	75.0	26.0	135.0		124.0	94.0	92.0		62.0	34.0	281.0	152.0	129.0	179.0	272.0	64.0	118.0	79.0	80.0	93.0	33.0	32.0	117.0	10.0	70.0	60.0	233.0	81.0	67.0	11.0	37.0	12.0	11.0	274.0	107.0	28.0	13.0	20.0	75.0	107.0	173.0	12.0
NC_072440.2	-3::NC_072440.2:91139929-91145734	5805	False	0.3375	1	125.0		83.0	67.0	19.0	33.0	46.0	33.0	79.0	30.0	8.0	73.0	17.0	17.0	43.0	23.0	28.0	11.0	37.0	31.0	37.0	13.0	23.0	16.0	39.0		7.0	47.0	36.0		5.0	13.0	55.0	61.0	38.0	98.0	43.0	13.0	29.0	14.0	8.0	51.0	23.0	12.0	74.0	4.0	6.0	26.0	31.0	37.0	6.0	1.0	33.0	3.0	2.0	40.0	47.0	1.0	6.0	3.0	21.0	55.0	53.0	2.0
NC_072440.2	1::NC_072440.2:91279308-91286973	7665	False	0.408	1	79.0	52.0	76.0	39.0	88.0	39.0	71.0	19.0	122.0	35.0	48.0	89.0	83.0	63.0	66.0	35.0	35.0	49.0	78.0	48.0	46.0	29.0	51.0	29.0	54.0	46.0	21.0	77.0	46.0	39.0	59.0	62.0	31.0	54.0	61.0	67.0	38.0	44.0	5.0	31.0	21.0	47.0	34.0	42.0	58.0	5.0	13.0	45.0	34.0	2.0	29.0	6.0	30.0	2.0	7.0	22.0	31.0	5.0	10.0	3.0				5.0
NC_072444.2	-1::NC_072444.2:21437970-21446376	8406	False	0.5156	2	125.0		38.0	29.0	10.0	32.0	36.0	108.0	25.0	88.0	7.0	36.0	34.0	52.0	7.0	71.0	25.0	53.0	86.0	46.0	52.0	16.0	27.0	80.0	96.0		38.0	30.0	24.0		55.0	31.0	87.0	25.0	36.0	142.0	41.0	59.0	65.0	58.0	67.0	15.0	7.0	32.0	78.0	17.0	46.0	37.0	129.0	78.0	31.0	11.0	67.0	28.0	7.0	91.0	29.0	14.0	20.0	29.0	16.0	19.0	48.0	16.0
NC_072444.2	-2::NC_072444.2:24528065-24535631	7566	False	0.7234	1			1.0		84.0	16.0	2.0	70.0	2.0	36.0	4.0	3.0	1.0	5.0		58.0	3.0	6.0	108.0	61.0	3.0		38.0	63.0	1.0		163.0	88.0	31.0		5.0	130.0	30.0	1.0	101.0	1.0	1.0	134.0	3.0	73.0	66.0	2.0	48.0	212.0	10.0	83.0	3.0	1.0	67.0	67.0	69.0	51.0	61.0	182.0	2.0	38.0	2.0	58.0	4.0	1.0	2.0		69.0	98.0
NC_072444.2	1::NC_072444.2:33437220-33443184	5964	False	0.6212	1	1.0	6.0	1.0	14.0	1.0	78.0	9.0	6.0	5.0	430.0	82.0	2.0	1.0	11.0	308.0	3.0	73.0	9.0	51.0		8.0	5.0	127.0	10.0	6.0	1.0	271.0	1.0	19.0	9.0	6.0	2.0	9.0	4.0	2.0	1.0	2.0	2.0	9.0	57.0	4.0	2.0	108.0	32.0	8.0	2.0	1.0		16.0	95.0	3.0	3.0	6.0	10.0	2.0	8.0	19.0	1.0	14.0	2.0				10.0
NC_072444.2	-2::NC_072444.2:80743688-80750954	7266	False	0.5015	0								1170.0												1.0																					11.0						30.0	1175.0													35.0			
NC_072444.2	1::NC_072444.2:80743689-80750955	7266	False	0.5014	0	1.0							35.0														2.0				1169.0											5.0				1175.0						6.0	29.0																
NC_072444.2	-3::NC_072444.2:80743942-80751070	7128	False	0.5003	0								19.0														2.0																			3.0						1165.0	20.0													1167.0			
NC_072444.2	3::NC_072444.2:80743955-80751072	7117	False	0.4999	0								1166.0												1.0						20.0															19.0						1.0	1165.0																
NC_072436.2	-2::NC_072436.2:4604-10568	5964	False	0.5003	1							825.0																1.0				169.0													825.0																						168.0		
NC_072436.2	1::NC_072436.2:4605-10569	5964	False	0.5005	1							168.0																825.0				2.0			825.0										168.0																								
NC_072436.2	3::NC_072436.2:24660173-24666176	6003	False	0.4466	1	20.0	77.0	52.0	31.0	66.0	46.0	8.0	9.0	54.0	15.0	28.0	31.0	44.0	90.0	47.0	13.0	7.0	44.0	34.0	64.0	98.0	33.0	19.0	19.0	21.0	27.0	26.0	72.0	37.0	32.0	71.0	84.0	30.0	44.0	72.0	33.0	37.0	38.0	2.0	66.0	20.0	15.0	93.0	15.0	8.0	1.0	32.0	64.0	10.0	5.0	15.0	2.0	12.0	2.0	5.0	3.0	43.0	4.0	8.0	3.0				
NC_072436.2	-3::NC_072436.2:42998803-43003999	5196	False	0.4038	1	99.0		63.0	12.0	24.0	26.0	34.0	41.0	84.0	21.0	19.0	30.0	9.0	9.0	28.0	16.0	17.0	5.0	45.0	50.0	52.0	7.0	32.0	25.0	54.0		16.0	17.0	49.0		25.0	5.0	57.0	21.0	27.0	90.0	36.0	6.0	59.0	12.0	13.0	13.0	19.0	19.0	75.0	4.0	6.0	23.0	39.0	39.0	9.0	4.0	53.0	4.0	7.0	48.0	35.0	3.0	5.0	6.0	10.0	25.0	49.0	2.0
NC_072436.2	-1::NC_072436.2:64247346-64252368	5022	False	0.73	2			1.0		56.0	7.0		50.0	3.0	17.0	3.0	4.0		5.0		46.0	3.0	2.0	64.0	35.0	1.0		22.0	43.0			115.0	55.0	23.0		4.0	83.0	17.0		66.0		1.0	79.0	3.0	42.0	46.0	1.0	33.0	155.0	11.0	62.0	7.0	1.0	43.0	45.0	49.0	37.0	45.0	111.0	2.0	34.0		38.0	2.0	2.0			39.0	61.0
NC_072436.2	1::NC_072436.2:65922594-65928759	6165	False	0.637	2	12.0	25.0	2.0	2.0	21.0	15.0	32.0	36.0	32.0	31.0	33.0	8.0	18.0	111.0	22.0	27.0	20.0	65.0	85.0	18.0	16.0	4.0	62.0	73.0	18.0	3.0	98.0	105.0	71.0	6.0	37.0	91.0	11.0	11.0	32.0	31.0	13.0	15.0	19.0	43.0	66.0	13.0	59.0	110.0	16.0	41.0	23.0	7.0	56.0	33.0	41.0	7.0	76.0	30.0	12.0	16.0	24.0	12.0	11.0	13.0				15.0
NC_072436.2	-3::NC_072436.2:116053732-116060434	6702	False	0.5518	2	53.0		15.0	3.0	4.0	27.0	11.0	91.0	11.0	38.0	6.0	6.0	7.0	20.0	6.0	19.0	19.0	7.0	51.0	38.0	51.0	3.0	21.0	57.0	28.0		28.0	27.0	23.0		60.0	18.0	199.0	20.0	130.0	48.0	28.0	99.0	58.0	82.0	49.0	5.0	5.0	36.0	26.0	19.0	38.0	17.0	39.0	51.0	14.0	13.0	44.0	52.0	23.0	120.0	17.0	59.0	32.0	42.0	5.0	9.0	102.0	5.0
NC_072436.2	-2::NC_072436.2:124951166-124961546	10380	False	0.5028	0			1.0					1573.0												1.0																1.0					4.0					17.0	137.0	1590.0												8.0	128.0			
NC_072436.2	1::NC_072436.2:124951167-124961547	10380	False	0.5027	0								128.0														2.0				1573.0										17.0	1.0				1592.0					8.0	2.0	136.0												1.0				
NC_072436.2	-3::NC_072436.2:124951297-124960594	9297	False	0.5017	0																																									1.0	1.0					1548.0													16.0	1533.0			
NC_072436.2	3::NC_072436.2:124951298-124960595	9297	False	0.5016	0			1.0					1532.0												1.0																										16.0	1.0	1548.0																
NC_072445.2	-3::NC_072445.2:4211-13022	8811	False	0.4998	0							223.0		1.0																		1245.0													223.0																						1245.0		
NC_072445.2	1::NC_072445.2:4212-13023	8811	False	0.4999	0							1246.0																223.0							223.0										1245.0																								
NC_072445.2	-2::NC_072445.2:5550-13683	8133	False	0.5012	0					10.0		1246.0																				110.0													1245.0																						100.0		
NC_072445.2	2::NC_072445.2:5551-13684	8133	False	0.5013	0							110.0														1.0		1245.0				1.0			1245.0										99.0														10.0										
NC_072445.2	3::NC_072445.2:20523905-20530013	6108	False	0.4409	2	47.0	29.0	52.0	36.0	99.0	25.0	30.0	21.0	77.0	15.0	36.0	60.0	69.0	59.0	40.0	24.0	33.0	43.0	61.0	37.0	28.0	41.0	16.0	28.0	44.0	34.0	22.0	53.0	21.0	20.0	35.0	70.0	31.0	30.0	40.0	24.0	36.0	37.0	32.0	35.0	22.0	55.0	30.0	32.0	18.0	15.0	16.0	38.0	20.0	24.0	52.0	11.0	22.0	14.0	6.0	27.0	17.0	12.0	7.0	16.0				12.0
NC_072445.2	-3::NC_072445.2:29807354-29812886	5532	False	0.3778	2	89.0		80.0	26.0	12.0	36.0	37.0	32.0	41.0	17.0	7.0	63.0	19.0	29.0	30.0	41.0	28.0	6.0	45.0	45.0	54.0	7.0	26.0	18.0	26.0		12.0	43.0	49.0		24.0	13.0	47.0	34.0	29.0	135.0	45.0	17.0	47.0	15.0	13.0	32.0	5.0	14.0	108.0	2.0	12.0	27.0	45.0	26.0	9.0	6.0	33.0	1.0	4.0	27.0	29.0		4.0	4.0	21.0	45.0	50.0	3.0
NC_072445.2	-2::NC_072445.2:37786041-37791744	5703	False	0.6993	1	2.0			1.0	75.0	21.0	2.0	50.0	5.0	13.0	8.0	3.0	1.0	10.0	1.0	56.0		10.0	82.0	43.0	3.0	4.0	30.0	33.0	4.0		118.0	49.0	18.0		11.0	95.0	19.0	1.0	81.0	6.0	3.0	79.0	4.0	52.0	33.0		48.0	168.0	26.0	56.0	7.0	2.0	51.0	60.0	63.0	43.0	64.0	94.0	8.0	49.0	1.0	28.0	1.0	8.0	2.0	2.0	32.0	62.0
NC_072445.2	-3::NC_072445.2:37788053-37793309	5256	False	0.6979	1				3.0	64.0	23.0		41.0	5.0	17.0	2.0	1.0		11.0	3.0	40.0	4.0	4.0	77.0	65.0	5.0	1.0	28.0	29.0	2.0		106.0	46.0	16.0		1.0	95.0	28.0	1.0	74.0			85.0	1.0	41.0	36.0		43.0	155.0	20.0	51.0	5.0		48.0	52.0	44.0	42.0	52.0	96.0	8.0	36.0	1.0	35.0		9.0	2.0		42.0	56.0
NC_072445.2	-2::NC_072445.2:58855656-58861779	6123	False	0.4419	1	79.0		72.0	18.0	18.0	28.0	41.0	54.0	38.0	39.0	10.0	22.0	22.0	43.0	29.0	34.0	40.0	19.0	85.0	46.0	59.0	9.0	22.0	26.0	59.0		18.0	39.0	34.0		31.0	13.0	74.0	42.0	30.0	77.0	59.0	42.0	52.0	21.0	36.0	30.0	6.0	17.0	46.0	5.0	23.0	25.0	47.0	32.0	30.0	11.0	40.0	9.0	14.0	61.0	22.0	4.0	7.0	10.0	16.0	34.0	72.0	
NC_072445.2	-2::NC_072445.2:78301740-78309384	7644	False	0.5003	0								649.0																																	1.0						625.0	649.0													624.0			
NC_072445.2	2::NC_072445.2:78301741-78309385	7644	False	0.5001	0								624.0														1.0				648.0											1.0				649.0						1.0	624.0																
NC_072425.2	-2::NC_072425.2:2125-10321	8196	False	0.5	0							1265.0																2.0				99.0													1265.0			1.0																			100.0		
NC_072425.2	3::NC_072425.2:2126-10322	8196	False	0.5001	0							100.0																1265.0				1.0			1265.0				1.0						100.0																								
NC_072425.2	-3::NC_072425.2:2724-13113	10389	False	0.5015	0							107.0		1.0														1.0				1625.0													106.0															6.0							1615.0	2.0	
NC_072425.2	2::NC_072425.2:2725-13114	10389	False	0.5016	0							1616.0											8.0					107.0				7.0			106.0										1617.0			2.0																					
NC_072425.2	-1::NC_072425.2:38065562-38071382	5820	False	0.5014	2	52.0		49.0	30.0	35.0	49.0	21.0	31.0	36.0	39.0	32.0	20.0	41.0	45.0	31.0	46.0	29.0	26.0	73.0	34.0	16.0	50.0	22.0	38.0	73.0		20.0	15.0	15.0		40.0	22.0	40.0	30.0	24.0	50.0	28.0	51.0	21.0	29.0	55.0	19.0	10.0	27.0	36.0	17.0	40.0	50.0	77.0	27.0	57.0	14.0	38.0	16.0	6.0	56.0	11.0	13.0	6.0	12.0	11.0	8.0	28.0	3.0
NC_072425.2	1::NC_072425.2:67698291-67705002	6711	False	0.473	2	38.0	60.0	38.0	24.0	134.0	31.0	48.0	16.0	41.0	29.0	48.0	72.0	103.0	57.0	53.0	17.0	35.0	81.0	40.0	55.0	37.0	20.0	27.0	24.0	24.0	19.0	35.0	43.0	53.0	18.0	40.0	101.0	25.0	47.0	80.0	21.0	26.0	35.0	18.0	60.0	31.0	15.0	72.0	34.0	20.0	4.0	52.0	27.0	21.0	14.0	34.0	3.0	45.0	4.0	6.0	38.0	21.0	5.0	9.0	6.0				3.0
NC_072425.2	1::NC_072425.2:76153266-76159650	6384	False	0.4109	0	56.0	44.0	252.0	4.0	2.0	224.0	10.0	2.0	3.0	42.0	30.0	21.0	7.0	14.0	23.0	14.0	10.0	3.0	23.0	14.0	17.0	4.0	11.0	9.0	32.0	12.0	9.0	4.0	258.0	25.0	11.0		1.0	38.0	38.0	291.0	35.0	4.0	23.0	22.0		32.0	200.0	3.0	18.0		3.0	54.0	30.0	30.0	7.0	30.0	4.0	27.0	4.0	13.0	13.0	4.0	1.0	11.0				2.0
NC_072425.2	1::NC_072425.2:76189650-76194903	5253	False	0.4099	0	53.0	38.0	194.0	6.0	1.0	192.0	4.0	2.0	3.0	38.0	31.0	15.0	7.0	7.0	20.0	9.0	8.0	2.0	18.0	16.0	24.0	3.0	5.0	7.0	27.0	12.0	6.0	3.0	201.0	22.0	9.0		2.0	27.0	27.0	239.0	27.0	2.0	21.0	21.0	1.0	24.0	169.0	3.0	18.0		2.0	42.0	29.0	19.0	5.0	29.0	3.0	20.0	2.0	12.0	8.0	1.0	1.0	11.0				3.0
NC_072425.2	2::NC_072425.2:76392226-76398709	6483	False	0.41	0	59.0	54.0	254.0	8.0	2.0	213.0	6.0	2.0	2.0	51.0	29.0	26.0	10.0	9.0	24.0	17.0	10.0	4.0	30.0	17.0	27.0	5.0	9.0	8.0	27.0	15.0	10.0	2.0	254.0	24.0	12.0		1.0	28.0	43.0	274.0	44.0	5.0	19.0	27.0		38.0	208.0	3.0	19.0		4.0	54.0	21.0	30.0	4.0	38.0	5.0	29.0	5.0	15.0	12.0			10.0				5.0
NC_072425.2	3::NC_072425.2:76424312-76429457	5145	False	0.4082	0	48.0	40.0	193.0	9.0	4.0	172.0	6.0	1.0	1.0	39.0	20.0	26.0	9.0	13.0	21.0	15.0	7.0	1.0	24.0	7.0	19.0	4.0	11.0	6.0	31.0	11.0	9.0	5.0	198.0	18.0	6.0		1.0	21.0	36.0	221.0	27.0	4.0	19.0	18.0		28.0	171.0	3.0	19.0		1.0	43.0	17.0	17.0	6.0	29.0	5.0	24.0	2.0	11.0	12.0	1.0		4.0				1.0
NC_072425.2	1::NC_072425.2:86145657-86156364	10707	False	0.7172	1		69.0	1.0	7.0		2.0		84.0		88.0	117.0		32.0	171.0	5.0	4.0	46.0	87.0	8.0	2.0	90.0		28.0	303.0	94.0		76.0		197.0		85.0	118.0	134.0	2.0	25.0	101.0		28.0		101.0	203.0		67.0	71.0	1.0	212.0	86.0		237.0	9.0	55.0	2.0	4.0	93.0	32.0	71.0	1.0	141.0	111.0	6.0				62.0
NC_072425.2	3::NC_072425.2:86145836-86153024	7188	False	0.7183	0		44.0						53.0		86.0	57.0		43.0	89.0	1.0	1.0	22.0	82.0	1.0		56.0		5.0	239.0	64.0	1.0	50.0		105.0		81.0	58.0	111.0		17.0	77.0		18.0		87.0	153.0		70.0	42.0	4.0	126.0	44.0		136.0	2.0	24.0			80.0	15.0	68.0		82.0	58.0	4.0				40.0
NC_072425.2	-3::NC_072425.2:125377398-125382825	5427	False	0.4218	2	79.0		75.0	21.0	27.0	25.0	21.0	47.0	45.0	20.0	6.0	34.0	13.0	19.0	18.0	40.0	33.0	15.0	46.0	42.0	48.0	11.0	19.0	18.0	38.0		19.0	24.0	30.0		40.0	12.0	65.0	21.0	57.0	88.0	40.0	36.0	57.0	38.0	27.0	14.0	12.0	18.0	48.0	6.0	20.0	39.0	48.0	28.0	20.0	7.0	31.0	1.0	2.0	45.0	20.0	2.0	5.0	7.0	17.0	29.0	75.0	1.0
NC_072425.2	-1::NC_072425.2:160041992-160053038	11046	False	0.5003	0								10.0																							4.0										2.0						1825.0	11.0								1.0					1829.0			
NC_072425.2	1::NC_072425.2:160041993-160053039	11046	False	0.5002	0	1.0							1829.0																	4.0	10.0															12.0						1.0	1825.0																
NC_072425.2	-3::NC_072425.2:160042143-160053174	11031	False	0.5001	0	1.0							1815.0														1.0			4.0																2.0						22.0	1810.0													22.0			
NC_072425.2	2::NC_072425.2:160042144-160053169	11025	False	0.5	0								22.0																4.0		1815.0															1811.0						1.0	22.0																
NC_072423.2	2::NC_072423.2:37-11296	11259	False	0.5	1							632.0																1244.0				1.0			1243.0										632.0		1.0																						
NC_072423.2	-2::NC_072423.2:51-11295	11244	False	0.5001	0							1241.0																				633.0													1241.0																	1.0					632.0		
NC_072423.2	-3::NC_072423.2:4127-13097	8970	False	0.5002	1							279.0																1.0				1216.0													279.0																						1215.0		
NC_072423.2	1::NC_072423.2:4128-13098	8970	False	0.5003	1							1215.0																279.0				2.0			279.0										1215.0																								
NC_072423.2	1::NC_072423.2:37286880-37292022	5142	False	0.7213	2	3.0	41.0	3.0	1.0	1.0	3.0		50.0		47.0	47.0	1.0	24.0	70.0	3.0		11.0	37.0	1.0		43.0		6.0	154.0	47.0		48.0		83.0		40.0	44.0	78.0		18.0	50.0		13.0		50.0	107.0		35.0	45.0		113.0	20.0		93.0	6.0	30.0	1.0	5.0	57.0	8.0	43.0	1.0	51.0	38.0	2.0				42.0
NC_072423.2	-1::NC_072423.2:66340990-66347632	6642	False	0.1683	0	4.0		3.0	634.0	22.0	21.0	2.0		60.0	14.0	1.0	117.0	1.0	2.0	30.0		73.0		1.0		1.0	81.0	70.0		1.0								1.0	40.0	1.0		2.0		48.0		1.0	563.0	39.0		1.0		58.0	1.0		1.0	29.0	2.0		18.0	26.0	72.0	93.0		6.0			74.0		
NC_072423.2	3::NC_072423.2:73184144-73189256	5112	False	0.7136	2	5.0	38.0	3.0	1.0	2.0		1.0	47.0		54.0	48.0		10.0	75.0	2.0	4.0	16.0	41.0	5.0	2.0	35.0	2.0	6.0	145.0	46.0		46.0	1.0	86.0	2.0	43.0	50.0	70.0	1.0	10.0	52.0	1.0	16.0	1.0	46.0	97.0		42.0	43.0	3.0	90.0	48.0	3.0	85.0	6.0	37.0	2.0	2.0	55.0	8.0	52.0		53.0	36.0	2.0				27.0
NC_072423.2	-2::NC_072423.2:86270646-86276277	5631	False	0.7187	2			1.0		55.0	14.0	4.0	58.0	2.0	34.0	3.0	3.0		6.0		46.0	2.0		78.0	38.0	2.0		29.0	54.0			118.0	57.0	20.0		4.0	90.0	17.0	5.0	85.0	2.0	7.0	86.0	4.0	55.0	54.0		50.0	161.0	17.0	56.0	9.0	2.0	46.0	44.0	50.0	33.0	49.0	119.0	1.0	41.0	1.0	52.0	1.0	3.0	3.0		50.0	56.0
NC_072423.2	-1::NC_072423.2:86270863-86275942	5079	False	0.7257	0	2.0		2.0		47.0	6.0		49.0	3.0	41.0	1.0	2.0		1.0		33.0	2.0		77.0	47.0			32.0	39.0			106.0	45.0	13.0			97.0	12.0		71.0			100.0	2.0	51.0	46.0		35.0	139.0	10.0	51.0	2.0		50.0	51.0	37.0	43.0	38.0	110.0	1.0	23.0		49.0		15.0			46.0	66.0
NC_072423.2	-1::NC_072423.2:91112305-91130197	17892	False	0.4889	2	439.0		74.0	5.0	89.0	260.0	156.0	221.0	69.0	306.0	1.0	142.0	127.0	149.0	9.0	230.0	46.0	99.0	38.0	34.0	54.0	4.0	165.0	71.0	406.0		125.0	58.0	152.0		56.0	40.0	84.0	95.0	15.0	204.0	30.0	67.0	29.0	8.0	261.0	34.0	33.0	201.0	392.0	24.0	27.0	69.0	146.0	57.0	51.0	7.0	77.0	5.0	13.0	235.0	50.0	4.0	4.0	1.0	23.0	35.0	50.0	8.0
NC_072423.2	-3::NC_072423.2:102051116-102061079	9963	False	0.6457	2	17.0		7.0	5.0	33.0	40.0	6.0	37.0	19.0	105.0	53.0	11.0	65.0	111.0	29.0	50.0	9.0	31.0	75.0	124.0	18.0	32.0	17.0	209.0	31.0		78.0	19.0	26.0		115.0	41.0	28.0	11.0	10.0	17.0	6.0	206.0	210.0	39.0	189.0	3.0	43.0	94.0	3.0	42.0	430.0	29.0	84.0	58.0	47.0	104.0	37.0	12.0	25.0	93.0	5.0	23.0	15.0	3.0	5.0	1.0	18.0	18.0
NC_072423.2	-3::NC_072423.2:111275228-111282128	6900	False	0.622	2	9.0		8.0	23.0	19.0	42.0	9.0	82.0	20.0	49.0	11.0	12.0	38.0	92.0	6.0	66.0	17.0	22.0	142.0	32.0	46.0	33.0	37.0	93.0	55.0		56.0	28.0	22.0		65.0	36.0	33.0	23.0	13.0	30.0	25.0	64.0	39.0	35.0	97.0	5.0	10.0	82.0	23.0	8.0	55.0	16.0	150.0	47.0	30.0	16.0	62.0	53.0	10.0	72.0	10.0	31.0	20.0	12.0	15.0		33.0	11.0
NC_072423.2	1::NC_072423.2:114172347-114179310	6963	False	0.7247	0	7.0	63.0	5.0			3.0		71.0		64.0	50.0	3.0	19.0	97.0	4.0	2.0	14.0	53.0	1.0	1.0	48.0	3.0	1.0	196.0	65.0		64.0		118.0		63.0	56.0	99.0	1.0	18.0	80.0	3.0	28.0		74.0	157.0		33.0	63.0		148.0	41.0	3.0	110.0	5.0	37.0			90.0	8.0	64.0		82.0	46.0	2.0				58.0
NC_072423.2	1::NC_072423.2:121774842-121780509	5667	False	0.6095	2	25.0	25.0	8.0	6.0	37.0	15.0	17.0	34.0	15.0	37.0	34.0	8.0	27.0	122.0	31.0	34.0	29.0	54.0	86.0	29.0	34.0	7.0	37.0	43.0	16.0	2.0	83.0	62.0	37.0	14.0	43.0	113.0	23.0	32.0	20.0	13.0	11.0	28.0	5.0	53.0	58.0	5.0	58.0	85.0	36.0	24.0	24.0	16.0	36.0	14.0	49.0	8.0	54.0	7.0	10.0	17.0	8.0	3.0	8.0	2.0				18.0
NC_072423.2	3::NC_072423.2:150555896-150562805	6909	False	0.6079	2	10.0	35.0	6.0	8.0	171.0	9.0	17.0	45.0	37.0	22.0	34.0	6.0	22.0	125.0	44.0	20.0	24.0	55.0	90.0	39.0	28.0	19.0	36.0	63.0	18.0	29.0	62.0	35.0	42.0	2.0	40.0	240.0	23.0	44.0	37.0	12.0	4.0	59.0	14.0	32.0	120.0	2.0	65.0	102.0	7.0	22.0	33.0	13.0	23.0	28.0	60.0	6.0	57.0	17.0	9.0	20.0	4.0	15.0	17.0	15.0				10.0
NC_072423.2	-2::NC_072423.2:167641908-167651931	10023	False	0.5037	0								1457.0																								36.0									1.0						213.0	1457.0													177.0			
NC_072423.2	2::NC_072423.2:167641909-167651932	10023	False	0.5036	0								213.0																		1457.0															1457.0						1.0	177.0			36.0													
NC_072423.2	-3::NC_072423.2:167643224-167653856	10632	False	0.5	0								321.0																																							1451.0	321.0													1451.0			
NC_072423.2	1::NC_072423.2:167643225-167653857	10632	False	0.4999	0								1451.0																		321.0															320.0						1.0	1451.0																
