clade	species	length	orf_valid	gc_content	gc_stretch_count	codon_TAT	codon_ACA	codon_ATA	codon_CAT	codon_CAC	codon_TGT	codon_GTA	codon_TTA	codon_TAC	codon_AAT	codon_ATG	codon_TTG	codon_ATT	codon_CAA	codon_GTG	codon_GCA	codon_TGC	codon_ACG	codon_AAA	codon_ACC	codon_TTT	codon_TCC	codon_TTC	codon_CTT	codon_AGC	codon_TGG	codon_AAC	codon_CTC	codon_AGA	codon_GAC	codon_TCT	codon_GAA	codon_GAT	codon_TAA	codon_GGT	codon_GGA	codon_GAG	codon_GCG	codon_GTT	codon_CCA	codon_GCT	codon_GGC	codon_ATC	codon_AGG	codon_AGT	codon_CAG	codon_TGA	codon_ACT	codon_CTG	codon_GTC	codon_GGG	codon_TCG	codon_CCT	codon_TAG	codon_CCC	codon_CGG	codon_GCC	codon_AAG	codon_CCG	codon_CGT	codon_CGC	codon_CGA	codon_TCA	codon_CTA
NC_073228.2	3::NC_073228.2:158858669-158868704	10035	False	0.2357	0	561.0	397.0	559.0	298.0	187.0	217.0	117.0	107.0	213.0	7.0	107.0	96.0	205.0	2.0	96.0	88.0	87.0	1.0																																														
NC_073235.2	-2::NC_073235.2:81030956-81048194	17238	False	0.4266	2	90.0	43.0	138.0	58.0	105.0	185.0	51.0		114.0	197.0	39.0	58.0	144.0	40.0	20.0	33.0	117.0	48.0	74.0	127.0	282.0	160.0	331.0	148.0	134.0	213.0	209.0	118.0	103.0	103.0	133.0	70.0	83.0	57.0	110.0	39.0	44.0	19.0	88.0	97.0	62.0	82.0	209.0	152.0	171.0	68.0	87.0	115.0	67.0	90.0	41.0	33.0	30.0	37.0	33.0	6.0	92.0	104.0	22.0	13.0	7.0	3.0		
NC_073234.2	-2::NC_073234.2:60790981-60802768	11787	False	0.4909	0	74.0		2.0	8.0	262.0	608.0	4.0		42.0	42.0	2.0	30.0	23.0	11.0		1.0	68.0	1.0	12.0	41.0	45.0	456.0	138.0	3.0	267.0	132.0	56.0	47.0	62.0	10.0	82.0	1.0	3.0	43.0	19.0	3.0	6.0		1.0	1.0	3.0	5.0	9.0	22.0	285.0	12.0	432.0	30.0	6.0			1.0	21.0	129.0	323.0	1.0	13.0	5.0	7.0	13.0	2.0	4.0		
NC_073244.2	-3::NC_073244.2:6255187-6266410	11223	False	0.502	0		3.0	3.0	1.0	1.0	15.0	2.0			15.0	533.0	1.0	3.0	3.0	19.0	1.0	1.0	12.0	11.0	2.0					1.0	312.0	10.0	2.0	67.0	5.0		317.0	550.0	4.0	5.0	577.0	52.0		6.0			1.0		261.0		1.0	303.0		2.0		324.0	2.0		1.0		1.0	2.0	292.0		1.0		16.0		
NC_073244.2	-2::NC_073244.2:6255194-6266432	11238	False	0.5019	0		3.0	5.0	2.0	1.0	13.0				21.0	560.0	9.0		4.0	18.0	1.0	1.0	12.0	16.0					1.0	1.0	277.0	14.0		60.0	6.0	1.0	296.0	592.0	1.0	11.0	548.0	69.0	2.0	2.0	2.0	1.0	2.0	1.0	284.0		1.0	264.0	1.0		1.0	338.0			4.0	1.0	1.0		284.0	1.0			13.0		
NC_073244.2	-1::NC_073244.2:6255255-6266448	11193	False	0.5009	0	2.0	2.0	3.0	1.0		12.0	2.0			19.0	609.0	2.0		3.0	19.0	1.0		17.0	21.0	1.0			1.0			297.0	7.0	2.0	67.0	9.0		302.0	517.0	2.0	14.0	568.0	57.0		1.0	1.0	1.0	1.0	3.0	289.0	1.0	2.0	278.0			1.0	315.0			2.0		1.0		268.0				10.0		
NC_073244.2	-3::NC_073244.2:15006751-15029494	22743	False	0.4878	2	91.0		31.0	238.0	184.0	543.0	21.0		45.0	98.0	97.0	75.0	78.0	100.0	63.0		121.0	7.0	75.0	74.0	106.0	99.0	234.0	81.0	119.0	197.0	82.0	226.0	422.0	99.0	98.0	62.0	148.0	59.0	473.0	381.0	64.0	7.0	73.0	41.0	215.0	132.0	101.0	305.0	364.0	127.0	372.0	138.0	95.0	136.0	120.0	3.0	86.0	33.0	85.0	13.0	63.0	107.0	6.0	36.0	15.0	17.0		
NC_073229.2	-2::NC_073229.2:191756350-191770492	14142	False	0.5721	0	4.0	1.0	1.0	1.0		183.0	177.0		1.0	2.0	186.0	6.0	4.0	3.0	929.0	5.0	2.0	2.0	2.0	1.0	6.0	1.0	2.0	1.0	1.0	937.0	2.0		189.0			1.0	193.0	1.0	765.0	286.0	304.0	1.0	2.0	1.0	3.0	4.0	2.0	113.0	179.0	4.0	6.0		2.0	2.0	6.0	2.0		178.0		3.0		1.0	1.0	3.0	1.0	1.0		
NC_073229.2	-3::NC_073229.2:191756409-191770125	13716	False	0.5738	0				3.0		179.0	178.0				183.0				920.0	3.0	4.0				1.0			1.0		916.0	1.0		182.0	1.0		1.0	183.0		732.0	292.0	284.0	1.0	5.0	1.0	1.0	3.0		104.0	178.0	3.0	11.0	1.0	1.0	1.0	10.0	4.0		180.0		1.0		1.0		2.0				
NC_073229.2	-1::NC_073229.2:191756441-191770418	13977	False	0.5744	0			1.0	1.0		187.0	182.0			1.0	192.0	3.0			939.0	2.0			1.0							928.0			180.0	2.0	1.0	1.0	186.0		748.0	295.0	291.0	2.0				5.0	1.0	120.0	184.0	4.0	5.0		2.0	4.0	7.0	1.0		177.0		2.0	1.0	1.0		1.0		1.0		
NC_073230.2	-3::NC_073230.2:87646410-87673767	27357	False	0.4978	1	108.0	3.0	48.0	216.0	283.0	572.0	12.0		35.0	60.0	21.0	27.0	19.0	50.0	9.0	2.0	62.0	8.0	13.0	161.0	19.0	134.0	411.0	6.0	287.0	298.0	108.0	122.0	514.0	220.0	24.0	5.0	71.0	119.0	795.0	119.0	17.0		112.0	2.0	600.0	232.0	33.0	650.0	892.0	32.0	376.0	561.0	3.0	142.0	45.0	1.0	31.0	27.0	4.0	83.0	18.0	162.0	1.0	116.0	6.0	12.0		
NC_073230.2	-2::NC_073230.2:87697258-87740314	43056	False	0.5586	0	67.0	4.0	6.0	36.0	63.0	1614.0	109.0		17.0	13.0	11.0	132.0	4.0	35.0	565.0	4.0	316.0	111.0	89.0	161.0	58.0	152.0	621.0	15.0	36.0	482.0	163.0	185.0	421.0	142.0	52.0	310.0	60.0	120.0	1089.0	511.0	298.0	147.0	21.0	31.0	1127.0	377.0	55.0	613.0	467.0	108.0	854.0	410.0	119.0	216.0	237.0	17.0	27.0	53.0	31.0	79.0	718.0	123.0	26.0	281.0	28.0	115.0		
NC_073230.2	-2::NC_073230.2:87770041-87793822	23781	False	0.5117	1	28.0	9.0	11.0	58.0	30.0	201.0	33.0		3.0	120.0	32.0	14.0	54.0	159.0	340.0	2.0	24.0	4.0	41.0	6.0	6.0	4.0	25.0	87.0	30.0	52.0	14.0	292.0	442.0	30.0	24.0	328.0	488.0	48.0	1270.0	187.0	24.0	12.0	35.0	4.0	404.0	184.0	9.0	159.0	863.0	24.0	489.0	434.0	29.0	14.0	372.0	1.0	43.0	2.0	33.0	14.0	61.0	29.0	3.0	44.0	29.0	116.0		
NC_073230.2	-3::NC_073230.2:87793422-87815400	21978	False	0.5067	1	24.0	5.0	22.0	74.0	52.0	323.0	51.0		14.0	105.0	33.0	11.0	64.0	145.0	254.0	3.0	58.0	8.0	26.0	15.0	16.0	8.0	41.0	53.0	46.0	84.0	13.0	255.0	424.0	32.0	36.0	267.0	393.0	55.0	1084.0	241.0	47.0	5.0	53.0	5.0	344.0	183.0	6.0	140.0	728.0	44.0	397.0	388.0	37.0	26.0	294.0	4.0	29.0	6.0	25.0	19.0	36.0	25.0	7.0	60.0	26.0	57.0		
NC_073230.2	1::NC_073230.2:164199720-164211564	11844	False	0.5653	1		244.0		204.0	229.0	1.0		1.0					2.0	120.0	1.0		1.0	1.0	146.0	145.0		378.0			1.0		16.0	531.0	107.0	131.0	263.0	4.0			1.0			1.0		228.0	1.0		206.0		1.0			3.0	1.0	2.0			270.0		456.0		7.0	110.0	10.0	2.0	8.0	9.0	105.0	1.0
NC_073242.2	-2::NC_073242.2:99211222-99221440	10218	False	0.6502	1	3.0	3.0	3.0	29.0	133.0	32.0	1.0		2.0	2.0	60.0	115.0	2.0	5.0	83.0	55.0	3.0	4.0		9.0	119.0	40.0	94.0	16.0	147.0	233.0	2.0	148.0	2.0	32.0	87.0	1.0	2.0	2.0	2.0	8.0	5.0	20.0	154.0	31.0	4.0	122.0	10.0	18.0	18.0	81.0	115.0	2.0	14.0	150.0	194.0	74.0	301.0	6.0	76.0	327.0	66.0	1.0	40.0	62.0	6.0	30.0		
NC_073242.2	1::NC_073242.2:119013009-119024907	11898	False	0.6683	2	6.0	42.0	2.0	21.0	87.0	24.0	7.0	8.0	23.0	13.0	32.0	27.0	7.0	23.0	69.0	65.0	53.0	35.0	41.0	99.0	24.0	86.0	73.0	24.0	167.0	27.0	43.0	79.0	43.0	119.0	42.0	56.0	46.0		47.0	71.0	204.0	55.0	14.0	116.0	73.0	158.0	20.0	104.0	39.0	160.0		33.0	174.0	32.0	136.0	24.0	112.0		266.0	53.0	213.0	126.0	96.0	13.0	50.0	17.0	37.0	10.0
NC_073239.2	3::NC_073239.2:121851275-121863776	12501	False	0.5473	1	69.0	5.0	1.0	291.0	399.0	132.0	5.0	13.0	29.0	1.0	38.0	6.0	39.0	9.0	4.0	7.0	12.0	3.0	2.0	318.0	28.0	407.0	40.0	20.0	2.0		9.0	267.0		2.0	202.0	2.0						1.0	2.0	551.0	7.0		286.0		3.0	7.0		97.0	94.0	149.0		3.0	148.0		155.0		5.0	1.0	40.0	33.0	6.0	1.0	138.0	78.0
NC_073239.2	1::NC_073239.2:121851312-121863879	12567	False	0.5471	1	69.0	4.0	1.0	299.0	385.0	127.0	6.0	11.0	25.0	1.0	34.0	5.0	38.0	10.0	4.0	8.0	15.0	4.0	2.0	325.0	25.0	398.0	47.0	16.0	5.0	1.0	9.0	281.0		1.0	197.0		1.0					1.0	4.0	545.0	9.0		292.0		2.0	8.0		110.0	93.0	156.0	1.0	1.0	148.0		153.0		3.0	2.0	39.0	40.0	6.0	1.0	150.0	71.0
NC_073239.2	2::NC_073239.2:121851316-121863820	12504	False	0.5477	1	63.0	4.0		300.0	390.0	119.0	3.0	11.0	24.0	1.0	38.0	3.0	42.0	12.0	4.0	8.0	12.0	3.0		313.0	25.0	417.0	42.0	16.0	3.0		10.0	260.0	1.0	1.0	199.0							1.0	1.0	536.0	7.0		288.0		5.0	4.0		100.0	98.0	159.0		2.0	152.0		156.0		10.0		34.0	38.0	6.0	1.0	158.0	88.0
NC_073239.2	-2::NC_073239.2:121936319-121953572	17253	False	0.589	2	31.0	9.0	1.0	193.0	384.0	72.0	7.0		18.0	44.0	16.0	37.0	12.0	29.0	56.0	7.0	69.0	2.0	38.0	53.0	209.0	86.0	115.0	400.0	89.0	110.0	40.0	294.0	114.0	97.0	40.0	105.0	48.0	17.0	44.0	151.0	159.0	11.0	13.0	15.0	132.0	238.0	156.0	96.0	74.0	265.0	41.0	57.0	210.0	318.0	308.0	6.0	44.0	14.0	137.0	62.0	181.0	41.0	21.0	20.0	45.0	50.0		
NC_073233.2	-1::NC_073233.2:7462739-7476872	14133	False	0.5658	2	15.0	5.0	28.0	66.0	72.0	397.0	4.0		5.0	39.0	68.0	41.0	11.0	30.0	270.0	3.0	61.0	3.0	15.0	29.0	45.0	20.0	33.0	36.0	19.0	268.0	28.0	12.0	139.0	55.0	21.0	86.0	116.0	1.0	648.0	294.0	55.0	2.0	30.0	9.0	158.0	194.0	1.0	191.0	217.0	21.0	137.0	97.0	75.0	2.0	138.0	3.0	38.0	46.0	83.0	35.0	52.0	30.0	8.0	80.0	4.0	22.0		
NC_073233.2	3::NC_073233.2:7640486-7654049	13563	False	0.5791	2	4.0	540.0	5.0	26.0	37.0	13.0	8.0		23.0	4.0	15.0	10.0	3.0	14.0	99.0	19.0	89.0	17.0	24.0	611.0	13.0	108.0	24.0	5.0	427.0	28.0	56.0	31.0	53.0	56.0	295.0	40.0	1.0		58.0	70.0	68.0	4.0	68.0	56.0	133.0	44.0	93.0	36.0	19.0	102.0		179.0	33.0	17.0	37.0	13.0	306.0		175.0	23.0	144.0	44.0	28.0	17.0	14.0	18.0	23.0	1.0
NC_073233.2	3::NC_073233.2:7703066-7715603	12537	False	0.6397	2	6.0	289.0	16.0	5.0	70.0	29.0	2.0	1.0	32.0	15.0	65.0	14.0	1.0	4.0	136.0	70.0	57.0	146.0	29.0	555.0	29.0	283.0	36.0	32.0	134.0	64.0	29.0	35.0	8.0	43.0	51.0	19.0	2.0		30.0	27.0	81.0	8.0	8.0	136.0	41.0	110.0	87.0	35.0	27.0	86.0		162.0	126.0	36.0	92.0	24.0	48.0		251.0	18.0	256.0	30.0	62.0	13.0	32.0	4.0	32.0	10.0
NC_073233.2	3::NC_073233.2:17639276-17663846	24570	False	0.5694	2		3.0	1.0	1.0	4.0	815.0	4.0		3.0	2.0	2.0		1.0		790.0	1.0	439.0			2.0		70.0	23.0	19.0	1.0	1.0	1.0	1776.0		1.0	2217.0		1.0					438.0	2.0		2.0	1.0				2.0			384.0	484.0	2.0		30.0		196.0		11.0	2.0	55.0	393.0	9.0		1.0	
NC_073233.2	2::NC_073233.2:17639302-17663854	24552	False	0.5694	2		2.0		2.0	4.0	789.0	2.0	1.0	1.0		1.0	5.0	1.0	1.0	804.0		439.0		2.0		3.0	72.0	20.0	15.0		1.0		1777.0			2149.0	2.0			2.0	1.0	1.0	355.0	4.0	4.0	2.0		2.0	1.0				1.0	443.0	489.0	1.0		28.0		195.0		12.0		47.0	489.0	13.0		1.0	
NC_073233.2	-3::NC_073233.2:17639316-17663802	24486	False	0.5694	1	3.0	3.0	1.0	1.0	2.0	815.0					1.0				738.0		358.0			1.0	6.0	84.0	16.0	19.0				1740.0			2197.0			1.0	1.0			438.0	3.0	1.0	1.0		1.0	1.0		1.0		1.0	488.0	464.0			35.0		174.0		10.0		64.0	482.0	11.0			
NC_073233.2	-1::NC_073233.2:17639321-17663885	24564	False	0.5693	1	1.0	3.0		1.0	4.0	813.0	5.0		2.0	2.0	1.0				789.0	1.0	439.0			1.0		70.0	23.0	21.0	1.0	1.0	2.0	1776.0			2217.0		1.0		1.0			438.0	2.0		2.0	2.0		1.0	2.0	1.0	1.0		384.0	483.0	2.0		30.0	1.0	194.0		11.0	2.0	55.0	393.0	9.0			
NC_073233.2	-2::NC_073233.2:17639341-17663782	24441	False	0.5696	1						789.0	1.0				1.0	4.0		1.0	804.0		436.0		1.0		3.0	72.0	19.0	15.0		1.0		1777.0			2148.0					1.0		355.0	4.0	1.0	2.0		2.0						442.0	488.0			27.0		193.0		11.0		47.0	489.0	13.0			
NC_073233.2	1::NC_073233.2:17639364-17663817	24453	False	0.5696	1	3.0	2.0	1.0	1.0	2.0	813.0					1.0				738.0		357.0			1.0	4.0	84.0	16.0	19.0				1739.0			2197.0				1.0			438.0	3.0		1.0			1.0				1.0	486.0	465.0			35.0		175.0		9.0		64.0	482.0	11.0		1.0	
NC_073233.2	-1::NC_073233.2:70434983-70452491	17508	False	0.4905	2	32.0	10.0	5.0	252.0	297.0	30.0	4.0		49.0	128.0	46.0	28.0	76.0	89.0	52.0	2.0	54.0	5.0	62.0	159.0	434.0	153.0	202.0	392.0	78.0	233.0	158.0	139.0	86.0	96.0	10.0	90.0	124.0	32.0	27.0	65.0	43.0	3.0	64.0	34.0	61.0	70.0	378.0	216.0	34.0	160.0	52.0	46.0	37.0	228.0	252.0	2.0	10.0	20.0	116.0	18.0	202.0	58.0	3.0	7.0	12.0	11.0		
NC_073233.2	-2::NC_073233.2:143597515-143608078	10563	False	0.5727	0	24.0			6.0	4.0	220.0	13.0		5.0		13.0	9.0	4.0	15.0		2.0	1.0	10.0	6.0		322.0	27.0	20.0	3.0	6.0	14.0		70.0	25.0	6.0	11.0		12.0	4.0	538.0	9.0	7.0		37.0		26.0	10.0	6.0	725.0	41.0	276.0	2.0		11.0	220.0	17.0	5.0		290.0	2.0	5.0	427.0	10.0	4.0	1.0				
NC_073240.2	-2::NC_073240.2:13140813-13325778	184965	False	0.5194	1	62.0	2.0	131.0	1.0		17.0	18.0		2.0	4119.0	4154.0	3.0	8.0	143.0	3426.0	205.0	129.0	2437.0	3502.0	1.0			1.0			7481.0	2373.0		122.0	2.0		7104.0	117.0	9.0	11.0	10624.0	3554.0	4.0	1.0			71.0	6.0	859.0	3418.0	65.0	25.0	2.0	4.0		4229.0	2.0		67.0		2413.0		725.0	4.0	1.0		1.0		
NC_073240.2	-1::NC_073240.2:13140892-13326112	185220	False	0.5193	1	60.0	1.0	111.0			20.0	15.0			4188.0	4185.0	7.0	11.0	126.0	3430.0	197.0	141.0	2372.0	3491.0	3.0			3.0	1.0		7412.0	2421.0		134.0	2.0		7121.0	120.0	11.0	14.0	10655.0	3542.0	4.0	1.0			66.0	5.0	889.0	3391.0	84.0	23.0	5.0	1.0		4264.0	7.0		79.0	1.0	2441.0		676.0	1.0	4.0		4.0		
NC_073240.2	-3::NC_073240.2:13140998-13325723	184725	False	0.5195	1	48.0		117.0			24.0	22.0			4098.0	4223.0	10.0	3.0	127.0	3405.0	206.0	124.0	2410.0	3495.0	1.0						7436.0	2439.0		130.0	2.0		7074.0	138.0	8.0	11.0	10611.0	3571.0	1.0				84.0	1.0	841.0	3406.0	69.0	21.0	4.0	5.0		4276.0	1.0		69.0	2.0	2370.0		686.0		4.0		2.0		
NC_073240.2	-1::NC_073240.2:13372978-13750747	377769	False	0.5202	1	169.0	7.0	350.0	3.0		12.0	15.0		2.0	8177.0	8442.0	6.0	10.0	199.0	6891.0	286.0	207.0	5109.0	7102.0		1.0		1.0		2.0	15122.0	5219.0		337.0			14488.0	361.0	12.0	3.0	21883.0	7393.0	3.0				65.0	6.0	1730.0	6886.0	63.0	19.0	22.0	33.0	1.0	8594.0	2.0		193.0		5175.0		1316.0	2.0	1.0		3.0		
NC_073240.2	-3::NC_073240.2:13373057-13749047	375990	False	0.5202	1	171.0	6.0	359.0	2.0		20.0	12.0			8207.0	8296.0	7.0	6.0	234.0	6862.0	271.0	197.0	5165.0	7051.0	2.0	1.0		2.0			15064.0	5191.0		311.0	2.0		14386.0	360.0	9.0	2.0	21842.0	7387.0	3.0				61.0	1.0	1747.0	6868.0	56.0	14.0	27.0	22.0	1.0	8573.0	5.0		184.0		5088.0		1249.0		1.0		5.0		
NC_073240.2	-2::NC_073240.2:13373163-13748571	375408	False	0.5203	1	180.0	5.0	358.0			16.0	13.0			8211.0	8360.0	6.0	6.0	205.0	6868.0	257.0	236.0	5144.0	7060.0						1.0	14901.0	5107.0		323.0	1.0		14406.0	350.0	7.0	9.0	21766.0	7380.0					49.0		1701.0	6842.0	71.0	11.0	33.0	27.0	1.0	8603.0	2.0		183.0	1.0	5161.0		1269.0		1.0		5.0		
NC_073240.2	2::NC_073240.2:13717456-13728520	11064	False	0.5247	0	7.0		12.0							218.0	246.0			1.0	198.0	3.0	9.0	181.0	207.0							433.0	169.0		23.0			434.0	6.0			647.0	229.0							22.0	187.0	1.0					252.0					167.0		36.0						
NC_073240.2	-2::NC_073240.2:13748574-13760454	11880	False	0.5172	1	9.0		14.0				1.0			273.0	276.0	1.0	3.0	4.0	216.0	5.0	8.0	164.0	222.0		4.0					468.0	165.0		9.0			453.0	9.0	4.0	5.0	687.0	235.0	3.0			1.0	5.0	1.0	49.0	208.0	2.0	2.0				267.0	1.0		4.0		159.0		19.0		2.0		2.0		
NC_073240.2	-3::NC_073240.2:13757006-13768172	11166	False	0.5187	1	7.0		11.0				1.0			252.0	255.0		3.0	7.0	200.0	5.0	9.0	157.0	208.0		4.0					438.0	159.0		9.0			422.0	8.0	4.0	2.0	648.0	222.0	2.0			1.0	5.0	1.0	44.0	199.0	4.0	1.0				251.0	1.0		3.0		154.0		21.0		3.0		1.0		
NC_073240.2	-2::NC_073240.2:13770504-13879080	108576	False	0.519	1	56.0	9.0	130.0			21.0	17.0		3.0	2453.0	2486.0	9.0	9.0	9.0	1801.0	36.0	15.0	1583.0	2029.0		3.0				4.0	4314.0	1575.0		200.0	9.0		4197.0	110.0	14.0	22.0	6281.0	2211.0	6.0				20.0	14.0	436.0	1775.0	24.0	12.0	10.0	6.0		2439.0	23.0		66.0		1570.0		162.0		3.0		20.0		
NC_073240.2	-3::NC_073240.2:13772714-14058896	286182	False	0.519	1	108.0	8.0	252.0			31.0	42.0		9.0	6523.0	6630.0	25.0	22.0	19.0	4799.0	78.0	20.0	4080.0	5398.0		1.0				5.0	11319.0	4105.0		588.0	23.0		11064.0	265.0	40.0	53.0	16637.0	5830.0	13.0	1.0	1.0		65.0	22.0	1334.0	4691.0	67.0	10.0	9.0	11.0		6428.0	13.0		141.0		4076.0		503.0	1.0	9.0	1.0	24.0		
NC_073240.2	-1::NC_073240.2:13774108-13880695	106587	False	0.519	1	55.0	4.0	119.0			17.0	24.0		3.0	2451.0	2432.0	8.0	7.0	12.0	1757.0	35.0	12.0	1551.0	1963.0						3.0	4193.0	1549.0		172.0	12.0		4112.0	115.0	14.0	22.0	6147.0	2162.0	5.0				14.0	13.0	469.0	1770.0	32.0	10.0	5.0	10.0		2418.0	14.0		72.0		1535.0		171.0		10.0		30.0		
NC_073240.2	-2::NC_073240.2:13879083-14060100	181017	False	0.5185	1	67.0	1.0	135.0			22.0	23.0		6.0	4147.0	4203.0	11.0	15.0	8.0	3003.0	50.0	10.0	2563.0	3437.0	3.0	2.0				2.0	7219.0	2542.0		358.0	4.0	1.0	7037.0	144.0	17.0	23.0	10538.0	3748.0	6.0				43.0	3.0	848.0	2986.0	51.0	11.0	10.0	5.0		4046.0			71.0	1.0	2538.0	1.0	373.0		1.0	1.0	5.0		
NC_073240.2	-1::NC_073240.2:13881718-14058904	177186	False	0.5189	1	62.0	1.0	130.0			19.0	21.0		5.0	4056.0	4097.0	15.0	18.0	1.0	2950.0	44.0	5.0	2502.0	3388.0	2.0					5.0	7014.0	2488.0		348.0	3.0	1.0	6892.0	131.0	12.0	31.0	10323.0	3661.0	5.0	1.0			47.0		877.0	2930.0	44.0	4.0	6.0	8.0		3965.0	1.0		74.0	1.0	2517.0		350.0	1.0	1.0		5.0		
NC_073240.2	1::NC_073240.2:13962273-13973796	11523	False	0.5148	1	2.0		11.0							292.0	292.0		1.0	1.0	190.0	1.0		131.0	210.0							472.0	136.0		24.0			457.0	9.0		1.0	676.0	242.0					2.0		67.0	194.0	1.0					266.0					145.0		18.0						
NC_073240.2	2::NC_073240.2:13994386-14007184	12798	False	0.5222	0			4.0				1.0			275.0	284.0		1.0		193.0			209.0	255.0							473.0	200.0		50.0			506.0	4.0			752.0	293.0							74.0	197.0						268.0					210.0		16.0	1.0					
NC_073240.2	3::NC_073240.2:13994576-14010329	15753	False	0.5213	0	5.0		6.0							338.0	348.0	1.0			249.0			238.0	316.0							600.0	253.0		51.0			621.0	2.0		1.0	924.0	357.0							85.0	245.0						341.0					245.0		25.0						
NC_073240.2	1::NC_073240.2:13994964-14005620	10656	False	0.5231	0										235.0	224.0				170.0			178.0	208.0	1.0						385.0	177.0		44.0			418.0	2.0			627.0	241.0							63.0	159.0						227.0					173.0		20.0						
NC_073240.2	3::NC_073240.2:14011607-14024966	13359	False	0.5189	1	2.0		9.0							308.0	322.0				223.0	5.0		165.0	253.0							539.0	185.0		31.0			526.0	8.0		2.0	780.0	278.0		1.0			7.0		76.0	221.0	3.0					301.0					182.0		26.0						
NC_073240.2	2::NC_073240.2:43502626-43512880	10254	False	0.5144	2	21.0	67.0	17.0	51.0	64.0	39.0	34.0	40.0	20.0	63.0	44.0	55.0	24.0	64.0	57.0	64.0	34.0	9.0	66.0	59.0	45.0	77.0	36.0	47.0	91.0	32.0	45.0	53.0	60.0	74.0	110.0	136.0	91.0		44.0	53.0	139.0	10.0	44.0	102.0	83.0	62.0	29.0	102.0	82.0	152.0		75.0	85.0	32.0	54.0	5.0	112.0		72.0	4.0	75.0	79.0	11.0	13.0	5.0	11.0	69.0	25.0
NC_073240.2	2::NC_073240.2:68697295-68723734	26439	False	0.6034	1	1.0		1.0	2.0	1.0	16.0		1.0	1.0	2.0		4.0	3.0		11.0			1.0	2.0	1.0	10.0	742.0	2.0	9.0			1.0	3022.0			2268.0	3.0	2.0		2.0				3.0				4.0						4.0	453.0		421.0	702.0		672.0		2.0		14.0	422.0	1.0		4.0	3.0
NC_073240.2	-1::NC_073240.2:68697427-68721334	23907	False	0.6064	1				1.0	1.0	14.0			1.0				2.0		10.0			1.0	1.0	1.0	4.0	698.0	2.0	5.0				2752.0			2023.0		1.0		1.0				3.0				2.0						1.0	413.0		371.0	651.0		612.0		2.0		10.0	385.0	1.0			
NC_073240.2	3::NC_073240.2:68697428-68723738	26310	False	0.6048	1				1.0		13.0		2.0		1.0	1.0	2.0	1.0		8.0				1.0	1.0	7.0	707.0	6.0	2.0				2957.0			2328.0																	1.0	7.0	430.0		439.0	669.0		732.0		1.0		13.0	429.0	7.0		3.0	1.0
NC_073240.2	1::NC_073240.2:68697441-68723838	26397	False	0.6046	1	1.0			2.0	1.0	16.0	1.0	2.0	1.0	2.0	2.0	3.0	1.0	2.0	12.0						3.0	680.0	5.0	5.0		2.0		2990.0	1.0	1.0	2302.0	1.0	1.0										2.0	2.0		2.0		1.0	5.0	432.0	1.0	409.0	728.0		702.0		8.0		15.0	450.0	2.0		2.0	1.0
NC_073240.2	-2::NC_073240.2:68698173-68713110	14937	False	0.6049	1				1.0	1.0	9.0									10.0							375.0	4.0	1.0				1736.0			1279.0																		3.0	240.0		217.0	454.0		363.0		2.0		4.0	278.0	2.0			
NC_073240.2	-2::NC_073240.2:68713113-68723733	10620	False	0.6077	1				1.0		7.0			1.0						1.0							285.0		2.0				1168.0			948.0												1.0						1.0	180.0		181.0	264.0		320.0		4.0		10.0	166.0				
NC_073224.2	1::NC_073224.2:104483886-104495943	12057	False	0.5556	1	22.0	81.0	5.0	162.0	236.0	3.0	21.0	5.0	28.0	26.0	5.0	6.0	21.0	115.0	27.0	98.0		3.0	25.0	41.0	4.0	244.0	16.0	4.0	131.0	16.0	41.0	12.0	178.0	166.0	183.0	122.0	53.0		42.0	253.0	126.0	16.0	17.0	14.0	68.0	70.0	2.0	123.0	133.0	276.0		55.0	3.0	16.0	140.0	29.0	7.0		33.0	23.0	64.0	19.0	12.0	72.0	23.0	23.0	258.0	2.0
NC_073224.2	1::NC_073224.2:104581524-104592423	10899	False	0.5757	0	91.0	12.0	3.0	195.0	165.0	25.0		10.0	43.0	14.0	5.0	11.0	1.0	129.0	3.0	2.0	11.0		9.0	8.0	30.0	208.0	6.0	6.0	184.0	6.0	8.0	1.0	17.0	7.0	527.0	23.0	9.0		188.0	141.0	65.0	1.0	1.0	36.0	24.0	432.0	4.0	39.0	60.0	235.0		16.0	5.0	5.0	167.0	38.0	32.0		13.0	13.0	9.0	6.0		40.0	13.0	61.0	220.0	
NC_073238.2	-2::NC_073238.2:20446346-21252449	806103	False	0.5233	1	518.0	9.0	953.0	3.0	1.0	57.0	70.0		1.0	17300.0	17452.0	31.0	42.0	19.0	14815.0	443.0	29.0	11477.0	14713.0	2.0			1.0		192.0	32452.0	11295.0		672.0	57.0		30651.0	985.0	62.0	42.0	46692.0	15619.0	331.0	4.0			487.0	5.0	3076.0	14775.0	466.0	52.0	65.0	69.0	5.0	18100.0	16.0		559.0	1.0	11702.0		2311.0	4.0	1.0	1.0	16.0		
NC_073238.2	-1::NC_073238.2:20446425-21254472	808047	False	0.5233	1	440.0	8.0	990.0	1.0		63.0	65.0		3.0	17223.0	17820.0	41.0	30.0	15.0	14836.0	401.0	15.0	11299.0	14683.0	4.0	3.0		3.0	1.0	183.0	32331.0	11445.0		656.0	62.0		30753.0	1074.0	58.0	42.0	46866.0	15659.0	312.0	3.0		1.0	582.0	8.0	3252.0	14906.0	437.0	45.0	72.0	64.0	5.0	17996.0	8.0		528.0		11818.0		2205.0	3.0	3.0	1.0	27.0		
NC_073238.2	-3::NC_073238.2:20446531-20657170	210639	False	0.5217	1	148.0	7.0	308.0	1.0		4.0	11.0		5.0	4476.0	4695.0	3.0	2.0	13.0	3849.0	123.0	6.0	2975.0	3833.0	4.0					29.0	8496.0	3033.0		205.0	20.0		8076.0	281.0	4.0	19.0	12199.0	4054.0	49.0	2.0			153.0	5.0	853.0	3812.0	113.0	15.0	16.0	29.0	8.0	4573.0	8.0		120.0		3052.0		516.0	2.0			8.0		
NC_073238.2	-3::NC_073238.2:20657173-21007348	350175	False	0.5268	1	197.0	1.0	372.0			11.0	9.0			7210.0	7429.0	15.0	13.0	4.0	6590.0	186.0	3.0	4923.0	6504.0						169.0	14112.0	4957.0		166.0	29.0		13308.0	332.0	11.0	23.0	20278.0	6872.0	235.0				243.0		1341.0	6530.0	135.0	15.0	35.0	29.0		8122.0	1.0		156.0		5077.0		1076.0	1.0			5.0		
NC_073238.2	1::NC_073238.2:20662458-20683620	21162	False	0.5294	1	1.0		8.0							441.0	451.0	2.0	1.0		415.0			269.0	402.0	1.0					8.0	846.0	278.0		1.0			805.0	8.0		4.0	1233.0	419.0	16.0				11.0		103.0	417.0	3.0			1.0		525.0					298.0		86.0				1.0		
NC_073238.2	2::NC_073238.2:20684524-20708695	24171	False	0.5335	1	17.0		21.0							464.0	473.0				476.0	17.0		348.0	471.0						45.0	983.0	348.0		1.0			908.0	5.0			1395.0	494.0	28.0				8.0		86.0	443.0	3.0		4.0			612.0					334.0		73.0						
NC_073238.2	1::NC_073238.2:20778840-20795208	16368	False	0.5291	1	4.0		9.0							339.0	340.0				328.0	2.0		221.0	316.0						9.0	659.0	210.0		2.0	1.0		625.0	6.0			956.0	317.0	9.0	1.0			13.0		86.0	314.0				1.0		389.0					235.0		64.0						
NC_073238.2	3::NC_073238.2:20817965-20829854	11889	False	0.5302	1	4.0		9.0							243.0	245.0	1.0			235.0	4.0		168.0	224.0						7.0	469.0	164.0		2.0	1.0		454.0	5.0			690.0	232.0	10.0				8.0		50.0	227.0	4.0		2.0	2.0		286.0					175.0		42.0						
NC_073238.2	2::NC_073238.2:20825029-20835532	10503	False	0.5299	1	3.0		3.0							210.0	219.0	1.0	1.0		210.0	2.0		131.0	204.0						2.0	431.0	134.0		4.0	3.0		402.0	1.0		1.0	610.0	208.0	12.0				11.0		48.0	203.0	1.0		1.0	1.0		250.0					146.0		48.0						
NC_073238.2	1::NC_073238.2:20825292-20836620	11328	False	0.5289	1	4.0		7.0							235.0	237.0		1.0		223.0	2.0		152.0	214.0						7.0	456.0	140.0		2.0	1.0		431.0	3.0		1.0	661.0	223.0	7.0				7.0		51.0	220.0	4.0		1.0	3.0		280.0					152.0		51.0						
NC_073238.2	3::NC_073238.2:20830520-20841380	10860	False	0.5272	1	6.0		10.0							214.0	238.0	1.0	1.0		209.0	3.0		134.0	204.0						2.0	445.0	154.0		7.0	2.0		415.0	5.0		2.0	629.0	217.0	10.0				8.0		49.0	203.0	1.0		2.0	1.0		256.0					149.0		43.0						
NC_073238.2	-3::NC_073238.2:21007351-21249865	242514	False	0.5198	1	202.0	3.0	386.0			39.0	46.0			5196.0	5392.0	15.0	14.0	9.0	4416.0	163.0	8.0	3466.0	4371.0						13.0	9834.0	3464.0		243.0	9.0		9285.0	340.0	39.0	5.0	13991.0	4711.0	22.0				145.0	1.0	958.0	4402.0	127.0	26.0	18.0	14.0	1.0	5271.0	4.0		166.0		3414.0		604.0		2.0	1.0	2.0		
NC_073238.2	2::NC_073238.2:21053152-21066613	13461	False	0.5262	0	17.0		23.0							257.0	266.0				251.0	15.0		220.0	242.0							547.0	225.0		7.0			527.0	7.0			777.0	275.0					6.0		47.0	252.0	1.0					297.0					198.0		30.0						
NC_073238.2	-1::NC_073238.2:21254475-21273954	19479	False	0.518	0	10.0		19.0							453.0	437.0	1.0	6.0		355.0	16.0		267.0	352.0		8.0					794.0	267.0		18.0			746.0	20.0	6.0		1128.0	374.0	1.0				11.0		71.0	356.0	21.0					426.0			11.0		275.0		44.0						
NC_073238.2	2::NC_073238.2:21257782-21268591	10809	False	0.52	0	5.0		10.0					5.0		230.0	252.0			1.0	202.0	8.0		154.0	199.0		4.0				1.0	444.0	160.0		7.0			421.0	6.0			623.0	211.0					13.0		36.0	202.0	6.0					233.0					147.0		23.0						
NC_073238.2	-3::NC_073238.2:21269299-21285259	15960	False	0.5204	1	10.0		19.0				2.0			341.0	365.0	3.0	4.0		294.0	10.0		220.0	290.0		1.0					656.0	239.0		18.0			614.0	18.0	1.0	2.0	925.0	314.0	2.0				14.0		59.0	290.0	6.0					333.0			9.0		234.0		27.0						
NC_073238.2	-2::NC_073238.2:21272648-21292127	19479	False	0.5194	1	11.0		22.0						1.0	438.0	429.0	4.0	4.0		356.0	15.0		284.0	350.0		2.0				1.0	806.0	275.0		19.0			748.0	22.0	3.0	1.0	1126.0	378.0	1.0				7.0		58.0	359.0	16.0	1.0				430.0			13.0		269.0		44.0						
NC_073238.2	-1::NC_073238.2:21273957-21286296	12339	False	0.5216	1	4.0		12.0							279.0	279.0	2.0	3.0		231.0	2.0		180.0	214.0		1.0				1.0	486.0	172.0		15.0			476.0	16.0		3.0	719.0	231.0	1.0				11.0		44.0	228.0	11.0	1.0				259.0			7.0		193.0		32.0						
NC_073238.2	-1::NC_073238.2:21286299-21304401	18102	False	0.5203	1	8.0		16.0				1.0			401.0	406.0	4.0	5.0		330.0	8.0		249.0	333.0		3.0					735.0	262.0		21.0			692.0	20.0	3.0	1.0	1052.0	351.0	4.0				14.0		65.0	328.0	11.0					390.0			12.0		268.0		41.0						
NC_073238.2	-2::NC_073238.2:21292130-21306845	14715	False	0.5225	1	7.0		11.0			2.0	2.0			325.0	316.0		6.0		275.0	7.0		220.0	279.0		1.0				1.0	591.0	199.0		12.0			569.0	11.0	2.0	1.0	854.0	285.0	4.0				10.0		55.0	266.0	9.0					317.0			5.0		227.0		36.0						
NC_073238.2	-2::NC_073238.2:21309413-21319631	10218	False	0.5168	0	1.0	1.0	6.0			1.0	1.0		2.0	230.0	245.0	1.0	1.0	3.0	179.0	6.0	2.0	135.0	185.0		2.0				2.0	416.0	148.0		18.0	1.0		398.0	6.0	2.0	2.0	593.0	199.0	2.0	1.0	1.0		5.0	1.0	44.0	178.0	4.0	1.0	2.0	3.0		210.0			5.0	1.0	139.0		22.0		1.0				
NC_073238.2	-1::NC_073238.2:21322719-21448506	125787	False	0.5209	1	10.0	1.0	18.0			5.0	5.0		1.0	2920.0	2948.0	4.0	2.0	2.0	2170.0	55.0	5.0	1731.0	2411.0	2.0					1.0	5192.0	1754.0		211.0	3.0	1.0	4927.0	18.0	1.0	3.0	7285.0	2555.0	34.0	3.0			79.0	15.0	555.0	2086.0	46.0	8.0	23.0	34.0		2837.0	9.0	1.0	12.0	1.0	1678.0		219.0		30.0	3.0	15.0		
NC_073238.2	1::NC_073238.2:21325206-21409380	84174	False	0.5216	1		1.0	1.0			2.0	2.0		1.0	1934.0	1952.0	2.0	1.0		1466.0	47.0	2.0	1173.0	1640.0							3478.0	1194.0		140.0	2.0		3300.0	1.0		1.0	4866.0	1699.0	25.0	3.0			68.0	10.0	369.0	1403.0	35.0		22.0	25.0		1880.0	9.0				1134.0		137.0		21.0	1.0	11.0		
NC_073238.2	-2::NC_073238.2:21325277-21432329	107052	False	0.5215	1	4.0		9.0							2495.0	2533.0	1.0	1.0	1.0	1871.0	43.0		1439.0	2030.0							4283.0	1515.0		147.0	2.0		4194.0	12.0	1.0	2.0	6202.0	2161.0	33.0	1.0			78.0	9.0	472.0	1835.0	49.0	7.0	30.0	27.0		2449.0	9.0	1.0	5.0		1479.0		207.0		28.0	2.0	17.0		
NC_073238.2	2::NC_073238.2:21325282-21399403	74121	False	0.5219	1	1.0	1.0	1.0				1.0			1759.0	1689.0	2.0			1249.0	37.0	1.0	1032.0	1426.0							3018.0	1018.0		109.0	1.0		2907.0	2.0		2.0	4293.0	1513.0	25.0				47.0	9.0	273.0	1264.0	44.0		22.0	19.0		1708.0	8.0				1039.0		152.0		25.0	1.0	8.0		1.0
NC_073238.2	-3::NC_073238.2:21325285-21448498	123213	False	0.5212	1	7.0	2.0	17.0			1.0	1.0		1.0	2923.0	2852.0	5.0	1.0	2.0	2081.0	52.0	2.0	1696.0	2354.0						4.0	5037.0	1682.0		175.0	2.0		4817.0	22.0	2.0	3.0	7148.0	2521.0	33.0	2.0	1.0		70.0	9.0	477.0	2116.0	52.0	5.0	27.0	22.0		2844.0	13.0		11.0		1696.0		235.0		29.0	3.0	16.0		
NC_073238.2	3::NC_073238.2:21333230-21374105	40875	False	0.5222	1										943.0	966.0		1.0		709.0	18.0		547.0	778.0							1630.0	591.0		54.0	1.0		1603.0	1.0			2363.0	827.0	14.0				39.0	3.0	183.0	702.0	18.0		14.0	11.0		928.0	6.0				575.0		83.0		10.0		7.0		
NC_073238.2	3::NC_073238.2:21374108-21400331	26223	False	0.5221	0										610.0	624.0			1.0	461.0	7.0		352.0	497.0							1047.0	374.0		31.0			1027.0			1.0	1524.0	530.0	4.0				27.0	2.0	119.0	451.0	16.0		6.0	9.0		593.0	3.0				364.0		50.0		10.0		1.0		
NC_073238.2	3::NC_073238.2:21400487-21421394	20907	False	0.5214	1	1.0		1.0							505.0	483.0	1.0			365.0	13.0		286.0	395.0							834.0	286.0		29.0			819.0			1.0	1208.0	418.0	7.0	1.0			7.0	1.0	78.0	362.0	12.0		8.0	5.0		494.0					294.0		45.0		5.0		5.0		
NC_073238.2	2::NC_073238.2:21406471-21421924	15453	False	0.5216	1			1.0							357.0	358.0				259.0	7.0		212.0	298.0						1.0	638.0	218.0		20.0	1.0		607.0	1.0			894.0	322.0	5.0	1.0			15.0		66.0	269.0	4.0		5.0	1.0		345.0	4.0				212.0		27.0		2.0		1.0		
NC_073238.2	1::NC_073238.2:21409383-21420792	11409	False	0.5223	1										258.0	268.0				200.0	3.0		156.0	218.0							461.0	164.0		26.0			448.0			1.0	664.0	232.0	2.0				9.0	4.0	51.0	182.0	7.0		1.0	6.0		256.0					156.0		25.0		5.0				
NC_073238.2	-2::NC_073238.2:21432332-21454379	22047	False	0.5179	0	8.0		15.0			2.0	3.0		1.0	535.0	539.0	1.0		2.0	369.0	3.0	4.0	290.0	399.0	2.0					2.0	906.0	288.0		29.0		1.0	864.0	12.0			1281.0	458.0	3.0			1.0	1.0	1.0	98.0	367.0	4.0	7.0	2.0	2.0		511.0			7.0	1.0	282.0		41.0		1.0	3.0	3.0		
NC_073238.2	-3::NC_073238.2:21448501-21461527	13026	False	0.5128	0	5.0		11.0			4.0	4.0		1.0	336.0	346.0	1.0		2.0	219.0	3.0	4.0	148.0	223.0	2.0						548.0	161.0		21.0	1.0	1.0	513.0	10.0		1.0	756.0	257.0	3.0				2.0	1.0	51.0	213.0	4.0	5.0	2.0	3.0		297.0		1.0	6.0	1.0	152.0		20.0			2.0	1.0		
NC_073238.2	-1::NC_073238.2:21454374-21468369	13995	False	0.5111	0	7.0	1.0	13.0			4.0	3.0		1.0	372.0	381.0	1.0		2.0	227.0	3.0	4.0	146.0	242.0	2.0					1.0	597.0	155.0		15.0	1.0	1.0	551.0	10.0		2.0	814.0	278.0	2.0				1.0	1.0	50.0	240.0	3.0	4.0	2.0	8.0		324.0		1.0	6.0	1.0	162.0		23.0	1.0		1.0	1.0		
NC_073238.2	-2::NC_073238.2:21461522-21474863	13341	False	0.5115	0	4.0	2.0	10.0			4.0	3.0		2.0	357.0	352.0	1.0	1.0	4.0	218.0	3.0	3.0	149.0	234.0	2.0					1.0	578.0	143.0		15.0	1.0		520.0	11.0		1.0	776.0	262.0	2.0		1.0	2.0	1.0	1.0	48.0	228.0	3.0	2.0	3.0	9.0		306.0		1.0	6.0		152.0		22.0				3.0		
NC_073238.2	-1::NC_073238.2:21468372-21496734	28362	False	0.5141	1	16.0		22.0			8.0	2.0		3.0	721.0	752.0	3.0	2.0	2.0	494.0	2.0	2.0	307.0	503.0	1.0	1.0					1185.0	342.0		38.0			1103.0	20.0		2.0	1653.0	577.0	4.0			1.0	9.0	2.0	136.0	462.0	3.0	6.0	3.0	3.0		681.0	1.0		12.0		314.0		50.0		3.0	2.0	1.0		
NC_073238.2	-2::NC_073238.2:21474866-21502550	27684	False	0.5143	1	12.0		29.0			2.0	1.0			710.0	705.0	3.0	5.0		446.0	2.0	2.0	316.0	495.0	2.0	1.0				4.0	1160.0	315.0		36.0	1.0	1.0	1081.0	25.0	1.0	5.0	1621.0	563.0	3.0	1.0			1.0	1.0	125.0	470.0	2.0	6.0	3.0	9.0		658.0		1.0	11.0	1.0	336.0		51.0		4.0		1.0		
NC_073238.2	-3::NC_073238.2:21474874-21501562	26688	False	0.5151	1	8.0		19.0				2.0			671.0	682.0	2.0	3.0		442.0	1.0		323.0	489.0		1.0					1155.0	308.0		51.0			1026.0	29.0	1.0	2.0	1554.0	545.0	4.0			3.0	3.0		124.0	426.0	1.0	4.0	6.0	1.0		631.0	1.0		18.0		305.0		51.0		4.0				
NC_073238.2	-1::NC_073238.2:37643010-37654569	11559	False	0.3762	1	70.0	52.0	79.0	73.0	55.0	84.0	35.0		52.0	125.0	66.0	71.0	137.0	97.0	33.0	36.0	90.0	12.0	139.0	35.0	215.0	69.0	185.0	93.0	66.0	88.0	100.0	69.0	75.0	21.0	79.0	55.0	51.0	99.0	27.0	31.0	37.0	9.0	42.0	44.0	33.0	31.0	156.0	79.0	70.0	53.0	74.0	73.0	87.0	68.0	26.0	19.0	31.0	46.0	20.0	4.0	26.0	130.0	7.0	6.0	6.0	12.0		
NC_073238.2	-1::NC_073238.2:117449469-117470463	20994	False	0.3816	2	153.0	71.0	91.0	160.0	75.0	218.0	41.0		106.0	172.0	137.0	256.0	195.0	98.0	65.0	30.0	170.0	18.0	127.0	89.0	508.0	115.0	419.0	274.0	57.0	176.0	101.0	204.0	164.0	43.0	164.0	73.0	71.0	144.0	43.0	56.0	57.0	7.0	111.0	36.0	75.0	35.0	222.0	123.0	141.0	92.0	253.0	155.0	167.0	105.0	60.0	16.0	83.0	92.0	59.0	15.0	48.0	119.0	10.0	15.0	8.0	10.0		
NC_073236.2	-3::NC_073236.2:18460955-18847313	386358	False	0.5228	1	44.0	2.0	113.0			8.0	153.0		1.0	8304.0	8301.0	53.0	45.0	32.0	6865.0	30.0	35.0	5834.0	7380.0		1.0		1.0		2.0	15213.0	5813.0		524.0	77.0		14984.0	110.0	110.0	157.0	22505.0	7823.0	24.0	6.0			19.0	4.0	1582.0	6867.0	4.0	10.0	75.0	92.0	1.0	8573.0	3.0		116.0	1.0	5864.0		1007.0	1.0	16.0		1.0		
NC_073236.2	-2::NC_073236.2:18461034-18586215	125181	False	0.5193	1	16.0	2.0	48.0			5.0	72.0		1.0	2696.0	2728.0	23.0	21.0	10.0	2235.0	9.0	7.0	1739.0	2452.0	1.0			2.0		2.0	4974.0	1765.0		157.0	19.0		4841.0	44.0	51.0	64.0	7272.0	2540.0	11.0	4.0			7.0	1.0	617.0	2240.0	3.0	8.0	20.0	14.0		2784.0	2.0		52.0		1723.0		435.0	1.0	8.0		1.0		
NC_073236.2	-1::NC_073236.2:18461140-19049575	588435	False	0.5241	1	65.0	8.0	128.0			11.0	212.0		1.0	12558.0	12603.0	71.0	69.0	186.0	10404.0	234.0	172.0	9162.0	11162.0	2.0	3.0				2.0	22965.0	9172.0		826.0	102.0		22694.0	129.0	138.0	196.0	34118.0	12072.0	23.0	10.0			75.0	1.0	2289.0	10419.0	55.0	12.0	122.0	108.0	1.0	12971.0	2.0		129.0		9144.0		1288.0	5.0	20.0	2.0	4.0		
NC_073236.2	3::NC_073236.2:18521804-18540476	18672	False	0.5247	1	2.0		8.0				10.0			398.0	406.0	4.0	3.0		338.0			274.0	350.0							738.0	306.0		27.0	8.0		723.0	3.0		10.0	1084.0	380.0	2.0				3.0		78.0	324.0			4.0	4.0	1.0	414.0					289.0		30.0		3.0				
NC_073236.2	2::NC_073236.2:18541138-18553663	12525	False	0.5244	0	2.0		3.0			1.0	11.0			271.0	269.0	2.0	6.0		226.0			195.0	237.0							494.0	192.0		23.0	3.0		478.0			2.0	735.0	255.0	2.0				1.0		46.0	211.0			2.0	6.0		280.0					189.0		27.0		6.0				
NC_073236.2	1::NC_073236.2:18541485-18554649	13164	False	0.5246	0	2.0		2.0			2.0	2.0			285.0	284.0	2.0	1.0		231.0			199.0	249.0							517.0	210.0		14.0	2.0		514.0	3.0		9.0	760.0	271.0	6.0				2.0		57.0	237.0			7.0	3.0		295.0					201.0		21.0						
NC_073236.2	3::NC_073236.2:18556250-18567926	11676	False	0.5254	1	2.0		3.0			2.0	5.0			260.0	240.0	2.0			208.0			177.0	215.0							447.0	181.0		13.0	1.0		456.0	5.0		9.0	673.0	233.0	4.0						61.0	214.0			3.0	6.0		259.0					191.0		22.0						
NC_073236.2	1::NC_073236.2:18581556-18597183	15627	False	0.524	0	1.0		2.0			1.0	3.0	1.0		343.0	328.0	1.0	3.0		267.0	1.0		250.0	311.0							598.0	252.0		23.0	2.0		609.0	5.0		2.0	917.0	323.0							67.0	267.0			2.0	3.0		349.0					256.0		22.0						
NC_073236.2	-2::NC_073236.2:18586218-19032354	446136	False	0.5253	1	42.0	13.0	78.0			6.0	124.0		1.0	9561.0	9502.0	44.0	47.0	129.0	7857.0	182.0	153.0	7106.0	8361.0	3.0					3.0	17355.0	7119.0		670.0	101.0		17259.0	84.0	87.0	136.0	25885.0	9192.0	15.0	1.0			39.0	1.0	1583.0	7839.0	49.0	12.0	88.0	87.0		9843.0	1.0		74.0		7149.0		807.0	3.0	16.0	2.0	3.0		
NC_073236.2	3::NC_073236.2:18592775-18616097	23322	False	0.5246	0	2.0		3.0				5.0			502.0	498.0	3.0	4.0		392.0			372.0	462.0							897.0	377.0		37.0	4.0		912.0	5.0		2.0	1373.0	489.0							96.0	394.0			5.0	2.0		519.0					384.0		35.0						
NC_073236.2	3::NC_073236.2:18618668-18629369	10701	False	0.5242	0	2.0		3.0				3.0			230.0	231.0	2.0	3.0		177.0			174.0	207.0							418.0	172.0		19.0	2.0		418.0	1.0			631.0	225.0							35.0	179.0			1.0	1.0		239.0					173.0		21.0						
NC_073236.2	1::NC_073236.2:18627546-18639555	12009	False	0.5244	0	2.0		2.0				3.0			259.0	252.0	2.0	3.0		197.0			192.0	234.0							470.0	194.0		16.0	2.0		472.0	2.0			707.0	257.0						1.0	44.0	208.0			2.0	1.0		266.0					196.0		19.0						
NC_073236.2	3::NC_073236.2:18673940-18688697	14757	False	0.5242	0	3.0		6.0				8.0			324.0	320.0	3.0	1.0	1.0	272.0	2.0	3.0	217.0	271.0							583.0	235.0		25.0	6.0		572.0	4.0		4.0	859.0	297.0					1.0		55.0	259.0			3.0	2.0		332.0					227.0		23.0		1.0				
NC_073236.2	1::NC_073236.2:18689988-18701328	11340	False	0.5249	0			3.0				6.0			247.0	249.0		2.0	1.0	208.0	3.0	2.0	165.0	210.0							453.0	173.0		13.0	3.0		441.0	4.0		7.0	654.0	230.0	1.0						44.0	205.0				1.0		255.0					175.0		23.0		2.0				
NC_073236.2	3::NC_073236.2:18707651-18718583	10932	False	0.5247	1	2.0		6.0				7.0			234.0	241.0	3.0	1.0	2.0	199.0		2.0	161.0	203.0							434.0	181.0		19.0	4.0		419.0	1.0		1.0	641.0	227.0							34.0	188.0			4.0			250.0					167.0		12.0		1.0				
NC_073236.2	1::NC_073236.2:18717834-18729276	11442	False	0.5245	0	1.0		6.0				7.0			244.0	246.0	2.0	1.0	2.0	213.0		3.0	168.0	211.0							457.0	189.0		15.0	5.0		442.0	4.0		4.0	670.0	229.0							42.0	202.0			4.0	1.0		253.0					176.0		17.0						
NC_073236.2	2::NC_073236.2:18807499-18817717	10218	False	0.5247	0	1.0		4.0			1.0	5.0			223.0	222.0	1.0		2.0	187.0	1.0	2.0	150.0	187.0							409.0	164.0		14.0	4.0		394.0	3.0		4.0	596.0	205.0	1.0						36.0	182.0			2.0	2.0		227.0					159.0		18.0						
NC_073236.2	-3::NC_073236.2:18847316-18977078	129762	False	0.5261	1	20.0	2.0	13.0			1.0	33.0		3.0	2752.0	2739.0	18.0	16.0	24.0	2281.0	27.0	27.0	2110.0	2422.0	2.0						5045.0	2106.0		254.0	30.0		5028.0	13.0	16.0	29.0	7575.0	2714.0	2.0				4.0		458.0	2252.0	6.0	3.0	26.0	30.0		2851.0			14.0		2101.0		205.0			1.0	1.0		
NC_073236.2	1::NC_073236.2:18868818-18887247	18429	False	0.5264	0	2.0		4.0				4.0			390.0	392.0	1.0		1.0	321.0	3.0	2.0	299.0	345.0							708.0	306.0		44.0	5.0		718.0	4.0		5.0	1072.0	391.0							70.0	307.0	1.0		5.0	3.0		412.0					297.0		30.0				1.0		
NC_073236.2	2::NC_073236.2:18873340-18912373	39033	False	0.5269	0	2.0		8.0				14.0			814.0	821.0	2.0	5.0	4.0	662.0	4.0	1.0	640.0	734.0							1517.0	650.0		70.0	10.0		1513.0	3.0		7.0	2286.0	847.0	1.0				1.0		152.0	670.0	1.0		11.0	8.0		851.0					636.0		63.0			2.0	1.0		
NC_073236.2	3::NC_073236.2:18878117-18890426	12309	False	0.5271	0	3.0		2.0				2.0			259.0	256.0	2.0	1.0	1.0	209.0	2.0		204.0	233.0							461.0	203.0		25.0	3.0		481.0				719.0	265.0	1.0				1.0		56.0	212.0			2.0	4.0		273.0					204.0		18.0			1.0			
NC_073236.2	1::NC_073236.2:18887382-18911676	24294	False	0.5271	0	3.0					1.0	2.0		1.0	510.0	514.0	3.0	2.0		421.0	3.0	2.0	399.0	456.0							929.0	398.0		52.0	7.0		950.0	4.0		9.0	1414.0	511.0	1.0						85.0	420.0			4.0	8.0		537.0					406.0		44.0			1.0	1.0		
NC_073236.2	3::NC_073236.2:18910421-18925187	14766	False	0.5261	0	1.0		2.0				6.0			307.0	302.0	1.0	2.0	1.0	266.0		2.0	240.0	283.0							573.0	244.0		39.0	6.0		573.0	3.0		1.0	869.0	304.0							54.0	250.0			4.0	2.0		320.0					242.0		25.0						
NC_073236.2	2::NC_073236.2:18913384-18924823	11439	False	0.5268	0							1.0			236.0	242.0		1.0		196.0	1.0		188.0	218.0							431.0	192.0		21.0	3.0		447.0	2.0		4.0	667.0	237.0							52.0	204.0			1.0	5.0		250.0					192.0		22.0						
NC_073236.2	2::NC_073236.2:18924826-18973396	48570	False	0.5257	0	14.0	2.0					16.0			1039.0	1060.0	14.0	11.0	17.0	849.0	17.0	10.0	780.0	898.0							1887.0	783.0		91.0	8.0		1878.0	1.0		12.0	2821.0	1024.0					4.0		164.0	850.0	4.0		9.0	9.0		1066.0					790.0		61.0	1.0					
NC_073236.2	1::NC_073236.2:18929280-18969027	39747	False	0.5256	0	7.0						14.0			868.0	849.0	7.0	14.0	3.0	677.0	4.0	6.0	639.0	730.0	1.0						1577.0	638.0		65.0	9.0		1543.0			12.0	2325.0	862.0							135.0	701.0	1.0		8.0	7.0		864.0					637.0		44.0	2.0					
NC_073236.2	3::NC_073236.2:18932732-18969911	37179	False	0.5254	0	10.0						8.0		1.0	797.0	815.0	10.0	7.0	9.0	653.0	6.0	6.0	591.0	688.0	2.0						1489.0	593.0		84.0	8.0		1436.0			14.0	2167.0	787.0					1.0		108.0	636.0	3.0		6.0	8.0		802.0					597.0		51.0						
NC_073236.2	2::NC_073236.2:18974266-18984871	10605	False	0.5259	0		1.0					5.0			208.0	257.0			12.0	174.0	10.0	13.0	160.0	209.0							408.0	171.0		16.0	1.0		397.0	1.0		1.0	615.0	227.0		1.0			10.0		29.0	195.0	9.0					225.0					171.0		9.0						
NC_073236.2	-3::NC_073236.2:18977081-19025996	48915	False	0.527	0		3.0					5.0			1059.0	1024.0	2.0	1.0	83.0	865.0	107.0	80.0	819.0	909.0	1.0					3.0	1848.0	826.0		85.0	6.0		1833.0		9.0	6.0	2764.0	1017.0	2.0				25.0		162.0	844.0	24.0	1.0				1042.0					804.0		45.0	1.0					
NC_073236.2	1::NC_073236.2:18977394-18992334	14940	False	0.5261	0		6.0					2.0			344.0	334.0	1.0		14.0	259.0	26.0	15.0	242.0	267.0							559.0	232.0		28.0	1.0		570.0			5.0	847.0	296.0	1.0				6.0		47.0	256.0	18.0					338.0					243.0		23.0						
NC_073236.2	2::NC_073236.2:18992116-19003213	11097	False	0.5283	0		1.0					1.0			240.0	240.0			17.0	192.0	23.0	12.0	185.0	204.0							406.0	189.0		20.0			416.0			2.0	628.0	229.0	1.0				6.0		37.0	196.0	9.0					244.0					191.0		10.0						
NC_073236.2	3::NC_073236.2:18996569-19009145	12576	False	0.5284	0		1.0					2.0			264.0	276.0			20.0	219.0	19.0	23.0	214.0	236.0						2.0	456.0	214.0		25.0	1.0		472.0			1.0	721.0	263.0	1.0				9.0		44.0	212.0	6.0					265.0					216.0		9.0	1.0					
NC_073236.2	-3::NC_073236.2:19029263-19042622	13359	False	0.5261	0		2.0					7.0			275.0	294.0			30.0	244.0	36.0	31.0	217.0	253.0	1.0	2.0					495.0	232.0		20.0	1.0		485.0		5.0	4.0	746.0	272.0					8.0		36.0	239.0	5.0					272.0			1.0		231.0		9.0						
NC_073236.2	-3::NC_073236.2:19042625-19058126	15501	False	0.5268	0		2.0					2.0			337.0	316.0		2.0	23.0	278.0	34.0	23.0	268.0	286.0	1.0	1.0					579.0	264.0		25.0	2.0		580.0		8.0	7.0	869.0	317.0					4.0		46.0	272.0	9.0					339.0					257.0		16.0						
NC_073236.2	-2::NC_073236.2:19046178-19081059	34881	False	0.5261	0		3.0				1.0	16.0			738.0	759.0		4.0	80.0	627.0	82.0	65.0	590.0	656.0	2.0	6.0					1290.0	580.0		53.0	1.0		1268.0		9.0	12.0	1957.0	714.0					21.0		82.0	621.0	19.0					727.0	1.0				596.0		43.0	4.0					
NC_073236.2	1::NC_073236.2:19048095-19058127	10032	False	0.5266	0		2.0				1.0	5.0			218.0	218.0		1.0	19.0	175.0	18.0	10.0	173.0	186.0		2.0					370.0	161.0		16.0			368.0			5.0	569.0	207.0					5.0		25.0	178.0	8.0					216.0					171.0		16.0	1.0					
NC_073236.2	-3::NC_073236.2:19076540-19099589	23049	False	0.5259	0		1.0					9.0			491.0	499.0		1.0	54.0	422.0	73.0	55.0	389.0	431.0	5.0	4.0					851.0	389.0		31.0	2.0		840.0		8.0	8.0	1272.0	471.0					12.0	1.0	54.0	412.0	9.0	1.0				479.0					389.0		19.0	1.0					
NC_073236.2	-1::NC_073236.2:19079566-19106236	26670	False	0.5258	0							9.0			585.0	571.0		5.0	61.0	484.0	72.0	67.0	445.0	489.0	1.0	1.0					968.0	451.0		35.0	1.0		972.0		13.0	12.0	1482.0	542.0					14.0		67.0	489.0	18.0	1.0				564.0					452.0		16.0	3.0					
NC_073236.2	-3::NC_073236.2:19107752-19139135	31383	False	0.5264	0		4.0					17.0			654.0	687.0		1.0	63.0	567.0	69.0	57.0	525.0	588.0		2.0				1.0	1191.0	531.0		50.0	3.0		1150.0		12.0	7.0	1765.0	639.0	1.0				18.0	1.0	78.0	555.0	15.0					650.0					530.0		29.0	1.0					
NC_073236.2	-2::NC_073236.2:19108908-19119870	10962	False	0.5268	0		1.0					3.0			235.0	228.0			18.0	199.0	33.0	25.0	186.0	202.0	1.0	1.0					411.0	188.0		13.0	1.0		409.0		6.0	3.0	608.0	224.0					4.0		27.0	197.0	5.0					231.0					186.0		9.0						
NC_073236.2	-1::NC_073236.2:19113328-19287679	174351	False	0.5267	1	7.0	17.0	9.0	2.0		6.0	23.0		1.0	3703.0	3662.0	16.0	17.0	159.0	3016.0	247.0	159.0	2991.0	3262.0	3.0	1.0	1.0	1.0		1.0	6551.0	3001.0		344.0	21.0		6658.0	11.0	29.0	29.0	9957.0	3663.0	1.0	3.0			36.0	5.0	548.0	2986.0	72.0	18.0	2.0	1.0		3745.0	1.0		11.0	2.0	2941.0		160.0	6.0	3.0		8.0		
NC_073236.2	-2::NC_073236.2:19119873-19172223	52350	False	0.527	1		5.0		2.0	1.0		21.0			1105.0	1128.0		2.0	74.0	907.0	74.0	81.0	851.0	970.0	3.0						1939.0	879.0		85.0	11.0		1956.0		20.0	14.0	2992.0	1092.0	1.0				29.0		198.0	932.0	32.0					1105.0	1.0				882.0		55.0	2.0			1.0		
NC_073236.2	-3::NC_073236.2:19139138-19176983	37845	False	0.5267	1		17.0				2.0	9.0			830.0	802.0			48.0	631.0	51.0	27.0	633.0	693.0	2.0						1440.0	603.0		78.0	4.0		1422.0	4.0	7.0	18.0	2157.0	804.0		2.0			14.0		113.0	647.0	32.0			1.0		821.0			3.0		632.0		68.0						
NC_073236.2	3::NC_073236.2:19160282-19170887	10605	False	0.5277	1		5.0					2.0			230.0	222.0			13.0	177.0	16.0	7.0	179.0	196.0							400.0	174.0		28.0	1.0		401.0	1.0		4.0	603.0	227.0					4.0		32.0	175.0	6.0			1.0		232.0					181.0		18.0						
NC_073236.2	1::NC_073236.2:19164753-19176456	11703	False	0.5268	1		2.0	2.0	4.0			3.0	2.0		255.0	250.0		1.0	4.0	188.0	14.0	7.0	195.0	212.0							429.0	195.0		23.0	5.0		452.0	2.0		2.0	671.0	251.0					1.0		55.0	200.0	7.0					262.0					193.0		14.0						
NC_073236.2	-2::NC_073236.2:19178703-19287357	108654	False	0.5271	1	3.0	4.0	8.0			5.0	5.0			2250.0	2277.0	8.0	14.0	72.0	1893.0	121.0	92.0	1880.0	2070.0	4.0						4057.0	1910.0		242.0			4192.0	17.0	6.0	5.0	6253.0	2290.0	2.0				25.0	1.0	346.0	1844.0	18.0	4.0		1.0		2285.0	1.0		6.0		1900.0		91.0	4.0	2.0		10.0		
NC_073236.2	-3::NC_073236.2:19183310-19287365	104055	False	0.5277	1		1.0	3.0	1.0		5.0	5.0		1.0	2170.0	2164.0	14.0	7.0	90.0	1783.0	89.0	87.0	1846.0	1966.0	5.0					2.0	3816.0	1829.0		203.0		1.0	3996.0	12.0	4.0		6011.0	2214.0					34.0	1.0	351.0	1809.0	27.0	4.0	1.0			2191.0	4.0				1839.0		86.0	3.0	4.0		6.0		
NC_073236.2	1::NC_073236.2:19183311-19257468	74157	False	0.5279	1	3.0		4.0			2.0	3.0			1522.0	1532.0	4.0	10.0	52.0	1318.0	79.0	52.0	1298.0	1420.0							2780.0	1324.0		152.0			2858.0	5.0		2.0	4277.0	1555.0	2.0				16.0	1.0	219.0	1277.0	13.0			1.0		1557.0	1.0				1317.0		56.0	1.0			6.0		
NC_073236.2	2::NC_073236.2:19190800-19275301	84501	False	0.5285	1	1.0	1.0					3.0			1751.0	1723.0	9.0	10.0	72.0	1434.0	90.0	60.0	1518.0	1605.0	2.0						3152.0	1524.0		167.0			3236.0	4.0		2.0	4870.0	1822.0	1.0				17.0	2.0	233.0	1464.0	29.0					1792.0	1.0				1510.0		56.0	2.0			4.0		
NC_073236.2	3::NC_073236.2:19191956-19215290	23334	False	0.5285	1						2.0				490.0	494.0	2.0		27.0	378.0	29.0	24.0	415.0	440.0						2.0	848.0	398.0		38.0			887.0	2.0			1343.0	516.0					11.0	1.0	79.0	409.0	9.0		1.0			499.0	1.0				409.0		23.0		1.0				
NC_073236.2	3::NC_073236.2:19215293-19254029	38736	False	0.5286	0		1.0								784.0	801.0	3.0	4.0	22.0	703.0	26.0	24.0	711.0	743.0							1438.0	706.0		50.0			1493.0	3.0			2255.0	799.0					13.0		98.0	705.0	5.0					794.0					711.0		19.0				1.0		
NC_073236.2	3::NC_073236.2:19270778-19286483	15705	False	0.5284	0							3.0			330.0	321.0	3.0	2.0	19.0	262.0	12.0	18.0	280.0	296.0	2.0						560.0	278.0		34.0			593.0	2.0			909.0	340.0					5.0		61.0	267.0	7.0					338.0	2.0				276.0		14.0				1.0		
NC_073236.2	-2::NC_073236.2:20055615-20205381	149766	False	0.5261	0	18.0	7.0	4.0			5.0	27.0		3.0	3227.0	3212.0	24.0	17.0	98.0	2598.0	140.0	93.0	2450.0	2777.0	2.0			1.0		4.0	5717.0	2449.0		276.0	25.0		5760.0	3.0	17.0	32.0	8619.0	3140.0	3.0	1.0			24.0	3.0	529.0	2594.0	40.0	4.0	21.0	16.0		3267.0	1.0	2.0	4.0		2462.0		200.0	5.0			1.0		
NC_073236.2	-1::NC_073236.2:20055694-20154544	98850	False	0.5257	0	14.0	4.0	2.0			4.0	30.0		1.0	2116.0	2098.0	15.0	17.0	15.0	1725.0	19.0	10.0	1600.0	1842.0	4.0			2.0			3859.0	1607.0		203.0	20.0		3839.0	3.0	6.0	27.0	5769.0	2077.0					3.0		345.0	1700.0	5.0	2.0	19.0	23.0		2163.0	1.0		4.0		1595.0		159.0				3.0		
NC_073236.2	-3::NC_073236.2:20055800-20216210	160410	False	0.5262	0	16.0	6.0	3.0			4.0	44.0		4.0	3426.0	3422.0	18.0	23.0	123.0	2789.0	170.0	131.0	2638.0	2986.0	6.0	3.0				3.0	6143.0	2639.0		295.0	25.0		6142.0	3.0	18.0	27.0	9226.0	3382.0	3.0	1.0			42.0		519.0	2790.0	36.0	8.0	16.0	19.0		3468.0			5.0	1.0	2631.0		210.0	4.0	1.0		1.0		
NC_073236.2	2::NC_073236.2:20061346-20074342	12996	False	0.5267	0	2.0					1.0	3.0			269.0	275.0	2.0	2.0		224.0			204.0	246.0							506.0	214.0		23.0	5.0		507.0			5.0	758.0	278.0					2.0		52.0	231.0			1.0	1.0		278.0					219.0		23.0				1.0		
NC_073236.2	1::NC_073236.2:20062689-20074824	12135	False	0.5267	0	3.0					3.0	3.0		2.0	255.0	256.0	3.0	2.0		210.0			205.0	228.0							465.0	191.0		27.0	2.0		473.0			2.0	712.0	257.0							38.0	208.0	1.0		1.0	5.0		267.0					202.0		24.0						
NC_073236.2	1::NC_073236.2:20074827-20092686	17859	False	0.5271	0	2.0					1.0	3.0			369.0	376.0	2.0	2.0		311.0	2.0		286.0	340.0							691.0	297.0		32.0	7.0		697.0			8.0	1038.0	380.0					1.0		73.0	315.0			3.0	2.0		384.0					302.0		28.0				1.0		
NC_073236.2	3::NC_073236.2:20076170-20091428	15258	False	0.5271	0	4.0					2.0	2.0		3.0	318.0	322.0	4.0	2.0		260.0		1.0	257.0	284.0							582.0	243.0		34.0	3.0		599.0			2.0	893.0	326.0							50.0	263.0			1.0	6.0		336.0					256.0		33.0						
NC_073236.2	2::NC_073236.2:20079490-20093383	13893	False	0.527	0	2.0						7.0			290.0	289.0	2.0	3.0	3.0	246.0			232.0	263.0							533.0	229.0		29.0	1.0		533.0	1.0		2.0	818.0	297.0							50.0	235.0			6.0	3.0		307.0					226.0		24.0						
NC_073236.2	2::NC_073236.2:20094394-20106148	11754	False	0.5265	0			1.0				4.0			244.0	243.0		2.0	1.0	204.0			196.0	224.0							450.0	200.0		24.0	3.0		456.0			2.0	690.0	247.0							46.0	205.0			2.0	4.0		260.0					190.0		20.0						
NC_073236.2	1::NC_073236.2:20106027-20150913	44886	False	0.5258	0	13.0	1.0	1.0				12.0			961.0	968.0	13.0	10.0	6.0	774.0	9.0	8.0	722.0	830.0							1743.0	731.0		77.0	9.0		1746.0	1.0		9.0	2613.0	961.0					1.0		160.0	791.0	2.0		12.0	6.0		991.0					727.0		53.0	1.0					
NC_073236.2	2::NC_073236.2:20106151-20150029	43878	False	0.5259	0	10.0		1.0				10.0		1.0	941.0	944.0	10.0	8.0	6.0	772.0	6.0	3.0	713.0	817.0	2.0						1723.0	710.0		98.0	6.0		1699.0			13.0	2565.0	929.0							142.0	750.0	2.0		9.0	12.0		962.0					708.0		54.0						
NC_073236.2	3::NC_073236.2:20113853-20154545	40692	False	0.5256	0	6.0	2.0				1.0	15.0			886.0	884.0	6.0	13.0	12.0	695.0	9.0	8.0	646.0	746.0	1.0						1612.0	653.0		77.0	11.0		1572.0			13.0	2373.0	870.0					3.0		131.0	708.0	6.0		5.0	7.0		885.0					656.0		50.0	2.0					
NC_073236.2	1::NC_073236.2:20151783-20161980	10197	False	0.5261	0		3.0					3.0			221.0	233.0	1.0		12.0	175.0	14.0	6.0	160.0	189.0							389.0	161.0		22.0	1.0		384.0			3.0	583.0	209.0		1.0			6.0		35.0	174.0	9.0					223.0					167.0		15.0						
NC_073236.2	-1::NC_073236.2:20154547-20222041	67494	False	0.5269	0		6.0					14.0			1437.0	1483.0	2.0	3.0	126.0	1169.0	143.0	128.0	1121.0	1261.0	3.0	1.0				3.0	2487.0	1141.0		109.0	3.0		2502.0	1.0	15.0	16.0	3810.0	1397.0	5.0	1.0			43.0		198.0	1193.0	45.0	1.0				1433.0			1.0		1147.0		48.0	2.0					
NC_073236.2	2::NC_073236.2:20156611-20167165	10554	False	0.5265	0		1.0					4.0			207.0	251.0			12.0	171.0	8.0	12.0	166.0	207.0							404.0	175.0		14.0	1.0		397.0	1.0		1.0	613.0	223.0	1.0				11.0		33.0	194.0	11.0					220.0					173.0		7.0						
NC_073236.2	1::NC_073236.2:20161983-20173368	11385	False	0.5271	0		1.0					1.0			263.0	245.0			16.0	205.0	24.0	16.0	190.0	202.0	1.0					1.0	423.0	181.0		19.0	1.0		431.0			2.0	644.0	230.0					4.0		42.0	190.0	10.0					250.0					186.0		16.0	1.0					
NC_073236.2	3::NC_073236.2:20166947-20187137	20190	False	0.5279	0		1.0					4.0			426.0	446.0			35.0	347.0	36.0	34.0	335.0	379.0	1.0					2.0	747.0	342.0		35.0			753.0			3.0	1151.0	424.0	2.0				14.0		61.0	352.0	14.0					433.0					339.0		13.0	1.0					
NC_073236.2	2::NC_073236.2:20181004-20192848	11844	False	0.5279	0		1.0					1.0			261.0	249.0			26.0	205.0	24.0	24.0	204.0	217.0	1.0					1.0	430.0	203.0		25.0			437.0			2.0	672.0	248.0	1.0				5.0		37.0	201.0	7.0					256.0					201.0		8.0	1.0					
NC_073236.2	3::NC_073236.2:20187140-20200328	13188	False	0.5277	0							2.0		1.0	273.0	280.0	1.0		27.0	228.0	38.0	23.0	224.0	252.0						1.0	496.0	228.0		25.0			489.0			1.0	736.0	279.0					7.0		39.0	228.0	5.0					274.0					228.0		11.0						
NC_073236.2	-2::NC_073236.2:20211759-20242713	30954	False	0.5264	0		4.0				1.0	12.0			667.0	655.0		5.0	53.0	551.0	70.0	52.0	527.0	573.0	1.0	3.0					1146.0	513.0		45.0	2.0		1146.0		12.0	14.0	1735.0	633.0					15.0		82.0	554.0	20.0					658.0			1.0		525.0		40.0	3.0					
NC_073236.2	-3::NC_073236.2:20225597-20237528	11931	False	0.5267	0		1.0					1.0			260.0	243.0		2.0	19.0	217.0	28.0	20.0	204.0	219.0	1.0						449.0	205.0		20.0	2.0		444.0		8.0	6.0	667.0	241.0					3.0		34.0	209.0	7.0					263.0					194.0		10.0						
NC_073236.2	1::NC_073236.2:20227497-20237529	10032	False	0.5267	0		2.0				1.0	5.0			218.0	218.0		1.0	19.0	175.0	18.0	10.0	173.0	186.0		2.0					370.0	160.0		16.0	1.0		368.0			5.0	569.0	207.0					5.0		25.0	178.0	8.0					216.0					171.0		16.0	1.0					
NC_073236.2	-1::NC_073236.2:20234590-20247031	12441	False	0.5262	0		2.0					5.0			267.0	266.0		1.0	26.0	224.0	25.0	24.0	206.0	231.0	2.0	2.0					465.0	208.0		21.0			456.0		4.0	5.0	700.0	254.0					6.0		32.0	219.0	8.0					264.0					210.0		14.0						
NC_073236.2	-3::NC_073236.2:20239367-20250278	10911	False	0.5262	0							5.0			234.0	234.0		1.0	25.0	194.0	28.0	28.0	185.0	204.0	1.0	1.0					399.0	183.0		11.0			397.0		4.0	3.0	610.0	224.0					6.0		22.0	202.0	8.0	1.0				228.0					187.0		10.0	2.0					
NC_073236.2	-2::NC_073236.2:20242716-20254800	12084	False	0.5261	0							5.0			248.0	265.0		1.0	34.0	222.0	38.0	30.0	204.0	230.0	1.0	2.0					447.0	208.0		16.0	1.0		435.0		4.0	2.0	669.0	246.0					7.0		26.0	218.0	3.0					244.0	1.0				209.0		10.0	2.0					
NC_073236.2	-3::NC_073236.2:20250281-20273942	23661	False	0.5262	0		2.0					8.0			508.0	502.0		1.0	51.0	433.0	75.0	60.0	398.0	441.0	6.0	4.0					870.0	400.0		29.0	1.0		865.0		9.0	8.0	1308.0	487.0					11.0	1.0	59.0	425.0	9.0					490.0					405.0		21.0						
NC_073236.2	-1::NC_073236.2:20253307-20277223	23916	False	0.5262	0							8.0			509.0	515.0		4.0	60.0	434.0	62.0	59.0	405.0	446.0	1.0	1.0					876.0	407.0		33.0	2.0		868.0		11.0	9.0	1333.0	488.0	1.0				13.0		53.0	435.0	12.0	1.0				500.0					408.0		15.0	3.0					
NC_073236.2	-2::NC_073236.2:20265972-20299017	33045	False	0.526	0							11.0			731.0	703.0		5.0	75.0	603.0	99.0	78.0	553.0	603.0	2.0	2.0				2.0	1204.0	560.0		41.0			1204.0		13.0	14.0	1829.0	668.0					15.0		87.0	603.0	23.0	3.0				702.0					557.0		20.0	5.0					
NC_073236.2	-1::NC_073236.2:20277226-20292370	15144	False	0.5261	0							7.0			317.0	337.0	1.0		40.0	276.0	42.0	33.0	255.0	284.0	2.0	2.0					564.0	255.0		23.0	2.0		548.0		5.0	4.0	843.0	309.0	1.0				9.0		34.0	269.0	5.0	1.0				313.0					255.0		11.0	1.0					
NC_073236.2	-2::NC_073236.2:20299020-20312634	13614	False	0.5263	0							5.0			287.0	293.0		2.0	32.0	246.0	32.0	31.0	229.0	255.0	1.0	1.0					506.0	234.0		16.0	1.0		497.0		6.0	5.0	761.0	278.0	1.0				10.0		29.0	248.0	7.0					283.0					231.0		10.0	1.0					
NC_073236.2	-1::NC_073236.2:20300533-20513077	212544	False	0.5285	1	5.0	8.0	9.0			9.0	19.0		2.0	4466.0	4533.0	8.0	13.0	170.0	3646.0	283.0	192.0	3590.0	3969.0	4.0	2.0				1.0	7946.0	3633.0		465.0	12.0		8154.0	30.0	29.0	47.0	12139.0	4416.0	9.0	1.0	1.0		109.0	2.0	791.0	3535.0	76.0	6.0	6.0	6.0		4644.0	1.0		9.0	1.0	3632.0		197.0	5.0	8.0		9.0		
NC_073236.2	-3::NC_073236.2:20306126-20353712	47586	False	0.5266	0		12.0				1.0	20.0			1030.0	1028.0		1.0	78.0	837.0	109.0	72.0	800.0	874.0	1.0	3.0				1.0	1789.0	778.0		72.0	7.0		1767.0		12.0	19.0	2669.0	981.0					21.0	1.0	132.0	835.0	33.0	2.0				1019.0					793.0		64.0	1.0					
NC_073236.2	-2::NC_073236.2:20312637-20331198	18561	False	0.5265	0		2.0					8.0			393.0	403.0			32.0	327.0	43.0	35.0	297.0	340.0	2.0					1.0	709.0	306.0		27.0	1.0		688.0		11.0	4.0	1044.0	385.0					10.0		54.0	334.0	11.0					388.0	1.0				310.0		21.0						
NC_073236.2	-2::NC_073236.2:20333598-20356551	22953	False	0.5256	0	3.0	4.0	3.0			2.0	11.0			497.0	508.0	1.0	1.0	32.0	401.0	25.0	25.0	368.0	427.0	2.0						846.0	368.0		32.0	4.0		860.0		5.0	6.0	1316.0	471.0					12.0		100.0	403.0	16.0					494.0			1.0		377.0		28.0		1.0		1.0		
NC_073236.2	-3::NC_073236.2:20353715-20510927	157212	False	0.5295	1	3.0		8.0	1.0		9.0	5.0			3349.0	3272.0	10.0	9.0	86.0	2597.0	172.0	88.0	2711.0	2911.0	4.0					1.0	5898.0	2753.0		380.0	1.0	1.0	6069.0	27.0	2.0	27.0	9035.0	3327.0	6.0	2.0			49.0	3.0	555.0	2554.0	70.0	14.0	1.0	5.0	1.0	3569.0	1.0		6.0		2680.0		115.0	2.0	7.0	1.0	7.0		
NC_073236.2	-2::NC_073236.2:20358339-20510919	152580	False	0.53	1	1.0	1.0	5.0	1.0		8.0	2.0			3231.0	3240.0	9.0	6.0	91.0	2511.0	133.0	85.0	2689.0	2808.0	1.0					4.0	5591.0	2631.0		317.0	2.0		5898.0	21.0	2.0	27.0	8809.0	3243.0	6.0				74.0	1.0	569.0	2528.0	79.0	6.0	5.0	1.0		3420.0	4.0		3.0	1.0	2649.0		134.0	2.0	8.0		3.0		
NC_073236.2	2::NC_073236.2:20358340-20402653	44313	False	0.5278	1	2.0		2.0				2.0			913.0	942.0	1.0	3.0	42.0	751.0	55.0	47.0	760.0	851.0							1621.0	761.0		95.0			1696.0	4.0		2.0	2537.0	959.0	2.0				18.0	1.0	171.0	760.0	9.0			1.0		934.0	1.0				781.0		42.0	1.0			4.0		
NC_073236.2	3::NC_073236.2:20362922-20444732	81810	False	0.5286	1			1.0			2.0	2.0			1720.0	1665.0	5.0	6.0	84.0	1366.0	125.0	80.0	1430.0	1541.0							3046.0	1470.0		231.0			3120.0	5.0		3.0	4685.0	1767.0	3.0				15.0	3.0	273.0	1332.0	29.0				1.0	1777.0	1.0				1420.0		54.0	1.0	1.0		6.0		
NC_073236.2	1::NC_073236.2:20364078-20412699	48621	False	0.5286	1						2.0	1.0			1025.0	1017.0	5.0	1.0	56.0	796.0	61.0	48.0	870.0	910.0	1.0					2.0	1772.0	847.0		107.0			1848.0	3.0		1.0	2799.0	1072.0					15.0	1.0	152.0	827.0	21.0		2.0			1053.0	3.0				846.0		41.0		1.0		1.0		
NC_073236.2	2::NC_073236.2:20402656-20443735	41079	False	0.5287	1						2.0				830.0	861.0	3.0	5.0	41.0	712.0	58.0	40.0	715.0	792.0							1479.0	725.0		114.0			1569.0	6.0		1.0	2352.0	871.0					22.0		182.0	672.0	5.0			2.0		857.0					737.0		37.0				3.0		
NC_073236.2	1::NC_073236.2:20412702-20428050	15348	False	0.5288	0										319.0	325.0	1.0		15.0	245.0	20.0	18.0	277.0	291.0							548.0	268.0		32.0			586.0	2.0			883.0	342.0					7.0		54.0	261.0	6.0		1.0			328.0	1.0				272.0		12.0		2.0				
NC_073236.2	1::NC_073236.2:20428053-20465889	37836	False	0.5309	1	1.0		1.0			4.0				808.0	796.0	1.0	5.0	18.0	645.0	20.0	18.0	678.0	689.0							1361.0	650.0		52.0			1464.0	3.0		6.0	2200.0	778.0	3.0				12.0		144.0	650.0	31.0		1.0			862.0					670.0		39.0	1.0	1.0				
NC_073236.2	2::NC_073236.2:20443738-20501890	58152	False	0.533	1	2.0		3.0			4.0				1199.0	1230.0	2.0	1.0	3.0	961.0	38.0	3.0	1003.0	1067.0	2.0						2216.0	1023.0		129.0			2284.0	12.0		13.0	3352.0	1192.0	3.0				37.0		214.0	921.0	29.0		4.0	2.0		1363.0					1023.0		43.0		5.0		1.0		
NC_073236.2	3::NC_073236.2:20444735-20459378	14643	False	0.5325	0						2.0				300.0	294.0	1.0	1.0		247.0	9.0	2.0	261.0	271.0	1.0						564.0	266.0		18.0			574.0	2.0		2.0	849.0	305.0	1.0				3.0		40.0	256.0	5.0					342.0					255.0		9.0			1.0			
NC_073236.2	3::NC_073236.2:20459381-20474693	15312	False	0.5326	1	1.0		1.0							336.0	316.0				254.0	18.0		270.0	275.0	1.0						577.0	259.0		23.0	1.0		600.0	7.0		3.0	879.0	312.0	1.0				9.0		53.0	254.0	9.0		1.0	1.0		377.0					255.0		9.0		2.0				
NC_073236.2	1::NC_073236.2:20465892-20493519	27627	False	0.5331	1			1.0							570.0	609.0				452.0	18.0		469.0	502.0							1052.0	482.0		71.0	2.0		1083.0	9.0		8.0	1593.0	568.0	1.0				23.0		108.0	424.0	10.0		1.0	1.0		654.0					475.0		20.0	1.0	2.0				
NC_073236.2	3::NC_073236.2:20474696-20497661	22965	False	0.5336	1										493.0	496.0				366.0	6.0		395.0	412.0						1.0	841.0	402.0		51.0			893.0	5.0		10.0	1339.0	471.0	1.0				17.0		99.0	359.0	19.0			3.0		555.0					402.0		17.0	1.0	1.0				
NC_073236.2	1::NC_073236.2:20493537-20504793	11256	False	0.5352	1										236.0	231.0			1.0	177.0	7.0		210.0	203.0						1.0	392.0	202.0		23.0			441.0			10.0	655.0	237.0	1.0				12.0		58.0	177.0	8.0					262.0					203.0		5.0						
NC_073236.2	3::NC_073236.2:20498309-20509073	10764	False	0.5331	1										227.0	221.0			1.0	166.0	11.0		187.0	202.0							405.0	187.0		33.0			421.0	1.0		8.0	614.0	228.0					5.0		41.0	165.0	5.0					260.0					191.0		7.0		2.0				
NC_073236.2	-1::NC_073236.2:20527465-20641495	114030	False	0.5262	1	8.0	6.0	1.0			2.0	26.0		1.0	2481.0	2425.0	10.0	16.0	90.0	1968.0	141.0	98.0	1869.0	2102.0	3.0					3.0	4386.0	1875.0		212.0	21.0		4359.0	2.0	15.0	22.0	6546.0	2392.0	5.0				25.0	1.0	373.0	1977.0	34.0	3.0	9.0	15.0		2479.0		1.0	6.0	1.0	1857.0		140.0	4.0					
NC_073236.2	-2::NC_073236.2:20528097-20589384	61287	False	0.5259	0	10.0	2.0	2.0				10.0		1.0	1319.0	1310.0	10.0	9.0	9.0	1073.0	17.0	8.0	991.0	1143.0	2.0						2388.0	994.0		126.0	11.0		2378.0	1.0	4.0	20.0	3569.0	1297.0					1.0		213.0	1051.0	4.0		14.0	15.0		1344.0		1.0	2.0		996.0		84.0						
NC_073236.2	-3::NC_073236.2:20528105-20658155	130050	False	0.5265	1	15.0	9.0	1.0			1.0	27.0			2809.0	2809.0	18.0	13.0	137.0	2271.0	167.0	130.0	2145.0	2404.0	4.0	1.0				3.0	4894.0	2145.0		232.0	16.0		4939.0	2.0	19.0	31.0	7441.0	2713.0	4.0	2.0			40.0		419.0	2273.0	53.0	3.0	15.0	8.0		2832.0			2.0		2162.0		138.0	3.0					
NC_073236.2	2::NC_073236.2:20529421-20541352	11931	False	0.5264	0			1.0				5.0			244.0	248.0		2.0	1.0	209.0			198.0	230.0							455.0	202.0		25.0	4.0		463.0	1.0		1.0	701.0	248.0							49.0	209.0			2.0	4.0		261.0					195.0		19.0						
NC_073236.2	3::NC_073236.2:20540867-20585753	44886	False	0.5258	0	13.0	1.0	1.0				12.0			961.0	968.0	13.0	10.0	6.0	774.0	9.0	8.0	722.0	830.0							1743.0	731.0		77.0	9.0		1746.0	1.0		9.0	2613.0	961.0					1.0		160.0	791.0	2.0		12.0	6.0		991.0					727.0		53.0	1.0					
NC_073236.2	1::NC_073236.2:20540991-20584869	43878	False	0.5259	0	10.0		1.0				10.0		1.0	941.0	944.0	10.0	8.0	6.0	772.0	6.0	3.0	713.0	817.0	2.0						1723.0	710.0		98.0	6.0		1699.0			13.0	2565.0	929.0							142.0	750.0	2.0		9.0	12.0		962.0					708.0		54.0						
NC_073236.2	2::NC_073236.2:20548693-20589385	40692	False	0.5256	0	6.0	2.0				1.0	15.0			886.0	884.0	6.0	13.0	12.0	695.0	9.0	8.0	646.0	747.0	1.0						1612.0	653.0		77.0	11.0		1571.0			13.0	2373.0	870.0					3.0		131.0	708.0	6.0		5.0	7.0		885.0					656.0		50.0	2.0					
NC_073236.2	-2::NC_073236.2:20589387-20652324	62937	False	0.527	1		3.0					20.0		1.0	1309.0	1385.0	1.0		119.0	1095.0	139.0	120.0	1043.0	1197.0	3.0	3.0				4.0	2363.0	1064.0		103.0	3.0		2330.0	1.0	8.0	8.0	3551.0	1317.0	3.0	1.0			45.0		181.0	1099.0	32.0	2.0				1310.0					1061.0		52.0	3.0					
NC_073236.2	1::NC_073236.2:20591451-20602650	11199	False	0.5267	0		1.0					5.0			225.0	264.0			16.0	190.0	11.0	11.0	177.0	216.0						1.0	430.0	183.0		17.0	1.0		418.0	1.0		2.0	646.0	236.0					13.0		36.0	197.0	8.0					230.0					186.0		12.0						
NC_073236.2	3::NC_073236.2:20600546-20612372	11826	False	0.5275	0		2.0				1.0	1.0			258.0	263.0			17.0	204.0	22.0	13.0	192.0	217.0	1.0					1.0	448.0	193.0		24.0			448.0			3.0	672.0	244.0	1.0				4.0		30.0	201.0	9.0					267.0					193.0		12.0	1.0					
NC_073236.2	1::NC_073236.2:20602653-20623251	20598	False	0.5279	0		1.0					5.0			435.0	454.0			30.0	353.0	32.0	36.0	341.0	388.0	1.0					2.0	764.0	345.0		33.0			774.0			2.0	1177.0	433.0	2.0				15.0		69.0	357.0	14.0					438.0					346.0		17.0	2.0					
NC_073236.2	3::NC_073236.2:20617118-20628962	11844	False	0.528	1		1.0					1.0			261.0	249.0			26.0	205.0	24.0	24.0	204.0	217.0	1.0					1.0	430.0	203.0		25.0			437.0			2.0	672.0	248.0	1.0				5.0		36.0	201.0	7.0					257.0					201.0		8.0	1.0					
NC_073236.2	1::NC_073236.2:20623254-20636442	13188	False	0.5278	1							2.0		1.0	273.0	280.0	1.0		27.0	228.0	38.0	23.0	224.0	252.0						1.0	496.0	228.0		25.0			489.0			1.0	735.0	279.0					7.0		39.0	228.0	5.0					275.0					228.0		11.0						
NC_073236.2	-1::NC_073236.2:20647873-20678827	30954	False	0.5264	0		4.0				1.0	12.0			667.0	655.0		5.0	53.0	551.0	70.0	52.0	527.0	573.0	1.0	3.0					1146.0	513.0		45.0	2.0		1146.0		12.0	14.0	1735.0	633.0					15.0		82.0	554.0	20.0					658.0			1.0		525.0		40.0	3.0					
NC_073236.2	-2::NC_073236.2:20661711-20673642	11931	False	0.5267	0		1.0					1.0			260.0	243.0		2.0	19.0	217.0	28.0	20.0	204.0	219.0	1.0						449.0	205.0		20.0	2.0		444.0		8.0	6.0	667.0	241.0					3.0		34.0	209.0	7.0					263.0					194.0		10.0						
NC_073236.2	2::NC_073236.2:20663611-20673643	10032	False	0.5267	0		2.0				1.0	5.0			218.0	218.0		1.0	19.0	175.0	18.0	10.0	173.0	186.0		2.0					370.0	160.0		16.0	1.0		368.0			5.0	569.0	207.0					5.0		25.0	178.0	8.0					216.0					171.0		16.0	1.0					
NC_073236.2	-3::NC_073236.2:20670704-20683145	12441	False	0.5262	0		2.0					5.0			267.0	266.0		1.0	26.0	224.0	25.0	24.0	206.0	231.0	2.0	2.0					465.0	208.0		21.0			456.0		4.0	5.0	700.0	254.0					6.0		32.0	219.0	8.0					264.0					210.0		14.0						
NC_073236.2	-2::NC_073236.2:20675481-20686392	10911	False	0.5261	0							5.0			234.0	234.0		1.0	25.0	194.0	28.0	28.0	185.0	204.0	1.0	1.0					400.0	183.0		11.0			397.0		4.0	3.0	610.0	224.0					6.0		22.0	202.0	8.0	1.0				228.0					186.0		10.0	2.0					
NC_073236.2	-1::NC_073236.2:20678830-20690914	12084	False	0.526	0							5.0			249.0	265.0		1.0	34.0	222.0	38.0	30.0	204.0	230.0	1.0	2.0					447.0	207.0		16.0	1.0		435.0		4.0	2.0	669.0	246.0					7.0		26.0	218.0	3.0					244.0	1.0				209.0		10.0	2.0					
NC_073236.2	-2::NC_073236.2:20686395-20710056	23661	False	0.5262	0		2.0					8.0			508.0	502.0		1.0	51.0	433.0	75.0	60.0	398.0	441.0	6.0	4.0					870.0	400.0		29.0	1.0		865.0		9.0	8.0	1308.0	487.0					11.0	1.0	59.0	425.0	9.0					490.0					405.0		21.0						
NC_073236.2	-3::NC_073236.2:20689421-20713337	23916	False	0.5262	0							8.0			509.0	515.0		4.0	60.0	434.0	62.0	59.0	405.0	446.0	1.0	1.0					876.0	407.0		33.0	2.0		868.0		11.0	9.0	1333.0	488.0	1.0				13.0		53.0	435.0	12.0	1.0				500.0					408.0		15.0	3.0					
NC_073236.2	-1::NC_073236.2:20702086-20735131	33045	False	0.526	0							11.0			731.0	703.0		5.0	75.0	603.0	99.0	78.0	553.0	603.0	2.0	2.0				2.0	1204.0	560.0		41.0			1204.0		13.0	14.0	1829.0	668.0					15.0		87.0	603.0	23.0	3.0				702.0					557.0		20.0	5.0					
NC_073236.2	-3::NC_073236.2:20713340-20728484	15144	False	0.5261	0							7.0			317.0	337.0	1.0		40.0	276.0	42.0	33.0	255.0	284.0	2.0	2.0					564.0	255.0		23.0	2.0		548.0		5.0	4.0	843.0	309.0	1.0				9.0		34.0	269.0	5.0	1.0				313.0					255.0		11.0	1.0					
NC_073236.2	-1::NC_073236.2:20735134-20748748	13614	False	0.5263	0							5.0			287.0	293.0		2.0	32.0	246.0	32.0	31.0	229.0	255.0	1.0	1.0					506.0	234.0		16.0	1.0		497.0		6.0	5.0	761.0	278.0	1.0				10.0		29.0	248.0	7.0					283.0					231.0		10.0	1.0					
NC_073236.2	-3::NC_073236.2:20736647-20941634	204987	False	0.5284	1	4.0	8.0	8.0			7.0	21.0		2.0	4391.0	4317.0	8.0	13.0	167.0	3481.0	286.0	186.0	3493.0	3793.0	4.0	2.0				1.0	7690.0	3514.0		460.0	13.0		7856.0	27.0	28.0	50.0	11701.0	4278.0	13.0	1.0	1.0		75.0	3.0	705.0	3385.0	90.0	6.0	5.0	4.0	1.0	4576.0	1.0		12.0	1.0	3442.0		175.0	7.0	9.0	1.0	7.0		
NC_073236.2	-2::NC_073236.2:20742240-20789826	47586	False	0.5266	0		12.0				1.0	20.0			1030.0	1028.0		1.0	78.0	837.0	109.0	72.0	800.0	874.0	1.0	3.0				1.0	1789.0	778.0		72.0	7.0		1767.0		12.0	19.0	2669.0	981.0					21.0	1.0	132.0	835.0	33.0	2.0				1019.0					793.0		64.0	1.0					
NC_073236.2	-1::NC_073236.2:20748751-20767312	18561	False	0.5265	0		2.0					8.0			393.0	403.0			32.0	327.0	43.0	35.0	297.0	340.0	2.0					1.0	709.0	306.0		27.0	1.0		688.0		11.0	4.0	1044.0	385.0					10.0		54.0	334.0	11.0					388.0	1.0				310.0		21.0						
NC_073236.2	-1::NC_073236.2:20769712-20792665	22953	False	0.5256	0	3.0	4.0	3.0			2.0	11.0			497.0	508.0	1.0	1.0	32.0	401.0	25.0	25.0	368.0	427.0	2.0						846.0	368.0		32.0	4.0		860.0		5.0	6.0	1316.0	471.0					12.0		100.0	403.0	16.0					494.0			1.0		377.0		28.0		1.0		1.0		
NC_073236.2	-2::NC_073236.2:20789829-20939484	149655	False	0.5295	1	3.0		9.0			9.0	4.0			3169.0	3197.0	10.0	6.0	83.0	2451.0	134.0	85.0	2591.0	2773.0	3.0					1.0	5519.0	2568.0		323.0	1.0	1.0	5772.0	25.0	4.0	27.0	8624.0	3181.0	5.0	2.0			63.0	1.0	551.0	2472.0	77.0	13.0	4.0	4.0		3366.0	3.0		5.0		2592.0		140.0	2.0	9.0		3.0		
NC_073236.2	-1::NC_073236.2:20794453-20939476	145023	False	0.53	1	3.0	1.0	7.0	1.0		10.0	1.0			3009.0	3055.0	6.0	6.0	85.0	2432.0	144.0	82.0	2504.0	2706.0	3.0					4.0	5368.0	2534.0		334.0	1.0		5615.0	25.0	1.0	24.0	8347.0	3050.0	5.0				83.0	1.0	596.0	2369.0	47.0	8.0	3.0	4.0		3202.0	1.0		2.0	1.0	2526.0		119.0	1.0	6.0	1.0	8.0		
NC_073236.2	3::NC_073236.2:20794454-20878304	83850	False	0.5283	1	2.0		3.0			2.0	4.0			1756.0	1725.0	5.0	9.0	82.0	1403.0	111.0	81.0	1472.0	1585.0							3104.0	1493.0		223.0			3203.0	4.0		5.0	4811.0	1815.0	5.0				19.0	2.0	281.0	1380.0	26.0		1.0		1.0	1816.0	1.0				1453.0		59.0	1.0	1.0		6.0		
NC_073236.2	1::NC_073236.2:20799036-20846271	47235	False	0.5287	1							1.0			979.0	981.0	5.0		48.0	784.0	67.0	43.0	838.0	899.0	1.0						1740.0	829.0		109.0			1800.0	3.0			2710.0	1037.0					13.0	1.0	144.0	805.0	14.0		1.0	1.0		1009.0	2.0				839.0		40.0		1.0		1.0		
NC_073236.2	2::NC_073236.2:20800192-20836225	36033	False	0.5289	1						2.0				749.0	744.0			40.0	610.0	44.0	39.0	635.0	680.0						2.0	1317.0	641.0		72.0			1374.0	3.0			2073.0	776.0					10.0	1.0	129.0	619.0	13.0					766.0	1.0				640.0		28.0	1.0			2.0		
NC_073236.2	2::NC_073236.2:20836228-20877307	41079	False	0.5287	1						2.0				830.0	862.0	3.0	5.0	41.0	712.0	59.0	40.0	714.0	792.0							1479.0	725.0		114.0			1569.0	6.0		1.0	2351.0	871.0					22.0		182.0	672.0	5.0			2.0		857.0					737.0		37.0				3.0		
NC_073236.2	1::NC_073236.2:20846274-20861622	15348	False	0.5288	0										319.0	325.0	1.0		15.0	245.0	20.0	18.0	277.0	291.0							548.0	268.0		32.0			586.0	2.0			883.0	342.0					7.0		54.0	261.0	6.0		1.0			328.0	1.0				272.0		12.0		2.0				
NC_073236.2	1::NC_073236.2:20861625-20894208	32583	False	0.5307	1	1.0		2.0			4.0				695.0	699.0		4.0	18.0	547.0	19.0	18.0	573.0	591.0							1164.0	554.0		48.0			1259.0	4.0		6.0	1889.0	673.0	3.0				13.0		138.0	554.0	26.0		1.0			744.0					573.0		38.0	1.0	1.0		1.0		
NC_073236.2	2::NC_073236.2:20877310-20908543	31233	False	0.5328	1	3.0		4.0			4.0				636.0	659.0	1.0	1.0	2.0	514.0	20.0	2.0	529.0	576.0	3.0						1207.0	548.0		63.0			1222.0	8.0		6.0	1807.0	638.0	3.0				24.0		112.0	504.0	13.0		3.0	2.0		734.0					534.0		24.0		3.0	1.0	1.0		
NC_073236.2	3::NC_073236.2:20887700-20903012	15312	False	0.5326	1	1.0		1.0							336.0	316.0				254.0	18.0		270.0	275.0	1.0						577.0	259.0		23.0	1.0		600.0	7.0		3.0	879.0	312.0	1.0				9.0		53.0	254.0	9.0		1.0	1.0		377.0					255.0		9.0		2.0				
NC_073236.2	1::NC_073236.2:20894211-20926218	32007	False	0.5334	1			1.0							676.0	691.0				511.0	14.0		548.0	580.0						1.0	1197.0	561.0		76.0	1.0		1245.0	8.0		12.0	1859.0	657.0	2.0				25.0		125.0	500.0	23.0		1.0	2.0		767.0					560.0		24.0	1.0	1.0				
NC_073236.2	3::NC_073236.2:20903015-20930447	27432	False	0.5336	1										572.0	587.0			1.0	447.0	21.0	1.0	476.0	504.0							1026.0	477.0		75.0			1081.0	6.0		8.0	1567.0	562.0	1.0				13.0		114.0	412.0	16.0		1.0	2.0		665.0					484.0		21.0	1.0	3.0				
NC_073236.2	2::NC_073236.2:20908546-20922076	13530	False	0.5329	1										285.0	298.0				223.0	7.0		231.0	242.0							507.0	236.0		30.0	1.0		533.0	4.0		5.0	782.0	281.0					10.0		62.0	208.0	5.0					322.0					229.0		8.0		1.0				
NC_073236.2	2::NC_073236.2:20922094-20933350	11256	False	0.5353	1										236.0	230.0			1.0	177.0	7.0		210.0	203.0						1.0	392.0	202.0		23.0			441.0			10.0	655.0	238.0	1.0				12.0		58.0	177.0	8.0					262.0					203.0		5.0						
NC_073236.2	1::NC_073236.2:20926866-20937630	10764	False	0.5331	1										227.0	221.0			1.0	166.0	11.0		187.0	202.0							405.0	187.0		34.0			421.0	1.0		8.0	614.0	228.0					5.0		41.0	164.0	5.0					260.0					191.0		7.0		2.0				
NC_073236.2	-2::NC_073236.2:112334532-112350717	16185	False	0.44	2	83.0	46.0	45.0	140.0	135.0	119.0	12.0		106.0	67.0	114.0	270.0	82.0	148.0	59.0	28.0	75.0	11.0	83.0	75.0	260.0	94.0	176.0	140.0	41.0	269.0	50.0	220.0	272.0	44.0	113.0	60.0	43.0	97.0	67.0	56.0	35.0	22.0	63.0	31.0	65.0	27.0	112.0	111.0	106.0	70.0	172.0	114.0	170.0	36.0	72.0	20.0	84.0	79.0	127.0	10.0	30.0	94.0	12.0	7.0	14.0	12.0		
NC_073243.2	-1::NC_073243.2:31952662-31963174	10512	False	0.4131	1	50.0	15.0	45.0	44.0	62.0	94.0	12.0		62.0	75.0	54.0	71.0	70.0	57.0	27.0	7.0	106.0	9.0	63.0	43.0	180.0	56.0	322.0	121.0	75.0	138.0	70.0	153.0	147.0	29.0	42.0	26.0	30.0	68.0	37.0	57.0	22.0	3.0	26.0	11.0	24.0	25.0	110.0	86.0	72.0	37.0	171.0	63.0	71.0	59.0	28.0	3.0	21.0	38.0	15.0	16.0	22.0	37.0	3.0	5.0	8.0	11.0		
NC_086017.1	2::NC_086017.1:1-10147	10146	False	0.4971	0	6.0	3.0	3.0	4.0	3.0	2.0		1.0	3.0	2.0	3.0		2.0	1.0			1.0		4.0	14.0	1.0		1.0	1.0	1.0	2.0	1641.0		1.0		5.0	3.0				3.0				1.0	1.0		3.0	1.0		1.0		1.0	3.0				1636.0		3.0		1.0		2.0		1.0			17.0
NC_086017.1	3::NC_086017.1:77-10082	10005	False	0.498	0	2.0	4.0	4.0		2.0	2.0	2.0	2.0	3.0	2.0	2.0						1.0		2.0	1641.0	1.0			2.0	1.0	1.0	2.0				4.0	2.0				2.0	1.0			4.0	2.0		3.0						1.0										1.0		1.0			1638.0
NC_086017.1	-3::NC_086017.1:137318519-137331521	13002	False	0.5447	1	1.0	95.0		1.0	100.0	337.0	95.0		5.0		2.0	3.0			5.0		91.0			2.0	85.0	94.0	80.0	82.0		1.0	87.0	662.0		2.0	902.0	1.0		92.0						5.0							1.0	90.0	428.0	251.0			177.0		462.0	1.0	86.0		1.0	6.0	1.0			
NC_086017.1	-2::NC_086017.1:137324298-137336481	12183	False	0.5448	1		84.0			91.0	318.0	84.0		2.0			4.0			3.0		84.0		1.0	7.0	75.0	84.0	73.0	80.0		1.0	86.0	607.0		1.0	851.0			88.0	1.0					1.0			2.0				1.0	95.0	401.0	240.0			172.0		429.0		89.0		5.0	1.0				
NC_086017.1	-3::NC_086017.1:137345834-137356823	10989	False	0.5447	1		76.0		1.0	84.0	288.0	76.0					1.0					80.0			2.0	68.0	76.0	71.0	70.0			77.0	560.0		1.0	774.0			80.0						1.0	1.0					1.0		80.0	368.0	212.0			141.0		391.0		77.0		2.0	4.0				
NC_086017.1	-1::NC_086017.1:137349379-137360929	11550	False	0.5429	1		85.0			78.0	309.0	85.0		1.0			1.0			1.0		75.0			3.0	74.0	85.0	69.0	79.0			83.0	597.0			799.0			76.0						5.0			1.0				1.0	87.0	383.0	227.0			174.0		381.0		84.0		5.0	2.0				
NC_086017.1	-2::NC_086017.1:137350197-137369193	18996	False	0.544	1	1.0	135.0		1.0	144.0	492.0	136.0		4.0		1.0	3.0			3.0	2.0	137.0		2.0	6.0	125.0	137.0	118.0	120.0			127.0	954.0		4.0	1327.0			137.0	1.0				1.0	7.0	1.0		2.0					131.0	634.0	375.0			260.0		664.0	1.0	127.0		6.0	6.0				
NC_086017.1	-3::NC_086017.1:137369438-137382548	13110	False	0.5441	1	2.0	93.0		1.0	95.0	337.0	95.0		7.0			3.0			5.0	1.0	92.0		2.0	5.0	85.0	95.0	78.0	89.0			90.0	651.0		3.0	908.0			92.0						7.0	2.0		1.0				2.0	95.0	432.0	259.0		1.0	184.0		458.0		90.0		5.0	4.0	1.0			
NC_086017.1	-3::NC_086017.1:137422334-137438567	16233	False	0.5471	1	5.0	124.0		2.0	109.0	428.0	120.0		1.0		1.0	4.0	1.0		3.0		107.0		3.0	2.0	111.0	127.0	100.0	116.0			113.0	823.0			1090.0	3.0		105.0	1.0			1.0	2.0	6.0	2.0				1.0			115.0	505.0	318.0		4.0	223.0		599.0	1.0	117.0		8.0	7.0	3.0			
NC_086017.1	-3::NC_086017.1:137438570-137450096	11526	False	0.5483	1		75.0	1.0		84.0	310.0	72.0		3.0	1.0		1.0			1.0		80.0		1.0	1.0	71.0	77.0	77.0	77.0			88.0	573.0		1.0	785.0	2.0		81.0						2.0		1.0	2.0		1.0		1.0	96.0	380.0	207.0			150.0	1.0	435.0	1.0	88.0		11.0	3.0	1.0			
NC_086017.1	-1::NC_086017.1:137451439-137461858	10419	False	0.548	1	2.0	70.0	3.0		79.0	264.0	69.0		1.0			1.0	1.0		1.0	1.0	76.0		1.0		65.0	73.0	69.0	67.0			75.0	503.0		1.0	722.0	1.0		74.0	1.0				2.0	2.0	2.0		1.0				1.0	76.0	347.0	200.0			143.0	1.0	394.0	1.0	75.0		5.0	2.0	1.0			
NC_086017.1	-3::NC_086017.1:137466854-137479769	12915	False	0.5493	1		88.0		1.0	103.0	331.0	86.0		4.0	1.0		1.0			5.0		95.0		1.0	2.0	81.0	94.0	88.0	82.0			88.0	622.0		1.0	886.0	1.0		97.0						4.0			1.0		1.0		3.0	92.0	422.0	258.0		2.0	163.0		498.0	2.0	88.0		9.0	4.0				
NC_086017.1	-1::NC_086017.1:137469955-137485750	15795	False	0.5485	1	1.0	111.0			120.0	420.0	108.0		1.0			4.0		1.0		1.0	110.0		4.0	4.0	103.0	113.0	100.0	105.0			111.0	794.0		2.0	1060.0	2.0		108.0					1.0	7.0		2.0			1.0		1.0	119.0	515.0	306.0		2.0	211.0		592.0		110.0		5.0	9.0	1.0			
NC_086017.1	-2::NC_086017.1:137470731-137481903	11172	False	0.5485	1		78.0			87.0	282.0	74.0					4.0			1.0	1.0	79.0			1.0	78.0	80.0	71.0	69.0			78.0	541.0			762.0	4.0		81.0						5.0		1.0	1.0			1.0	2.0	82.0	375.0	217.0			159.0		422.0	2.0	74.0		5.0	6.0	1.0			
NC_086017.1	-1::NC_086017.1:137485753-137495776	10023	False	0.5471	1		76.0			70.0	261.0	72.0		2.0			3.0		1.0	1.0	1.0	65.0		2.0	4.0	68.0	75.0	60.0	67.0			70.0	497.0		3.0	685.0	3.0		65.0				2.0	1.0	5.0	1.0		1.0		1.0		1.0	73.0	320.0	202.0		1.0	132.0		373.0	1.0	69.0		4.0	3.0				
NC_086017.1	-2::NC_086017.1:137534118-137544282	10164	False	0.5477	1		64.0	1.0	3.0	74.0	268.0	65.0		1.0	1.0		3.0			3.0	1.0	75.0		3.0	4.0	61.0	63.0	73.0	60.0	1.0		77.0	481.0			701.0			76.0				1.0	3.0	4.0			5.0		1.0			76.0	334.0	197.0			132.0		395.0		72.0		5.0	2.0	2.0			
NC_086017.1	-2::NC_086017.1:137645625-137658474	12849	False	0.544	1	4.0	98.0		1.0	90.0	343.0	100.0			1.0		10.0			2.0		81.0	2.0		5.0	93.0	114.0	75.0	87.0			84.0	647.0	1.0	2.0	863.0			88.0	1.0					4.0	1.0	1.0	1.0					84.0	415.0	252.0		1.0	183.0		453.0	2.0	79.0	1.0	6.0	5.0	3.0			
NC_086017.1	-3::NC_086017.1:207349781-207366191	16410	False	0.5683	2	29.0	1.0	1.0	18.0	19.0	364.0	5.0		181.0	11.0	14.0	22.0	7.0	2.0	138.0	2.0	114.0	18.0	11.0	276.0	9.0	31.0	29.0	8.0	171.0	41.0	29.0	22.0	73.0	289.0	9.0	20.0	19.0	18.0	758.0	570.0	11.0	3.0	27.0	10.0	155.0	82.0	27.0	631.0	126.0	16.0	323.0	20.0	31.0	283.0	26.0	1.0	15.0	4.0	17.0	4.0	14.0	280.0	5.0	14.0	8.0	8.0		
NC_073231.2	-3::NC_073231.2:149710997-149727908	16911	False	0.6947	2	4.0	19.0	11.0	85.0	286.0	39.0	115.0		6.0	17.0	6.0	16.0	2.0	19.0	92.0	32.0	50.0	18.0	16.0	15.0	14.0	22.0	22.0	126.0	41.0	55.0	9.0	454.0	22.0	136.0	22.0	104.0	146.0	1.0	172.0	109.0	172.0	191.0	52.0	50.0	115.0	418.0	28.0	20.0	29.0	472.0	9.0	10.0	335.0	256.0	165.0	21.0	68.0	13.0	152.0	41.0	309.0	17.0	153.0	94.0	89.0	55.0		
NC_073231.2	3::NC_073231.2:149711021-149721230	10209	False	0.7297	2	1.0	6.0		56.0	180.0		78.0				1.0			6.0	52.0	14.0	13.0	11.0	6.0				1.0	68.0	1.0	25.0		311.0	2.0	97.0	6.0	59.0	90.0		122.0	78.0	96.0	164.0	28.0	32.0	70.0	299.0	8.0	1.0	13.0	283.0			195.0	174.0	105.0	18.0	14.0		92.0	29.0	220.0	1.0	109.0	62.0	62.0	44.0		
NC_073227.2	-2::NC_073227.2:81548573-81565604	17031	False	0.1743	0	466.0	341.0	860.0	9.0	299.0	472.0	107.0		343.0	405.0	92.0		247.0	409.0				3.0	444.0	33.0	220.0			69.0		7.0	9.0	1.0	4.0	1.0	1.0	35.0		431.0	1.0						4.0		208.0		33.0	15.0	19.0	88.0												1.0				
NC_073227.2	-2::NC_073227.2:81618830-81631871	13041	False	0.174	0	357.0	263.0	655.0	7.0	227.0	364.0	80.0		261.0	310.0	70.0		187.0	316.0				1.0	342.0	26.0	170.0		1.0	55.0		6.0	6.0	1.0	3.0		1.0	26.0		331.0					1.0		4.0		162.0		26.0	9.0	13.0	66.0																
NC_073227.2	-1::NC_073227.2:81964890-81981921	17031	False	0.1742	0	464.0	341.0	862.0	9.0	301.0	472.0	106.0		343.0	405.0	92.0		247.0	410.0				3.0	444.0	33.0	220.0			69.0		7.0	10.0		3.0		1.0	35.0		432.0	1.0						4.0		208.0		33.0	14.0	19.0	88.0												1.0				
NC_073227.2	-1::NC_073227.2:82037244-82050285	13041	False	0.1739	0	357.0	263.0	656.0	7.0	227.0	364.0	79.0		262.0	310.0	70.0		188.0	316.0				1.0	342.0	26.0	170.0		1.0	54.0		6.0	6.0	1.0	3.0		1.0	26.0		330.0					1.0		4.0		162.0		26.0	9.0	13.0	66.0																
NC_073227.2	-3::NC_073227.2:82171006-82194967	23961	False	0.1741	0	654.0	484.0	1215.0	15.0	425.0	663.0	154.0		488.0	573.0	122.0		355.0	582.0			2.0		630.0	48.0	313.0			94.0		17.0	5.0		1.0			47.0		595.0						2.0	11.0		291.0		39.0	15.0	31.0	116.0																
NC_073227.2	-1::NC_073227.2:82240020-82255974	15954	False	0.174	0	440.0	317.0	809.0	5.0	287.0	447.0	96.0		316.0	380.0	88.0		224.0	388.0			2.0		418.0	32.0	209.0		1.0	67.0		7.0			2.0			30.0		407.0							8.0		203.0		30.0	9.0	16.0	80.0																
NC_073227.2	-1::NC_073227.2:82280244-82308024	27780	False	0.1738	0	761.0	561.0	1406.0	13.0	481.0	772.0	172.0		561.0	663.0	144.0	1.0	388.0	662.0			1.0		740.0	51.0	368.0			131.0		13.0		1.0	1.0			52.0		705.0							18.0		354.0		51.0	12.0	30.0	132.0		2.0				1.0						2.0	9.0	1.0		
NC_073227.2	-2::NC_073227.2:82364369-82375700	11331	False	0.1745	0	308.0	229.0	570.0	8.0	200.0	314.0	65.0		227.0	271.0	64.0		156.0	272.0		1.0			295.0	22.0	152.0			47.0		4.0	3.0	1.0				21.0		291.0	1.0						5.0		146.0		21.0	7.0	12.0	61.0		1.0				1.0						1.0				
NC_073227.2	-1::NC_073227.2:84719664-84730830	11166	False	0.1732	0	304.0	228.0	569.0	6.0	196.0	309.0	70.0		227.0	266.0	57.0		161.0	269.0	1.0				297.0	20.0	148.0			47.0		9.0	3.0					20.0		281.0						2.0	5.0		137.0		18.0	5.0	13.0	54.0																
NC_073227.2	-2::NC_073227.2:84730778-84741152	10374	False	0.1737	0	287.0	207.0	529.0	7.0	185.0	286.0	65.0		212.0	247.0	51.0		159.0	254.0			1.0		270.0	22.0	134.0			38.0		5.0	2.0		1.0			21.0		256.0							3.0		124.0		17.0	9.0	13.0	52.0	1.0															
NC_073227.2	-2::NC_073227.2:84751778-84766976	15198	False	0.1739	0	418.0	313.0	769.0	10.0	265.0	434.0	94.0		306.0	362.0	77.0		223.0	373.0				1.0	400.0	30.0	197.0			59.0		2.0	1.0	3.0				27.0		377.0	3.0						12.0		191.0	1.0	25.0	6.0	22.0	65.0																
NC_073227.2	-3::NC_073227.2:84782602-84795130	12528	False	0.1742	0	346.0	248.0	635.0	3.0	229.0	352.0	74.0		246.0	298.0	70.0		177.0	306.0			1.0		325.0	25.0	164.0		1.0	52.0		5.0			2.0			24.0		321.0							5.0		161.0		24.0	7.0	11.0	64.0																
NC_073227.2	-1::NC_073227.2:84845676-84861819	16143	False	0.1734	0	443.0	324.0	820.0	3.0	289.0	442.0	91.0		324.0	384.0	90.0		226.0	389.0			1.0		428.0	30.0	219.0			69.0		7.0	3.0					30.0		412.0							8.0		205.0		29.0	8.0	17.0	82.0		5.0										2.0		1.0		
NC_073227.2	-1::NC_073227.2:84864309-84876120	11811	False	0.1745	0	320.0	240.0	592.0	8.0	209.0	327.0	68.0		235.0	280.0	66.0		166.0	285.0		1.0			308.0	23.0	159.0		1.0	47.0	1.0	4.0	3.0	1.0				22.0		306.0	1.0						5.0		151.0	1.0	22.0	7.0	11.0	64.0		1.0				1.0						1.0				
NC_073227.2	-2::NC_073227.2:85089029-85108370	19341	False	0.1745	0	526.0	386.0	983.0	9.0	344.0	536.0	119.0		389.0	460.0	103.0	1.0	279.0	466.0				5.0	502.0	37.0	250.0			80.0		8.0	12.0		3.0		1.0	40.0		490.0	1.0						5.0		235.0		37.0	17.0	23.0	99.0												1.0				
