clade	species	length	orf_valid	gc_content	gc_stretch_count	codon_CCT	codon_GTC	codon_CTG	codon_CCC	codon_TCA	codon_AGC	codon_CAG	codon_TAC	codon_ACT	codon_TCC	codon_CTC	codon_CAC	codon_ACA	codon_CTT	codon_TTC	codon_TTT	codon_TGC	codon_CCA	codon_TCG	codon_GGC	codon_ACC	codon_TCT	codon_AAA	codon_CAT	codon_AAC	codon_CGT	codon_GCC	codon_ATC	codon_CGA	codon_CAA	codon_AAT	codon_CTA	codon_AGA	codon_CCG	codon_GCT	codon_GCA	codon_TTA	codon_CGC	codon_ATT	codon_TGT	codon_TAT	codon_TTG	codon_ACG	codon_ATA	codon_ATG	codon_GGT	codon_GAC	codon_GTT	codon_AGT	codon_GAA	codon_GGA	codon_AGG	codon_GTG	codon_TGG	codon_GAG	codon_GAT	codon_GTA	codon_GGG	codon_CGG	codon_AAG	codon_GCG
NC_072397.2	3::NC_072397.2:5037707-5054327(+)	16620	False	0.6154	1	714.0	17.0	28.0	587.0	44.0	4.0	7.0	26.0	35.0	694.0	662.0	611.0	366.0	223.0	209.0	16.0	23.0	310.0	15.0	3.0	281.0	254.0	15.0	56.0	43.0	16.0	39.0	43.0	9.0	59.0	3.0	21.0	7.0	11.0	8.0	9.0	1.0	16.0	8.0	6.0	4.0	8.0	7.0	4.0	1.0	1.0	5.0	1.0	2.0	2.0	2.0	2.0	1.0	1.0							
NC_072397.2	1::NC_072397.2:5038917-5054298(+)	15381	False	0.6156	1	640.0	16.0	28.0	554.0	34.0	1.0	7.0	19.0	31.0	623.0	666.0	583.0	353.0	230.0	221.0	9.0	30.0	266.0	8.0		244.0	193.0	22.0	50.0	44.0	10.0	33.0	43.0	3.0	43.0	3.0	13.0	3.0	17.0	2.0	6.0	2.0	17.0	9.0	2.0	5.0	3.0	8.0	7.0	1.0		9.0	6.0	1.0	1.0			1.0	1.0	3.0	1.0	1.0	1.0			
NC_072397.2	2::NC_072397.2:5103457-5111317(+)	7860	False	0.6174	1	339.0	8.0	15.0	284.0	16.0	3.0	3.0	13.0	19.0	323.0	304.0	287.0	163.0	108.0	98.0	8.0	11.0	147.0	3.0		154.0	121.0	9.0	18.0	23.0	11.0	14.0	23.0	5.0	24.0	2.0	7.0	2.0	6.0	7.0	3.0		5.0	3.0	1.0	2.0	3.0	4.0	4.0			5.0	1.0			2.0	1.0	1.0	1.0		1.0	1.0		3.0	1.0	
NC_072397.2	-1::NC_072397.2:5395367-5403227(-)	7860	False	0.6176	1	339.0	8.0	15.0	284.0	16.0	3.0	3.0	13.0	19.0	323.0	304.0	287.0	163.0	108.0	98.0	8.0	11.0	147.0	3.0		155.0	121.0	9.0	18.0	22.0	11.0	14.0	23.0	5.0	24.0	2.0	7.0	2.0	6.0	7.0	3.0		5.0	3.0	1.0	2.0	3.0	4.0	4.0			5.0	1.0			2.0	1.0	1.0	1.0		1.0	1.0		3.0	1.0	
NC_072378.2	-1::NC_072378.2:23827356-23839515(-)	12159	False	0.6361	1	487.0	7.0	106.0	464.0	9.0	2.0	4.0	4.0	6.0	426.0	1238.0	11.0	2.0	19.0	19.0	20.0	121.0	3.0	6.0	3.0	7.0	827.0		5.0	1.0	7.0	100.0	6.0	1.0	1.0	2.0	5.0	2.0	24.0	19.0		1.0	28.0	5.0	5.0	3.0	7.0	1.0		4.0	4.0	1.0	2.0	2.0	1.0	1.0	6.0	5.0	1.0	4.0	1.0	2.0	2.0	1.0	2.0	
NC_072378.2	-3::NC_072378.2:23827732-23839525(-)	11793	False	0.6426	1	524.0	8.0	120.0	444.0	3.0	2.0	3.0	2.0	2.0	414.0	1234.0	8.0		17.0	18.0	4.0	93.0	5.0	15.0	1.0	3.0	808.0			1.0	5.0	111.0	1.0		2.0				19.0	19.0	1.0	1.0	22.0	1.0	7.0	1.0	3.0						1.0	1.0		1.0		2.0	1.0		1.0		1.0		1.0	
NC_072378.2	-2::NC_072378.2:23827802-23836421(-)	8619	False	0.6469	1	369.0	8.0	67.0	350.0	2.0			1.0	2.0	294.0	905.0	2.0		13.0	7.0	4.0	62.0	6.0	7.0	1.0	1.0	610.0				5.0	90.0	2.0				2.0		17.0	13.0	1.0		24.0		1.0	1.0	1.0				1.0			1.0				2.0	1.0							
NC_072378.2	1::NC_072378.2:25586883-25599510(+)	12627	False	0.3969	0	8.0	159.0	159.0	4.0	322.0	1.0	4.0	126.0	2.0	8.0	315.0	159.0	274.0	1.0	163.0	159.0	36.0	1.0		4.0	1.0	465.0	2.0	483.0		1.0	3.0	159.0		2.0		1.0	3.0			46.0	1.0		160.0	2.0	2.0			123.0	38.0				160.0	162.0	161.0	2.0	1.0	162.0	2.0	1.0		1.0		160.0	
NC_072378.2	2::NC_072378.2:25586953-25599583(+)	12630	False	0.3959	0	6.0	162.0	162.0	5.0	321.0		1.0	123.0	1.0	8.0	313.0	163.0	286.0		159.0	160.0	37.0			4.0		467.0	3.0	478.0	2.0		2.0	160.0		1.0	2.0	1.0	6.0		2.0	34.0			161.0		2.0	1.0		117.0	47.0				164.0	163.0	159.0	2.0		159.0	1.0	1.0	1.0	1.0		161.0	1.0
NC_072378.2	3::NC_072378.2:25586972-25599479(+)	12507	False	0.3965	0	5.0	159.0	162.0	8.0	321.0	1.0		115.0		5.0	312.0	160.0	283.0		159.0	160.0	45.0	2.0				468.0	1.0	477.0				159.0	1.0				1.0		2.0	38.0			158.0				1.0	126.0	34.0				159.0	159.0	160.0		2.0	162.0	2.0					162.0	
NC_072378.2	1::NC_072378.2:169658001-169672956(+)	14955	False	0.4665	0	1.0		140.0	52.0	221.0	6.0	250.0		144.0	129.0	11.0	404.0	272.0	1.0	19.0	2.0	162.0	179.0			44.0	1.0	1.0	118.0	135.0	2.0	1.0	307.0		133.0	258.0	1.0	129.0	3.0		255.0		100.0	28.0	127.0	139.0	1.0	100.0		171.0	1.0	2.0		122.0	272.0	136.0	2.0	138.0	119.0	1.0	1.0	130.0		9.0	1.0	4.0
NC_072378.2	3::NC_072378.2:169658006-169672799(+)	14793	False	0.4666	0			125.0	43.0	229.0	5.0	254.0		149.0	135.0	16.0	424.0	251.0	1.0	18.0		170.0	147.0			55.0	1.0	1.0	108.0	128.0	8.0	1.0	314.0		137.0	267.0		133.0	2.0		268.0		82.0	19.0	130.0	125.0		100.0		160.0		1.0	1.0	128.0	251.0	142.0	6.0	118.0	122.0		1.0	139.0	1.0	6.0		9.0
NC_072378.2	2::NC_072378.2:169658053-169673170(+)	15117	False	0.4664	0	1.0	1.0	134.0	29.0	219.0	9.0	272.0	1.0	144.0	120.0	17.0	416.0	265.0		29.0	4.0	173.0	191.0			53.0		1.0	103.0	138.0	3.0	1.0	325.0	1.0	141.0	269.0	1.0	125.0	7.0	1.0	264.0	3.0	100.0	18.0	144.0	132.0		83.0	2.0	177.0		8.0		115.0	261.0	128.0	2.0	126.0	140.0			130.0	1.0	5.0		6.0
NC_072379.2	1::NC_072379.2:10084011-10095126(+)	11115	False	0.5064	1	82.0	37.0	25.0	159.0	174.0	142.0	20.0	30.0	372.0	152.0	50.0	80.0	276.0	14.0	102.0	26.0	3.0	71.0	20.0	18.0	531.0	216.0	9.0	15.0	20.0	2.0	58.0	152.0	5.0	8.0	31.0	5.0	11.0	10.0	20.0	25.0	17.0	6.0	28.0	6.0	12.0	49.0	47.0	19.0	66.0	23.0	20.0	16.0	150.0	46.0	12.0	22.0	45.0	6.0	96.0	7.0	16.0	8.0	1.0	11.0	5.0
NC_072379.2	2::NC_072379.2:10114819-10129846(+)	15027	False	0.4978	2	118.0	50.0	45.0	165.0	219.0	150.0	32.0	32.0	458.0	205.0	84.0	95.0	427.0	21.0	122.0	32.0	4.0	96.0	32.0	29.0	626.0	292.0	23.0	26.0	53.0	6.0	128.0	198.0	5.0	7.0	53.0	7.0	22.0	16.0	30.0	52.0	30.0	1.0	55.0	4.0	24.0	71.0	55.0	29.0	107.0	37.0	45.0	23.0	191.0	68.0	9.0	26.0	66.0	6.0	105.0	6.0	21.0	15.0	7.0	40.0	8.0
NC_072379.2	2::NC_072379.2:10129849-10170319(+)	40470	False	0.5132	1	267.0	31.0	37.0	631.0	851.0	692.0	61.0	40.0	1465.0	290.0	30.0	597.0	353.0	32.0	627.0	83.0	8.0	91.0	183.0	96.0	2181.0	715.0	14.0	43.0	109.0	18.0	313.0	839.0	1.0	24.0	122.0	3.0	26.0	21.0	60.0	36.0	58.0	42.0	212.0	9.0	9.0	275.0	82.0	40.0	64.0	27.0	28.0	21.0	649.0	41.0	3.0	123.0	73.0	11.0	502.0	7.0	6.0	69.0	4.0	128.0	17.0
NC_072379.2	2::NC_072379.2:10200553-10224523(+)	23970	False	0.5545	1	318.0	72.0	62.0	158.0	500.0	632.0	70.0	77.0	239.0	321.0	172.0	278.0	912.0	80.0	174.0	54.0		262.0	52.0	386.0	589.0	202.0	29.0	21.0	23.0	45.0	212.0	40.0	17.0	74.0	5.0	31.0	35.0	43.0	36.0	181.0	71.0	58.0	17.0	3.0	8.0	10.0	119.0	17.0	53.0	68.0	125.0	84.0	251.0	346.0	91.0	3.0	33.0	19.0	101.0	27.0	12.0	4.0	26.0	11.0	31.0
NC_072379.2	3::NC_072379.2:10250285-10260395(+)	10110	False	0.4996	0	243.0	71.0	14.0	22.0	149.0	206.0	3.0	1.0	346.0	32.0	12.0	7.0	208.0	59.0	7.0	15.0		133.0	5.0	22.0	279.0	198.0	9.0	7.0	18.0	4.0	92.0	21.0	1.0	5.0	12.0	8.0	27.0	26.0	105.0	16.0	46.0	8.0	19.0	3.0	5.0	7.0	25.0	32.0	104.0	54.0	55.0	55.0	192.0	154.0	32.0	18.0	98.0	2.0	52.0	5.0	9.0	4.0	1.0	6.0	1.0
NC_085930.1	-3::NC_085930.1:209427278-209434949(-)	7671	False	0.5011	0	1271.0			1.0		6.0												1.0			7.0				1265.0							6.0																													
NC_085930.1	1::NC_085930.1:209427279-209434950(+)	7671	False	0.501	0																																6.0					1265.0									1.0		7.0				6.0						1272.0			
NC_085930.1	-1::NC_085930.1:209427322-209435518(-)	8196	False	0.5009	0	95.0			1.0																	1264.0				95.0		6.0			1.0		1270.0																													
NC_085930.1	3::NC_085930.1:209427323-209435519(+)	8196	False	0.5007	0																																			6.0		95.0									2.0		1264.0				1270.0		1.0				94.0			
NC_072388.2	-1::NC_072388.2:11010-18948(-)	7938	False	0.5081	1		1.0	1.0	2.0	1.0	2.0	2.0			2.0	1.0	2.0	1.0		1.0		2.0	1.0		3.0	2.0	1.0	3.0	1.0	1.0		3.0		1.0				2.0	7.0	12.0	1.0	508.0	3.0	1.0				1.0			4.0	3.0	759.0		2.0	5.0	771.0	1.0	3.0	7.0			511.0	5.0	3.0	3.0
NC_072388.2	2::NC_072388.2:11011-19405(+)	8394	False	0.5194	1	517.0	3.0	8.0	16.0	3.0	2.0	4.0			10.0	8.0	6.0		2.0	3.0	3.0	3.0	3.0	2.0	6.0	761.0	10.0		3.0	509.0	4.0	27.0	1.0	2.0	3.0	1.0	769.0	3.0	7.0	4.0	1.0	1.0	6.0		1.0		5.0	4.0			6.0	2.0	4.0	1.0	2.0	3.0	7.0	7.0	7.0	7.0			14.0	12.0		5.0
NC_072388.2	-2::NC_072388.2:9002867-9010805(-)	7938	False	0.3972	0	29.0	4.0	7.0	17.0	48.0	1.0	8.0	22.0	26.0	321.0	11.0	111.0	89.0	41.0	380.0	58.0	33.0	315.0	9.0	1.0	11.0	37.0	9.0	325.0	4.0	35.0	2.0	10.0	4.0	32.0	38.0	27.0		13.0	3.0	26.0	26.0	2.0	341.0	8.0	21.0	32.0	15.0	22.0	16.0		1.0	29.0	5.0	4.0	1.0	1.0	1.0	1.0		7.0	2.0		2.0	2.0	
NC_072388.2	-2::NC_072388.2:104093834-104110223(-)	16389	False	0.5898	2	80.0	79.0	254.0	309.0	41.0	124.0	209.0	3.0	68.0	142.0	141.0	67.0	72.0	41.0	96.0	38.0	7.0	102.0	53.0	161.0	47.0	106.0	184.0	15.0	10.0	2.0	220.0	50.0	7.0	32.0	8.0	14.0	34.0	55.0	82.0	74.0	14.0	11.0	44.0	9.0	4.0	27.0	19.0	24.0	177.0	68.0	306.0	43.0	57.0	111.0	89.0	42.0	365.0	16.0	267.0	150.0	19.0	128.0	20.0	391.0	35.0
NC_072382.2	-3::NC_072382.2:1420-11122(-)	9702	False	0.5005	0																1.0																	1.0				274.0									1.0		1338.0				1337.0		1.0			2.0	279.0			
NC_072382.2	3::NC_072382.2:1421-11123(+)	9702	False	0.5006	0	277.0			2.0								1.0						1.0			1340.0				275.0							1338.0																													
NC_072382.2	-2::NC_072382.2:935318-949838(-)	14520	False	0.5704	1	193.0	78.0	15.0	169.0	140.0	175.0	91.0	12.0	245.0	289.0	46.0	257.0	411.0	49.0	103.0	10.0	4.0	269.0	27.0	43.0	626.0	139.0	36.0	76.0	33.0	6.0	193.0	100.0	2.0	35.0	15.0	38.0	11.0	58.0	20.0	66.0	14.0	6.0	24.0	3.0	26.0	26.0	115.0	8.0	73.0	42.0	3.0	34.0	91.0	33.0	29.0	34.0	63.0	4.0	11.0	1.0	2.0	73.0	7.0	32.0	6.0
NC_072382.2	3::NC_072382.2:1022942-1033265(+)	10323	False	0.6146	2	42.0	13.0	20.0	258.0	21.0	34.0	124.0	2.0	158.0	15.0	8.0	6.0	438.0	5.0	13.0	7.0	14.0	339.0	4.0	121.0	933.0	14.0	5.0	3.0	9.0	1.0	50.0	129.0	3.0	11.0	9.0	5.0	5.0	64.0	4.0	14.0	1.0	3.0	9.0	12.0	2.0	3.0	166.0	15.0	18.0	9.0	10.0	5.0	48.0	5.0	14.0	5.0	88.0	10.0	23.0	7.0	48.0	8.0	6.0	9.0	16.0
NC_072382.2	2::NC_072382.2:1025131-1033018(+)	7887	False	0.6229	1	9.0	5.0		324.0	2.0	4.0	30.0	136.0	2.0	10.0	8.0	663.0	111.0		1.0		10.0	2.0	1.0	2.0	208.0	1.0	1.0	104.0	361.0	3.0	14.0	13.0		3.0	8.0		3.0	3.0				45.0	9.0	1.0	14.0		1.0			105.0	262.0	1.0	9.0		2.0	1.0		19.0	25.0	5.0			86.0	2.0	
NC_072382.2	1::NC_072382.2:1114086-1128324(+)	14238	False	0.5712	2	275.0	32.0	40.0	141.0	39.0	435.0	125.0	29.0	192.0	117.0	34.0	43.0	536.0	9.0	31.0	21.0	99.0	77.0	18.0	54.0	599.0	280.0	40.0	20.0	55.0	5.0	135.0	92.0	19.0	13.0	8.0	5.0	43.0	41.0	159.0	33.0		34.0	6.0	23.0	7.0	21.0	34.0	23.0	14.0	38.0	58.0	53.0	36.0	55.0	60.0	35.0	110.0	32.0	79.0	8.0	12.0	31.0	29.0	51.0	3.0
NC_072382.2	2::NC_072382.2:1176157-1190443(+)	14286	False	0.6347	2	42.0	48.0	152.0	268.0	35.0	133.0	80.0	28.0	236.0	346.0	65.0	68.0	381.0	33.0	47.0	23.0	50.0	163.0	20.0	121.0	677.0	27.0	43.0	8.0	51.0	12.0	315.0	73.0	4.0	8.0	12.0	21.0	10.0	34.0	62.0	102.0	1.0	24.0	6.0	22.0	1.0	10.0	178.0	5.0	70.0	22.0	44.0	5.0	39.0	36.0	19.0	68.0	116.0	54.0	72.0	3.0	5.0	105.0	11.0	26.0	22.0
NC_072382.2	-1::NC_072382.2:1179957-1187493(-)	7536	False	0.6257	1	25.0	159.0	52.0	22.0	4.0	58.0	7.0		20.0	1.0	17.0		21.0	45.0	37.0	7.0	1.0	31.0		8.0	21.0	24.0			5.0		64.0	12.0		18.0	3.0	7.0	4.0	35.0	176.0	46.0		1.0	4.0	22.0		20.0	1.0	2.0	57.0	78.0	19.0	91.0	35.0	8.0	71.0	62.0	618.0	37.0	235.0	5.0	75.0	106.0	1.0	19.0	15.0
NC_072382.2	2::NC_072382.2:12238690-12256762(+)	18072	False	0.4899	2	220.0	96.0	150.0	263.0	49.0	64.0	35.0	5.0	34.0	68.0	40.0	58.0	30.0	59.0	94.0	64.0	2.0	242.0	13.0	201.0	22.0	91.0	441.0	46.0	68.0	5.0	70.0	125.0	5.0	28.0	73.0	24.0	10.0	20.0	78.0	60.0	32.0	4.0	136.0	10.0	4.0	103.0	9.0	35.0	267.0	151.0	242.0	160.0	58.0	202.0	158.0	8.0	315.0	33.0	147.0	390.0	51.0	126.0	4.0	417.0	9.0
NC_072386.2	3::NC_072386.2:2993540-3001250(+)	7710	False	0.3995	0	36.0	4.0	4.0	10.0	41.0	2.0	6.0	24.0	24.0	326.0	10.0	120.0	87.0	33.0	363.0	72.0	26.0	304.0	9.0		6.0	28.0	10.0	319.0	4.0	34.0	2.0	22.0	6.0	34.0	30.0	15.0	6.0	22.0	2.0	23.0	30.0	5.0	335.0	7.0	18.0	19.0	13.0	12.0	6.0	1.0	5.0	36.0	5.0	3.0	1.0		1.0			5.0	1.0			3.0	
NC_072386.2	2::NC_072386.2:7604269-7611958(+)	7689	False	0.3981	0	38.0	4.0	6.0	13.0	29.0	2.0	14.0	22.0	21.0	335.0	11.0	119.0	68.0	34.0	357.0	79.0	23.0	319.0	7.0		9.0	23.0	9.0	301.0	7.0	15.0	7.0	22.0	4.0	46.0	30.0	18.0	4.0	14.0		21.0	27.0	4.0	339.0	2.0	18.0	33.0	5.0	20.0	5.0		4.0	51.0	6.0	2.0	1.0		1.0	2.0		10.0					2.0
NC_072386.2	-3::NC_072386.2:21903940-21912673(-)	8733	False	0.3921	2	67.0	14.0	28.0	27.0	107.0	32.0	74.0	12.0	75.0	52.0	19.0	19.0	57.0	52.0	40.0	87.0	8.0	79.0	7.0	21.0	32.0	116.0	139.0	53.0	54.0	5.0	31.0	20.0	1.0	66.0	125.0	27.0	43.0	3.0	44.0	45.0	70.0	1.0	62.0	37.0	32.0	55.0	6.0	48.0	38.0	36.0	52.0	51.0	96.0	155.0	36.0	20.0	26.0	18.0	106.0	123.0	37.0	38.0	1.0	83.0	3.0
NC_072390.2	-2::NC_072390.2:5555-15794(-)	10239	False	0.5234	1		112.0							2.0		1.0												1.0		1.0						1.0						153.0		2.0			1.0						1432.0				1415.0	5.0		2.0	1.0		284.0			
NC_072390.2	1::NC_072390.2:5556-15858(+)	10302	False	0.5221	1	153.0	2.0		1.0	4.0				1.0		3.0		1.0			2.0		18.0		1.0	1548.0		1.0		154.0							1412.0	1.0	112.0	2.0	1.0	2.0		3.0		2.0	3.0	1.0	2.0			1.0	1.0		1.0										1.0	
NC_072390.2	-3::NC_072390.2:7543-15736(-)	8193	False	0.5298	1																			112.0																		1234.0					18.0				1.0								1.0				1365.0			
NC_072390.2	3::NC_072390.2:7544-15842(+)	8298	False	0.528	1	1237.0			131.0							2.0	6.0		1.0	1.0	3.0	1.0			1.0			1.0		1254.0			1.0		1.0	2.0	1.0	1.0				1.0		2.0	1.0							112.0	1.0	2.0					1.0	1.0	1.0					
NC_072393.2	1::NC_072393.2:4562511-4577508(+)	14997	False	0.5677	1	293.0	25.0	2.0	685.0	118.0	92.0	125.0	224.0	58.0	341.0	405.0	149.0	129.0	3.0	119.0		3.0	415.0	2.0		204.0	276.0	11.0	183.0	4.0	12.0	132.0	220.0	11.0	129.0	153.0	245.0	4.0	38.0		6.0		15.0	139.0	4.0	5.0		1.0	8.0			1.0		5.0							3.0			2.0		
NC_072393.2	2::NC_072393.2:4567480-4575133(+)	7653	False	0.5683	1	151.0	9.0	2.0	364.0	69.0	55.0	66.0	127.0	29.0	162.0	203.0	105.0	59.0	2.0	68.0			181.0			89.0	150.0	2.0	88.0	5.0	13.0	54.0	123.0	8.0	91.0	55.0	110.0	3.0	16.0	3.0		1.0	3.0	64.0	2.0	2.0			4.0		1.0	2.0		2.0				2.0			3.0				3.0	
NC_072393.2	3::NC_072393.2:4574201-4582085(+)	7884	False	0.5701	1	149.0	12.0	6.0	352.0	67.0	68.0	47.0	105.0	37.0	213.0	203.0	97.0	73.0	5.0	65.0		3.0	158.0		1.0	123.0	149.0	1.0	116.0	4.0	15.0	69.0	83.0	1.0	87.0	87.0	113.0		21.0	7.0			2.0	45.0	3.0	3.0		2.0	5.0		1.0	4.0		1.0	3.0	2.0	3.0	2.0	1.0	1.0	9.0				4.0	
NC_072393.2	-3::NC_072393.2:9195524-9212183(-)	16659	False	0.489	2	208.0	77.0	94.0	92.0	270.0	164.0	71.0	16.0	265.0	267.0	51.0	45.0	396.0	74.0	52.0	54.0		152.0	15.0	40.0	331.0	321.0	81.0	67.0	48.0	3.0	102.0	110.0	3.0	57.0	62.0	26.0	73.0	4.0	90.0	89.0	34.0	5.0	70.0		22.0	74.0	34.0	62.0	171.0	53.0	102.0	59.0	107.0	163.0	75.0	60.0	141.0	36.0	168.0	75.0	32.0	66.0	7.0	58.0	9.0
NC_072393.2	-3::NC_072393.2:9216467-9226130(-)	9663	False	0.4921	2	92.0	57.0	44.0	65.0	162.0	93.0	39.0	11.0	177.0	112.0	55.0	26.0	226.0	47.0	30.0	37.0	1.0	122.0	8.0	37.0	158.0	167.0	38.0	33.0	40.0	4.0	61.0	47.0		20.0	41.0	17.0	57.0	8.0	68.0	79.0	22.0	1.0	40.0		12.0	47.0	14.0	27.0	69.0	28.0	39.0	37.0	94.0	87.0	73.0	30.0	41.0	29.0	87.0	46.0	25.0	49.0	2.0	40.0	3.0
NC_072385.2	3::NC_072385.2:2813-11108(+)	8295	False	0.5138	0	1190.0	1.0		4.0	1.0							96.0						1.0		1.0	180.0			1.0	1092.0			1.0				181.0		1.0				2.0					1.0				6.0				1.0	3.0				1.0			1.0		
NC_072385.2	1::NC_072385.2:7756602-7765911(+)	9309	False	0.3959	0	39.0	6.0	1.0	18.0	48.0	2.0	8.0	36.0	34.0	399.0	14.0	139.0	112.0	54.0	472.0	76.0	28.0	346.0	8.0		13.0	23.0	6.0	385.0	9.0	22.0	5.0	4.0	3.0	47.0	40.0	28.0	6.0	16.0	5.0	26.0	29.0	3.0	399.0	5.0	32.0	35.0	27.0	19.0	5.0	2.0	5.0	38.0	5.0	2.0	1.0	1.0		1.0	1.0	8.0	5.0			1.0	1.0
NC_072385.2	-1::NC_072385.2:12844475-12852515(-)	8040	False	0.4062	0	34.0	6.0	7.0	17.0	52.0	1.0	12.0	35.0	21.0	324.0	22.0	134.0	88.0	39.0	360.0	79.0	31.0	330.0	9.0	2.0	19.0	21.0	13.0	299.0	6.0	49.0	4.0	17.0	4.0	33.0	24.0	9.0	4.0	5.0	3.0	30.0	28.0	2.0	347.0	9.0	16.0	17.0	20.0	19.0	4.0	1.0	9.0	40.0	10.0	1.0				1.0		8.0	2.0		2.0		1.0
NC_072385.2	-2::NC_072385.2:15436744-15444946(-)	8202	False	0.3939	0	37.0	7.0	4.0	12.0	33.0	2.0	3.0	29.0	26.0	380.0	26.0	101.0	95.0	39.0	388.0	80.0	30.0	298.0	2.0		8.0	20.0	10.0	347.0	2.0	24.0		9.0	7.0	35.0	40.0	19.0	2.0	14.0	3.0	42.0	20.0	6.0	364.0	8.0	36.0	25.0	17.0	17.0	6.0	2.0	4.0	25.0	6.0	7.0		2.0			1.0	8.0	2.0			4.0	
NC_072385.2	-3::NC_072385.2:103639377-103650225(-)	10848	False	0.4182	0	56.0	2.0	96.0	11.0	210.0	1.0	38.0	175.0	101.0	34.0	191.0	194.0	154.0	7.0	96.0	155.0	55.0	18.0	37.0	45.0	46.0	128.0	4.0	176.0	9.0	87.0	5.0	45.0		9.0		1.0	2.0		60.0	1.0	2.0	1.0	163.0	353.0	113.0	21.0		2.0	61.0	1.0	1.0		94.0	2.0			291.0	21.0	2.0		237.0	1.0			1.0
NC_072385.2	-2::NC_072385.2:103639411-103650247(-)	10836	False	0.4177	0	56.0	16.0	88.0	21.0	208.0		95.0	108.0	69.0	21.0	238.0	183.0	161.0	4.0	131.0	100.0	37.0	47.0	86.0	28.0	30.0	131.0	6.0	116.0	10.0	51.0	13.0	24.0		7.0	1.0		2.0	1.0	38.0		3.0	1.0	169.0	421.0	153.0	51.0	1.0	3.0	106.0			2.0	59.0		1.0		184.0	45.0		1.0	283.0	1.0	1.0		
NC_072385.2	-1::NC_072385.2:103639424-103650215(-)	10791	False	0.4181	0	45.0	11.0	125.0	14.0	125.0		59.0	73.0	58.0	26.0	219.0	184.0	239.0		151.0	137.0	30.0	36.0	51.0	21.0	80.0	130.0	9.0	132.0	3.0	38.0	5.0	64.0		6.0	1.0				97.0		1.0		142.0	410.0	167.0	35.0	2.0		82.0			3.0	37.0			1.0	260.0	28.0			260.0				
NC_072385.2	-3::NC_072385.2:106371603-106388343(-)	16740	False	0.439	2	110.0	46.0	75.0	82.0	171.0	65.0	168.0	11.0	109.0	58.0	35.0	54.0	113.0	101.0	62.0	85.0	27.0	283.0	14.0	34.0	70.0	284.0	276.0	122.0	65.0	16.0	26.0	40.0	21.0	274.0	92.0	82.0	116.0	12.0	39.0	77.0	109.0	27.0	72.0	47.0	46.0	157.0	10.0	88.0	143.0	75.0	40.0	52.0	115.0	180.0	97.0	83.0	143.0	31.0	232.0	117.0	107.0	129.0	14.0	141.0	10.0
NC_072385.2	1::NC_072385.2:112930620-112938231(+)	7611	False	0.4073	1	31.0	32.0	77.0	19.0	50.0	29.0	62.0	29.0	45.0	44.0	35.0	35.0	66.0	53.0	65.0	76.0	2.0	34.0	3.0	30.0	55.0	61.0	125.0	37.0	66.0	9.0	38.0	57.0	5.0	54.0	93.0	39.0	28.0	2.0	63.0	44.0	47.0	5.0	77.0	4.0	49.0	40.0	6.0	34.0	36.0	13.0	51.0	45.0	50.0	85.0	46.0	18.0	31.0	21.0	66.0	79.0	30.0	20.0	7.0	79.0	5.0
NC_072383.2	2::NC_072383.2:37950661-37962124(+)	11463	False	0.4877	0	19.0	8.0	13.0		417.0		7.0	4.0	297.0	2.0	5.0	2.0	584.0	6.0	1.0	12.0	1.0	119.0	5.0	14.0	17.0	67.0	43.0		2.0		9.0	2.0	5.0	32.0	20.0	119.0	90.0	3.0	243.0	62.0	46.0		36.0		3.0	10.0	9.0	71.0	17.0	35.0	4.0	60.0	27.0	134.0	439.0	18.0	244.0	5.0	45.0	9.0	52.0	314.0	1.0	6.0	6.0
NC_072383.2	-2::NC_072383.2:108019915-108028492(-)	8577	False	0.5934	1	24.0	8.0	5.0	212.0	8.0	37.0	49.0	2.0	61.0	95.0	95.0	246.0	203.0	5.0	5.0		7.0	184.0	2.0	68.0	110.0	4.0	73.0	72.0	86.0	25.0	11.0	4.0	37.0	124.0	7.0	3.0	17.0	24.0	16.0	78.0		16.0	1.0	1.0			50.0	7.0	69.0	2.0	85.0		6.0	81.0	124.0	91.0	23.0	95.0	7.0	3.0	2.0	66.0	9.0	108.0	6.0
NC_072383.2	3::NC_072383.2:108287585-108295184(+)	7599	False	0.4387	2	207.0	3.0	21.0	21.0	9.0	1.0	1.0	10.0	298.0	38.0	3.0	4.0	3.0	26.0	50.0		3.0	278.0		1.0	653.0	6.0	3.0	3.0	4.0		28.0	101.0	1.0	3.0	2.0	162.0	4.0	1.0	5.0	2.0	135.0	1.0	387.0				5.0	19.0	7.0	4.0	1.0	1.0	3.0	2.0	1.0	2.0		1.0	1.0		2.0	3.0	1.0	2.0	
NC_072383.2	2::NC_072383.2:108288361-108296605(+)	8244	False	0.4373	1	79.0	2.0	20.0	133.0	4.0			430.0	98.0	84.0	1.0	438.0		18.0	21.0	1.0	19.0	191.0			289.0	23.0		160.0	2.0		12.0	37.0		4.0	1.0	95.0					97.0	3.0	157.0	1.0	302.0			8.0			4.0	6.0	3.0							4.0	1.0				
NC_072383.2	-3::NC_072383.2:132175485-132184293(-)	8808	False	0.5091	0	3.0			2.0									2.0					44.0			1430.0				3.0		33.0		1.0			1418.0																													
NC_072383.2	2::NC_072383.2:132175486-132184294(+)	8808	False	0.509	0																																			33.0		3.0									1.0		1432.0				1418.0						48.0	1.0		
NC_072383.2	-2::NC_072383.2:132175504-132184300(-)	8796	False	0.5091	0	1418.0			46.0		33.0															1.0				1432.0							1.0		1.0																											
NC_072383.2	3::NC_072383.2:132175505-132184301(+)	8796	False	0.509	0															1.0																	33.0					1385.0					46.0				1.0		1.0				1.0						1464.0			
NC_072381.2	-1::NC_072381.2:1899525-1907898(-)	8373	False	0.3846	0	1.0				2.0	1.0		660.0	1.0			1.0			1.0	6.0	27.0						1.0		2.0	1.0	1.0	1.0		1.0	2.0		2.0		2.0	3.0	2.0		2.0	425.0	264.0	1.0		1.0		661.0		2.0	2.0			2.0	2.0		4.0	27.0	679.0			1.0	
NC_072381.2	3::NC_072381.2:1899593-1907948(+)	8355	False	0.3853	0						27.0		1.0	5.0			1090.0	3.0							1.0		1.0	3.0	291.0	1.0	1.0		2.0		3.0	2.0	1.0					3.0			1.0		1.0		680.0	2.0	1.0			662.0						1.0					2.0	
NC_072381.2	1::NC_072381.2:1899672-1908033(+)	8361	False	0.3855	0	1.0					1.0		678.0	1.0	2.0	4.0	2.0	426.0	1.0			3.0				662.0	1.0	2.0	1.0	1.0			30.0			1.0	1.0	2.0			27.0	1.0		2.0	2.0	2.0	1.0	1.0	263.0	1.0		1.0	2.0		1.0		1.0	2.0			1.0	658.0			1.0	
NC_072381.2	3::NC_072381.2:82508993-82516877(+)	7884	False	0.4381	2	64.0	23.0	29.0	42.0	84.0	33.0	68.0	14.0	64.0	61.0	22.0	21.0	75.0	23.0	17.0	56.0	4.0	77.0	12.0	28.0	60.0	108.0	158.0	35.0	32.0	4.0	45.0	18.0	5.0	52.0	41.0	20.0	46.0	8.0	32.0	61.0	31.0	8.0	54.0	15.0	29.0	30.0	14.0	31.0	49.0	22.0	57.0	58.0	66.0	151.0	34.0	22.0	47.0	9.0	99.0	95.0	37.0	28.0	10.0	86.0	4.0
NC_072381.2	3::NC_072381.2:137690549-137701628(+)	11079	False	0.5547	1	5.0	6.0	11.0	4.0	2.0	4.0	6.0	1.0	7.0	2.0	5.0	1.0	4.0	4.0	3.0	2.0	1.0	3.0		2.0	7.0	4.0	5.0	2.0	6.0	1.0	3.0	469.0		2.0		3.0	2.0	1.0	4.0	10.0			3.0	7.0		3.0	226.0	6.0	1085.0	4.0	5.0	3.0	2.0	1.0	8.0	12.0	1321.0	10.0	4.0	1.0	1.0	43.0	2.0	3.0	351.0
NC_072381.2	-2::NC_072381.2:137690870-137701595(-)	10725	False	0.5552	0	8.0	2.0	2.0	42.0		2.0	4.0	1.0	1.0	4.0	3.0	1314.0	3.0	3.0		1.0	6.0	1.0		2.0	1.0	1.0		1082.0		226.0		1.0		2.0	2.0		1.0	1.0	3.0	1.0		351.0		3.0	5.0	1.0	1.0		1.0	6.0	3.0	2.0	2.0	2.0	1.0	1.0		1.0	3.0	469.0	1.0	1.0		1.0	
NC_072381.2	2::NC_072381.2:137690992-137701819(+)	10827	False	0.5534	0	1.0	2.0	2.0		3.0	1.0	3.0	2.0		1.0		227.0	3.0	2.0		1.0				358.0		1.0		12.0	1.0	233.0	3.0	3.0		2.0	11.0		2.0		7.0	1.0	1.0	2.0		1.0				1.0	9.0	1085.0	4.0	3.0	8.0	1.0	1.0	1.0	10.0	5.0	3.0	1547.0	1.0	42.0		2.0	
NC_072381.2	-3::NC_072381.2:137691013-137701645(-)	10632	False	0.5546	0		3.0	2.0	42.0		7.0			7.0		2.0	4.0	1.0	2.0	1.0			2.0			1079.0			3.0	1.0		357.0	1539.0					1.0						10.0	1.0		2.0	233.0		12.0		1.0	1.0			1.0		226.0			1.0				1.0	2.0
NC_072381.2	-2::NC_072381.2:139192589-139202909(-)	10320	False	0.5065	0	1511.0			66.0				3.0										1.0			144.0		1.0		1508.0							206.0																													
NC_072381.2	1::NC_072381.2:139192782-139202910(+)	10128	False	0.5062	0																1.0																					1507.0									64.0		115.0				179.0					2.0	1508.0			
NC_072381.2	-3::NC_072381.2:139193692-139202737(-)	9045	False	0.5002	0				1.0																	1507.0											1507.0																													
NC_072381.2	3::NC_072381.2:139193693-139202738(+)	9045	False	0.5001	0																																														1.0		1507.0				1507.0									
NC_072391.2	-2::NC_072391.2:10915-20746(-)	9831	False	0.5147	1															140.0	1.0																					505.0									2.0		989.0				991.0					1.0	648.0			
NC_072391.2	3::NC_072391.2:10916-20747(+)	9831	False	0.5148	1	506.0			4.0																	990.0				646.0							991.0		140.0																											
NC_072391.2	-3::NC_072391.2:5548707-5558754(-)	10047	False	0.76	2	123.0	1.0	121.0	726.0	1.0	121.0	125.0	1.0		4.0	122.0	6.0	1.0		1.0	1.0	122.0	3.0	121.0	1.0	1.0	121.0		1.0	1.0	2.0	123.0	3.0	2.0		2.0	1.0	123.0	1.0	1.0	122.0	121.0	1.0	1.0	1.0	3.0		1.0	1.0	1.0	120.0	1.0	1.0	2.0	1.0	123.0	123.0	3.0	2.0	122.0	4.0	1.0	366.0	121.0	1.0	123.0
NC_072391.2	3::NC_072391.2:5548805-5558828(+)	10023	False	0.7614	2	244.0	123.0	4.0	245.0	121.0	1.0	123.0	1.0	1.0	2.0	122.0	120.0		1.0	2.0		3.0	1.0	121.0	242.0		1.0	1.0	1.0		4.0	363.0	1.0		1.0	1.0	121.0	121.0	4.0	3.0			1.0	1.0		2.0			1.0	1.0	3.0	1.0	1.0	2.0		1.0	243.0	124.0	126.0	2.0	3.0	1.0	364.0	122.0	121.0	122.0
NC_072391.2	2::NC_072391.2:5548816-5558665(+)	9849	False	0.7641	2	121.0		122.0	362.0	121.0	241.0				1.0	242.0		1.0		1.0		121.0	121.0	1.0	1.0	1.0	1.0					122.0		1.0	121.0					122.0	1.0		121.0	1.0	2.0	1.0					240.0					1.0				243.0	1.0		604.0		121.0	123.0
NC_072391.2	-3::NC_072391.2:5582139-5593644(-)	11505	False	0.7608	2	141.0	1.0	139.0	834.0	1.0	139.0	143.0	1.0		4.0	140.0	6.0	1.0		1.0	1.0	140.0	3.0	139.0	1.0	2.0	139.0		1.0		2.0	141.0	3.0	2.0		2.0	1.0	141.0	1.0	1.0	140.0	139.0	1.0	1.0	1.0	3.0		1.0	1.0	1.0	138.0	1.0	1.0	2.0	1.0	141.0	141.0	3.0	2.0	140.0	4.0	1.0	421.0	138.0	1.0	141.0
NC_072391.2	3::NC_072391.2:5582237-5593718(+)	11481	False	0.762	2	280.0	141.0	4.0	282.0	139.0	1.0	141.0	1.0	1.0	2.0	140.0	138.0		1.0	2.0		3.0	1.0	139.0	278.0		1.0	1.0	1.0		4.0	416.0	1.0		1.0	1.0	139.0	139.0	4.0	3.0			1.0	1.0		2.0			1.0	1.0	2.0	1.0	1.0	2.0		1.0	279.0	142.0	144.0	2.0	3.0	1.0	419.0	140.0	139.0	140.0
NC_072391.2	2::NC_072391.2:5582248-5593555(+)	11307	False	0.7643	2	139.0		140.0	417.0	139.0	277.0				1.0	278.0		1.0		1.0		139.0	139.0	1.0	1.0	1.0	1.0					140.0		1.0	139.0					140.0	1.0		138.0	1.0	2.0	1.0					276.0					1.0				279.0	1.0		694.0		139.0	141.0
NC_072391.2	3::NC_072391.2:6116519-6124562(+)	8043	False	0.7651	2	164.0	63.0	36.0	233.0	98.0	72.0	63.0			1.0	135.0	64.0	1.0				35.0	36.0	63.0	127.0	1.0						225.0			36.0		63.0	63.0		36.0			36.0		1.0						70.0						127.0	64.0	63.0	72.0	1.0		369.0	63.0	99.0	101.0
NC_072391.2	1::NC_072391.2:6702588-6711516(+)	8928	False	0.7621	2	213.0	105.0	9.0	225.0	107.0	11.0	104.0	1.0		2.0	114.0	101.0		1.0	2.0		9.0	5.0	102.0	205.0	1.0	2.0		1.0		4.0	310.0			5.0	1.0	102.0	103.0	4.0	8.0	1.0		7.0	1.0		1.0			1.0	1.0	11.0	1.0	1.0	3.0		1.0	206.0	104.0	107.0	13.0	3.0	1.0	338.0	102.0	107.0	109.0
NC_072391.2	3::NC_072391.2:6702992-6711353(+)	8361	False	0.7644	2	103.0		103.0	309.0	102.0	203.0	1.0			1.0	205.0				1.0		104.0	102.0	1.0	1.0	1.0	2.0					102.0		1.0	102.0			1.0	1.0	104.0	2.0		102.0	1.0	1.0	1.0					203.0					1.0	1.0			206.0			514.0		102.0	103.0
NC_072391.2	-2::NC_072391.2:6703024-6711442(-)	8418	False	0.7636	2	103.0		101.0	614.0		102.0	105.0			1.0	102.0	4.0	1.0		1.0		102.0	3.0	102.0	3.0	2.0	102.0					103.0		3.0		1.0	1.0	102.0	2.0	1.0	103.0	102.0	1.0		1.0	1.0		1.0	1.0	1.0	101.0	1.0		1.0		104.0	104.0	1.0	1.0	102.0	2.0		312.0	101.0	1.0	103.0
NC_072391.2	3::NC_072391.2:85736291-85748282(+)	11991	False	0.6669	2	112.0	29.0	169.0	274.0	33.0	164.0	171.0	21.0	34.0	91.0	78.0	85.0	49.0	26.0	77.0	25.0	55.0	116.0	27.0	159.0	103.0	40.0	43.0	23.0	47.0	12.0	216.0	21.0	17.0	21.0	12.0	11.0	48.0	93.0	73.0	72.0	6.0	49.0	5.0	26.0	7.0	30.0	31.0	1.0	38.0	45.0	122.0	15.0	36.0	57.0	70.0	100.0	68.0	25.0	206.0	49.0	6.0	140.0	52.0	120.0	46.0
NC_072389.2	1::NC_072389.2:47916144-47926380(+)	10236	False	0.5124	2	115.0	34.0	82.0	71.0	71.0	99.0	153.0	18.0	75.0	72.0	52.0	63.0	67.0	44.0	38.0	47.0	37.0	103.0	9.0	63.0	57.0	116.0	67.0	52.0	42.0	9.0	76.0	29.0	9.0	63.0	66.0	26.0	60.0	11.0	85.0	61.0	38.0	5.0	26.0	38.0	21.0	55.0	4.0	18.0	50.0	38.0	73.0	43.0	78.0	133.0	53.0	96.0	58.0	33.0	143.0	91.0	33.0	52.0	4.0	80.0	7.0
NC_072389.2	2::NC_072389.2:48738259-48746929(+)	8670	False	0.5585	2	104.0	36.0	85.0	91.0	57.0	66.0	84.0	23.0	47.0	59.0	46.0	30.0	60.0	37.0	32.0	20.0	13.0	116.0	5.0	61.0	47.0	58.0	76.0	20.0	20.0	16.0	96.0	39.0	11.0	31.0	21.0	31.0	25.0	15.0	75.0	51.0	20.0	21.0	16.0	13.0	20.0	23.0	9.0	7.0	30.0	23.0	95.0	18.0	36.0	128.0	47.0	33.0	64.0	30.0	225.0	72.0	19.0	66.0	25.0	140.0	6.0
NC_072394.2	-1::NC_072394.2:0-32328(-)	32328	False	0.5714	0															2889.0	1.0														1.0	1.0						1444.0					1444.0						378.0				94.0	1.0					4333.0	190.0		
NC_072394.2	2::NC_072394.2:1-32380(+)	32379	False	0.5711	0	1444.0		2.0		1.0			1.0	2.0	1.0			95.0		1.0		1.0				283.0		1.0		5778.0				190.0	1.0	2.0	94.0		2890.0												1.0		1.0	1.0	1.0										2.0	
NC_072394.2	-3::NC_072394.2:922-31264(-)	30342	False	0.5714	0																			1.0																					1.0						1.0		5778.0				1444.0							2889.0		
NC_072394.2	3::NC_072394.2:923-31265(+)	30342	False	0.5715	0				1.0									1444.0								4334.0								2889.0	1.0		1444.0																		1.0											
NC_072377.2	1::NC_072377.2:83412036-83422569(+)	10533	False	0.4122	0	83.0	32.0	42.0	26.0	169.0	27.0	72.0	13.0	72.0	58.0	24.0	26.0	97.0	39.0	25.0	62.0	8.0	141.0	8.0	23.0	38.0	147.0	179.0	56.0	25.0	9.0	25.0	27.0	2.0	75.0	68.0	34.0	41.0	13.0	75.0	103.0	68.0	1.0	75.0	14.0	45.0	58.0	6.0	49.0	43.0	43.0	54.0	70.0	67.0	327.0	58.0	21.0	63.0	10.0	150.0	111.0	63.0	15.0	3.0	127.0	6.0
NC_072387.2	-1::NC_072387.2:1318-12442(-)	11124	False	0.5032	1	1.0						3.0		1.0												1.0							1.0							1.0		466.0									1.0		1382.0			1.0	1350.0					1.0	466.0	33.0		
NC_072387.2	3::NC_072387.2:1319-12437(+)	11118	False	0.5032	1	466.0	1.0		1.0							1.0		1.0					1.0		1.0	1382.0				466.0				33.0			1349.0							1.0	1.0													1.0	1.0							
NC_072387.2	-2::NC_072387.2:4113-12426(-)	8313	False	0.5044	1			1.0			1.0				1.0					33.0																		1.0				1349.0									1.0	1.0											1383.0			
NC_072387.2	2::NC_072387.2:4114-12556(+)	8442	False	0.5049	1	1351.0		4.0	1.0	3.0	2.0		1.0		2.0	1.0	4.0				2.0	1.0			1.0	1.0	2.0		1.0	1382.0		2.0	1.0		1.0			1.0	33.0	3.0			1.0	1.0	1.0		1.0				1.0			1.0	1.0		3.0				1.0	1.0	1.0		1.0	
NC_072387.2	1::NC_072387.2:4312713-4320423(+)	7710	False	0.3996	0	36.0	4.0	4.0	11.0	40.0	2.0	6.0	24.0	24.0	327.0	10.0	120.0	87.0	34.0	363.0	73.0	26.0	303.0	9.0		6.0	28.0	10.0	318.0	4.0	34.0	2.0	22.0	6.0	34.0	30.0	15.0	6.0	22.0	2.0	24.0	29.0	4.0	335.0	7.0	18.0	19.0	13.0	12.0	6.0	1.0	5.0	36.0	5.0	3.0	1.0		1.0			5.0	1.0			3.0	
NC_072387.2	2::NC_072387.2:8887981-8895658(+)	7677	False	0.3981	0	38.0	4.0	6.0	14.0	29.0	2.0	14.0	22.0	21.0	334.0	11.0	119.0	68.0	34.0	357.0	79.0	23.0	317.0	7.0		9.0	23.0	9.0	300.0	7.0	15.0	7.0	22.0	4.0	46.0	30.0	18.0	4.0	14.0		21.0	27.0	4.0	338.0	2.0	18.0	33.0	5.0	20.0	5.0		3.0	51.0	6.0	2.0	1.0		1.0	2.0		11.0					2.0
NC_072387.2	-2::NC_072387.2:29558265-29569824(-)	11559	False	0.3751	2	78.0	23.0	55.0	27.0	77.0	37.0	84.0	36.0	73.0	32.0	34.0	30.0	82.0	129.0	56.0	138.0	36.0	89.0	7.0	25.0	23.0	76.0	217.0	69.0	42.0	12.0	31.0	49.0	20.0	74.0	138.0	48.0	77.0	3.0	68.0	90.0	96.0	9.0	125.0	51.0	79.0	98.0	8.0	72.0	72.0	34.0	65.0	100.0	72.0	186.0	68.0	31.0	55.0	44.0	67.0	157.0	52.0	22.0	6.0	93.0	6.0
NC_072387.2	-3::NC_072387.2:112663079-112684070(-)	20991	False	0.3803	2	127.0	43.0	94.0	56.0	252.0	73.0	174.0	41.0	132.0	58.0	56.0	69.0	220.0	116.0	76.0	127.0	29.0	183.0	12.0	39.0	41.0	163.0	508.0	133.0	114.0	19.0	38.0	71.0	14.0	255.0	198.0	94.0	165.0	11.0	58.0	161.0	141.0	7.0	175.0	71.0	88.0	105.0	14.0	158.0	167.0	82.0	103.0	103.0	163.0	413.0	121.0	74.0	70.0	38.0	205.0	224.0	104.0	65.0	4.0	271.0	11.0
NC_072376.2	3::NC_072376.2:199870073-199880873(+)	10800	False	0.7348	1	261.0	77.0	4.0	477.0	5.0	2.0	78.0	1.0		326.0	128.0	2.0	1.0	133.0	181.0			247.0	59.0	304.0	2.0		1.0	171.0	1.0	2.0	351.0	1.0		1.0			1.0	175.0	1.0	1.0		46.0	43.0	1.0		2.0			127.0	1.0	1.0		77.0		2.0	1.0	1.0	125.0	1.0		1.0		176.0	1.0	
NC_072376.2	-3::NC_072376.2:199870082-199880756(-)	10674	False	0.7372	1	1.0	1.0	77.0				3.0		77.0	2.0		1.0		1.0		1.0		125.0		350.0		1.0		126.0			304.0		59.0		42.0			176.0						1.0		1.0	2.0		169.0	2.0	76.0	1.0		176.0	323.0	259.0	2.0	245.0	126.0		1.0	476.0	174.0	132.0	45.0
NC_072376.2	1::NC_072376.2:199870101-199880838(+)	10737	False	0.7362	1	259.0	79.0		480.0	1.0	4.0	75.0		1.0	326.0	127.0	2.0	2.0	134.0	176.0		2.0	246.0	54.0	301.0	2.0	3.0		172.0		4.0	348.0	3.0		1.0	1.0			170.0	2.0	1.0		48.0	43.0						125.0				74.0	1.0	1.0	1.0	1.0	126.0					182.0	1.0	
NC_072376.2	2::NC_072376.2:199870135-199880899(+)	10764	False	0.7353	1	260.0	78.0	1.0	478.0	2.0	1.0	78.0			330.0	130.0	2.0	2.0	137.0	177.0			245.0	53.0	308.0	4.0	1.0	1.0	170.0		2.0	350.0	2.0		1.0	1.0		1.0	171.0	2.0	3.0		43.0	45.0	1.0				1.0	125.0				75.0					125.0	1.0		1.0	1.0	179.0		
NC_072376.2	-2::NC_072376.2:199870176-199880916(-)	10740	False	0.7353	1	1.0	2.0	76.0		1.0	3.0			75.0			1.0	1.0				1.0	127.0		348.0				126.0			301.0		54.0		43.0	1.0	5.0	182.0	2.0	1.0						2.0	3.0		172.0	1.0	79.0	1.0	1.0	176.0	326.0	260.0	4.0	247.0	126.0	4.0		475.0	170.0	135.0	47.0
NC_072376.2	-1::NC_072376.2:199870183-199880812(-)	10629	False	0.7378	1			77.0				1.0		74.0									125.0		348.0				125.0			308.0		53.0		44.0		1.0	179.0	1.0								2.0		170.0	1.0	77.0			177.0	327.0	259.0		243.0	127.0	1.0		476.0	171.0	133.0	43.0
NC_072380.2	-2::NC_072380.2:355-8248(-)	7893	False	0.4999	0																1.0																					564.0									3.0		749.0				751.0						563.0			
NC_072380.2	3::NC_072380.2:356-8249(+)	7893	False	0.5001	0	564.0			2.0																	749.0		1.0		564.0							751.0																													
NC_072380.2	2::NC_072380.2:10198453-10206115(+)	7662	False	0.6085	2	38.0	21.0	95.0	60.0	42.0	65.0	151.0	6.0	40.0	53.0	27.0	23.0	47.0	18.0	14.0	7.0	25.0	70.0	9.0	67.0	40.0	38.0	41.0	11.0	14.0	5.0	115.0	7.0	8.0	43.0	7.0	3.0	21.0	18.0	38.0	52.0	34.0	10.0	3.0	16.0	3.0	9.0	19.0	8.0	21.0	40.0	69.0	12.0	32.0	220.0	55.0	48.0	62.0	22.0	268.0	23.0	18.0	144.0	21.0	39.0	19.0
NC_072380.2	-1::NC_072380.2:156855389-156865916(-)	10527	False	0.6699	2	20.0	80.0	297.0	98.0	9.0	67.0	210.0	68.0	23.0	56.0	111.0	54.0	38.0	17.0	67.0	14.0	24.0	34.0	26.0	172.0	91.0	23.0	13.0	7.0	38.0	13.0	228.0	85.0	7.0	20.0	3.0	12.0	18.0	24.0	42.0	46.0	2.0	93.0	15.0	12.0	11.0	15.0	57.0	3.0	57.0	18.0	144.0	11.0	13.0	26.0	20.0	63.0	172.0	29.0	259.0	23.0	8.0	92.0	78.0	86.0	47.0
NC_072380.2	-2::NC_072380.2:158143765-158151802(-)	8037	False	0.5024	0	1268.0			19.0																	53.0				1268.0							71.0																													
NC_072380.2	3::NC_072380.2:158143766-158151803(+)	8037	False	0.5023	0																																					1268.0									19.0		53.0				71.0						1268.0			
NC_072380.2	-3::NC_072380.2:158144199-158151807(-)	7608	False	0.5	0	1.0																				1267.0				1.0							1267.0																													
NC_072380.2	2::NC_072380.2:158144200-158151808(+)	7608	False	0.4999	0																																					1.0									1.0		1267.0				1267.0									
NC_072373.2	-2::NC_072373.2:3800-12758(-)	8958	False	0.5026	0																																					40.0					1.0				1.0		1451.0				1430.0	1.0					62.0			
NC_072373.2	1::NC_072373.2:3801-12765(+)	8964	False	0.5028	0	40.0			3.0				1.0										21.0			1452.0				41.0							1430.0																													
NC_072373.2	-3::NC_072373.2:4033-12745(-)	8712	False	0.5025	0																																					1430.0					21.0				1.0								1.0				1451.0			
NC_072373.2	3::NC_072373.2:4034-12746(+)	8712	False	0.5026	0	1430.0			22.0								1.0													1451.0																																				
NC_072373.2	3::NC_072373.2:98060351-98070545(+)	10194	False	0.5033	1	8.0	24.0	6.0	3.0	226.0	37.0	129.0	22.0	150.0	125.0	3.0	206.0	158.0	3.0	9.0	41.0	4.0	21.0	2.0	149.0	39.0	178.0	19.0	231.0	11.0	10.0	38.0	5.0	10.0	164.0	16.0	2.0	147.0	1.0	18.0	21.0	4.0	1.0	11.0	21.0	40.0	8.0	3.0	19.0	4.0	91.0	43.0	29.0	135.0	86.0	313.0	68.0	21.0	7.0	106.0	41.0	6.0	88.0	1.0	13.0	3.0
NC_072373.2	1::NC_072373.2:98106582-98117661(+)	11079	False	0.5517	2	20.0	13.0	6.0	50.0	231.0	128.0	243.0	35.0	67.0	213.0	4.0	234.0	55.0	3.0	18.0	5.0		19.0	23.0	60.0	22.0	141.0	35.0	149.0	39.0	52.0	46.0	2.0	11.0	103.0	21.0	5.0	173.0	7.0	48.0	121.0	4.0	22.0	18.0	1.0	30.0	8.0	10.0	8.0	3.0	42.0	140.0	19.0	114.0	138.0	224.0	85.0	35.0	12.0	125.0	43.0	20.0	129.0	40.0	20.0	1.0
NC_072373.2	3::NC_072373.2:98175287-98187518(+)	12231	False	0.5801	0	33.0	2.0	3.0	19.0	234.0	230.0	267.0	61.0	31.0	267.0	2.0	172.0	10.0	3.0	2.0	29.0	10.0	46.0	53.0	435.0	17.0	585.0	8.0	220.0	13.0	50.0	14.0	3.0	88.0	146.0	16.0		8.0		23.0	5.0	14.0	25.0	3.0	16.0	85.0	11.0	8.0	3.0	2.0	213.0	10.0	1.0	62.0	24.0	167.0	32.0	4.0	9.0	63.0	9.0		188.0	17.0	3.0	3.0
NC_072373.2	-3::NC_072373.2:215094487-215102887(-)	8400	False	0.5181	2	106.0	52.0	53.0	72.0	47.0	53.0	86.0	17.0	47.0	59.0	30.0	31.0	59.0	31.0	10.0	25.0	7.0	94.0	7.0	33.0	46.0	87.0	125.0	25.0	38.0	18.0	80.0	36.0	29.0	40.0	38.0	13.0	38.0	14.0	65.0	73.0	19.0	15.0	31.0	6.0	28.0	25.0	16.0	14.0	34.0	26.0	67.0	40.0	53.0	144.0	23.0	57.0	87.0	7.0	128.0	82.0	27.0	42.0	28.0	95.0	22.0
NC_072373.2	-1::NC_072373.2:230789979-230798040(-)	8061	False	0.5254	1	195.0	4.0	26.0	14.0	2.0	3.0	3.0		2.0	9.0	27.0	3.0		3.0	3.0	2.0	4.0	1.0	3.0	11.0	1029.0	10.0		2.0	185.0	5.0	22.0	4.0	4.0	1.0		1000.0	2.0	10.0	5.0	1.0		5.0		1.0	2.0		6.0		1.0	8.0	2.0	3.0		3.0	4.0	9.0	8.0	5.0	6.0			15.0	10.0		4.0
NC_072384.2	-3::NC_072384.2:1565-11657(-)	10092	False	0.5169	0																																					82.0									1.0		1429.0				1599.0	170.0	1.0				82.0			
NC_072384.2	1::NC_072384.2:1566-11799(+)	10233	False	0.5207	1	88.0			16.0							170.0	12.0									1601.0				83.0				10.0			1429.0		2.0																											
NC_072384.2	-1::NC_072384.2:2056-10549(-)	8493	False	0.5001	0																																					1415.0									1.0												1415.0			
NC_072384.2	3::NC_072384.2:2057-12413(+)	10356	False	0.5345	2	1603.0	2.0	10.0	27.0	6.0	5.0	7.0	1.0		4.0	4.0	171.0	2.0		2.0	2.0	3.0	8.0	1.0	8.0	18.0	3.0	2.0		1431.0	2.0	4.0		2.0	1.0			3.0	16.0	3.0	4.0		10.0	1.0	1.0		2.0	3.0		1.0	3.0	2.0	2.0	1.0	3.0	5.0	5.0	4.0	7.0	6.0	3.0		17.0	11.0		10.0
NC_072384.2	2::NC_072384.2:66809044-66818458(+)	9414	False	0.388	2	65.0	33.0	35.0	30.0	61.0	29.0	79.0	11.0	80.0	47.0	23.0	24.0	105.0	48.0	18.0	74.0	8.0	66.0	9.0	20.0	45.0	85.0	204.0	58.0	40.0	13.0	25.0	47.0	10.0	114.0	93.0	21.0	67.0	8.0	44.0	49.0	46.0	4.0	96.0	19.0	44.0	30.0	10.0	64.0	59.0	33.0	50.0	67.0	64.0	239.0	56.0	30.0	41.0	25.0	86.0	116.0	40.0	21.0	4.0	105.0	1.0
NC_072384.2	-3::NC_072384.2:78236099-78253337(-)	17238	False	0.4268	2	152.0	100.0	70.0	37.0	86.0	66.0	65.0	56.0	173.0	41.0	44.0	25.0	185.0	105.0	67.0	74.0	33.0	212.0	2.0	90.0	106.0	103.0	281.0	35.0	81.0	47.0	81.0	82.0	33.0	59.0	150.0	35.0	134.0	10.0	136.0	115.0	55.0	19.0	200.0	44.0	134.0	42.0	13.0	92.0	59.0	130.0	94.0	209.0	113.0	332.0	159.0	26.0	105.0	97.0	116.0	205.0	113.0	34.0	25.0	150.0	9.0
NC_072384.2	1::NC_072384.2:85676022-85685082(+)	9060	False	0.3465	1	54.0	24.0	25.0	9.0	97.0	37.0	43.0	18.0	74.0	36.0	26.0	22.0	78.0	61.0	21.0	93.0	8.0	59.0	4.0	16.0	38.0	99.0	200.0	48.0	54.0	5.0	18.0	35.0	1.0	93.0	134.0	30.0	44.0	2.0	63.0	55.0	89.0	1.0	111.0	40.0	51.0	63.0	5.0	70.0	68.0	18.0	59.0	65.0	70.0	186.0	32.0	24.0	35.0	10.0	54.0	92.0	43.0	16.0		91.0	3.0
NC_072384.2	1::NC_072384.2:85687170-85696620(+)	9450	False	0.3386	1	39.0	19.0	30.0	15.0	122.0	44.0	48.0	18.0	61.0	39.0	27.0	19.0	75.0	60.0	33.0	85.0	9.0	60.0	6.0	11.0	26.0	113.0	199.0	52.0	42.0	3.0	17.0	37.0	5.0	103.0	131.0	38.0	63.0	5.0	45.0	50.0	90.0	1.0	138.0	36.0	69.0	54.0	3.0	97.0	59.0	23.0	51.0	96.0	60.0	179.0	33.0	25.0	48.0	7.0	68.0	133.0	50.0	13.0	1.0	64.0	3.0
NC_072384.2	1::NC_072384.2:141461688-141472056(+)	10368	False	0.5255	1	204.0	8.0	4.0	49.0	393.0	6.0	146.0	12.0	133.0	280.0	334.0	472.0	194.0	36.0	147.0	7.0	4.0	179.0	1.0	4.0	4.0	6.0	3.0	8.0	1.0	7.0	2.0	4.0	2.0	5.0	1.0	2.0	1.0	47.0	8.0	9.0	12.0	12.0	3.0	5.0		2.0	63.0		4.0	5.0	5.0	343.0	248.0			4.0	4.0	1.0		1.0		1.0	13.0	1.0	6.0
NC_072384.2	3::NC_072384.2:141461759-141472808(+)	11049	False	0.5328	2	97.0	9.0	9.0	97.0	319.0	11.0	270.0	16.0	273.0	408.0	409.0	387.0	249.0	26.0	279.0	6.0	6.0	84.0	6.0	9.0	10.0	5.0	2.0	8.0	1.0	6.0	13.0	3.0	3.0	4.0	3.0		4.0	11.0	15.0	11.0	12.0	20.0	3.0	2.0		3.0	18.0	3.0	2.0	104.0	3.0	146.0	253.0			4.0	4.0	2.0	5.0	3.0	1.0	2.0	12.0		12.0
NC_072384.2	2::NC_072384.2:141463459-141472567(+)	9108	False	0.512	2	150.0	5.0	4.0	30.0	315.0	5.0	258.0	14.0	263.0	153.0	261.0	478.0	115.0	23.0	284.0	5.0	6.0	135.0	1.0	6.0	9.0	2.0	1.0	2.0		2.0	5.0	3.0	4.0	1.0	1.0		2.0	5.0	7.0	10.0	16.0	9.0	4.0	4.0		1.0	12.0			3.0	1.0	259.0	133.0			1.0	2.0	4.0	3.0	2.0		4.0	7.0	2.0	4.0
NC_072384.2	3::NC_072384.2:143250914-143260766(+)	9852	False	0.5087	1							12.0																														71.0									14.0		1486.0				1557.0	70.0				1.0	73.0			
NC_072384.2	-1::NC_072384.2:143251000-143260765(-)	9765	False	0.5075	1	71.0			2.0							70.0										1556.0				70.0							1486.0																													
NC_072384.2	-3::NC_072384.2:143251163-143260046(-)	8883	False	0.5082	0	1479.0			2.0				1.0				70.0													1409.0																																				
NC_072384.2	1::NC_072384.2:143251638-143260041(+)	8403	False	0.5002	0																																					1400.0																					1401.0			
NC_072395.2	-3::NC_072395.2:57348945-57356934(-)	7989	False	0.4171	1	4.0	223.0	139.0	6.0	508.0	5.0	63.0	9.0	395.0	48.0	71.0	7.0	72.0	6.0	1.0	3.0	27.0	11.0		5.0	2.0	7.0		22.0	1.0	2.0	4.0	403.0		3.0	3.0	198.0	4.0	1.0	5.0	16.0	18.0		20.0	84.0	41.0	7.0	9.0	15.0	47.0	2.0	1.0	5.0	4.0	4.0	7.0	5.0	68.0	6.0	6.0	4.0	29.0	3.0		2.0	2.0
NC_085931.1	-2::NC_085931.1:178-9130(-)	8952	False	0.5162	1		10.0																																			1097.0									20.0	1.0	273.0				362.0	89.0		6.0		3.0	1115.0	8.0		
NC_085931.1	3::NC_085931.1:179-9143(+)	8964	False	0.5161	1	1101.0			18.0	5.0		1.0			2.0	89.0		1.0					5.0			374.0	1.0		2.0	1097.0				8.0			273.0		11.0																											
NC_085931.1	1::NC_085931.1:20088333-20097567(+)	9234	False	0.403	0	39.0	8.0	7.0	15.0	45.0	2.0	6.0	27.0	23.0	379.0	17.0	145.0	113.0	54.0	445.0	80.0	40.0	364.0	5.0		10.0	17.0	13.0	382.0	10.0	40.0	3.0	10.0	10.0	37.0	32.0	16.0	1.0	12.0	2.0	32.0	25.0	5.0	386.0	14.0	20.0	33.0	23.0	15.0	11.0	3.0	3.0	66.0	6.0	3.0		2.0	2.0	2.0	1.0	7.0	7.0			2.0	1.0
NC_072396.2	1::NC_072396.2:1583184-1593345(+)	10161	False	0.4356	1	2.0		4.0	38.0		215.0	1.0	1.0	1.0			215.0	12.0	2.0				117.0		1.0		1.0		433.0	208.0	205.0		5.0		3.0	347.0	215.0	2.0	264.0	2.0		1.0		2.0	3.0	5.0		3.0	205.0	216.0	2.0	10.0		420.0						215.0	8.0	1.0		1.0	1.0	
NC_072396.2	-2::NC_072396.2:1583194-1593295(-)	10101	False	0.4356	1					216.0			206.0				213.0					215.0		4.0			216.0		10.0		10.0	1.0	1.0								3.0	1.0		3.0	422.0	348.0	3.0	3.0				209.0			3.0	4.0		124.0		2.0	432.0	420.0	38.0			260.0
NC_072396.2	1::NC_072396.2:47869482-47877507(+)	8025	False	0.4746	0	103.0	2.0	1.0	102.0		1.0		102.0			102.0	1.0	105.0		1.0	103.0	1.0		102.0	101.0	102.0				2.0		3.0	102.0	1.0	101.0	8.0	103.0	295.0		199.0	1.0	1.0		103.0	1.0			1.0	101.0		3.0	103.0	102.0	10.0			1.0	90.0		14.0		202.0	103.0		94.0	2.0
NC_072396.2	2::NC_072396.2:105532876-105540388(+)	7512	False	0.5469	1	55.0	36.0	13.0	25.0	15.0	15.0	98.0	11.0	64.0	59.0	8.0	5.0	33.0	24.0	13.0	22.0	11.0	16.0	1.0	42.0	41.0	69.0	49.0	14.0	24.0	5.0	110.0	11.0	3.0	21.0	87.0	9.0	33.0	3.0	214.0	57.0	11.0	2.0	41.0	20.0	11.0	31.0	7.0	18.0	45.0	67.0	35.0	52.0	64.0	56.0	69.0	53.0	67.0	56.0	138.0	68.0	11.0	167.0	6.0	91.0	2.0
