clade	species	codon	amino_acid	rscu
NC_060945.1	3::NC_060945.1:41607428-41614955(+)	TTT	F	2.0
NC_060945.1	3::NC_060945.1:41607428-41614955(+)	TTC	F	0.0
NC_060945.1	3::NC_060945.1:41607428-41614955(+)	TTA	L	0.0
NC_060945.1	3::NC_060945.1:41607428-41614955(+)	TTG	L	1.0909
NC_060945.1	3::NC_060945.1:41607428-41614955(+)	CTT	L	0.0
NC_060945.1	3::NC_060945.1:41607428-41614955(+)	CTC	L	0.5455
NC_060945.1	3::NC_060945.1:41607428-41614955(+)	CTA	L	0.0
NC_060945.1	3::NC_060945.1:41607428-41614955(+)	CTG	L	4.3636
NC_060945.1	3::NC_060945.1:41607428-41614955(+)	ATT	I	1.5
NC_060945.1	3::NC_060945.1:41607428-41614955(+)	ATC	I	1.5
NC_060945.1	3::NC_060945.1:41607428-41614955(+)	ATA	I	0.0
NC_060945.1	3::NC_060945.1:41607428-41614955(+)	ATG	M	1.0
NC_060945.1	3::NC_060945.1:41607428-41614955(+)	GTT	V	0.0072
NC_060945.1	3::NC_060945.1:41607428-41614955(+)	GTC	V	0.0036
NC_060945.1	3::NC_060945.1:41607428-41614955(+)	GTA	V	0.3303
NC_060945.1	3::NC_060945.1:41607428-41614955(+)	GTG	V	3.6589
NC_060945.1	3::NC_060945.1:41607428-41614955(+)	TCT	S	0.1026
NC_060945.1	3::NC_060945.1:41607428-41614955(+)	TCC	S	0.0
NC_060945.1	3::NC_060945.1:41607428-41614955(+)	TCA	S	0.0513
NC_060945.1	3::NC_060945.1:41607428-41614955(+)	TCG	S	0.0
NC_060945.1	3::NC_060945.1:41607428-41614955(+)	AGT	S	5.7949
NC_060945.1	3::NC_060945.1:41607428-41614955(+)	AGC	S	0.0513
NC_060945.1	3::NC_060945.1:41607428-41614955(+)	CCT	P	0.0
NC_060945.1	3::NC_060945.1:41607428-41614955(+)	CCC	P	4.0
NC_060945.1	3::NC_060945.1:41607428-41614955(+)	CCA	P	0.0
NC_060945.1	3::NC_060945.1:41607428-41614955(+)	CCG	P	0.0
NC_060945.1	3::NC_060945.1:41607428-41614955(+)	ACT	T	4.0
NC_060945.1	3::NC_060945.1:41607428-41614955(+)	ACC	T	0.0
NC_060945.1	3::NC_060945.1:41607428-41614955(+)	ACA	T	0.0
NC_060945.1	3::NC_060945.1:41607428-41614955(+)	ACG	T	0.0
NC_060945.1	3::NC_060945.1:41607428-41614955(+)	GCT	A	1.7778
NC_060945.1	3::NC_060945.1:41607428-41614955(+)	GCC	A	0.0
NC_060945.1	3::NC_060945.1:41607428-41614955(+)	GCA	A	0.4444
NC_060945.1	3::NC_060945.1:41607428-41614955(+)	GCG	A	1.7778
NC_060945.1	3::NC_060945.1:41607428-41614955(+)	TAT	Y	0.0
NC_060945.1	3::NC_060945.1:41607428-41614955(+)	TAC	Y	0.0
NC_060945.1	3::NC_060945.1:41607428-41614955(+)	CAT	H	1.5
NC_060945.1	3::NC_060945.1:41607428-41614955(+)	CAC	H	0.5
NC_060945.1	3::NC_060945.1:41607428-41614955(+)	CAA	Q	0.0
NC_060945.1	3::NC_060945.1:41607428-41614955(+)	CAG	Q	0.0
NC_060945.1	3::NC_060945.1:41607428-41614955(+)	AAT	N	1.25
NC_060945.1	3::NC_060945.1:41607428-41614955(+)	AAC	N	0.75
NC_060945.1	3::NC_060945.1:41607428-41614955(+)	AAA	K	0.084
NC_060945.1	3::NC_060945.1:41607428-41614955(+)	AAG	K	1.916
NC_060945.1	3::NC_060945.1:41607428-41614955(+)	GAT	D	1.9636
NC_060945.1	3::NC_060945.1:41607428-41614955(+)	GAC	D	0.0364
NC_060945.1	3::NC_060945.1:41607428-41614955(+)	GAA	E	1.8769
NC_060945.1	3::NC_060945.1:41607428-41614955(+)	GAG	E	0.1231
NC_060945.1	3::NC_060945.1:41607428-41614955(+)	TGT	C	1.5556
NC_060945.1	3::NC_060945.1:41607428-41614955(+)	TGC	C	0.4444
NC_060945.1	3::NC_060945.1:41607428-41614955(+)	TGG	W	1.0
NC_060945.1	3::NC_060945.1:41607428-41614955(+)	CGT	R	0.75
NC_060945.1	3::NC_060945.1:41607428-41614955(+)	CGC	R	0.0
NC_060945.1	3::NC_060945.1:41607428-41614955(+)	CGA	R	0.0
NC_060945.1	3::NC_060945.1:41607428-41614955(+)	CGG	R	0.0
NC_060945.1	3::NC_060945.1:41607428-41614955(+)	AGA	R	0.0
NC_060945.1	3::NC_060945.1:41607428-41614955(+)	AGG	R	5.25
NC_060945.1	3::NC_060945.1:41607428-41614955(+)	GGT	G	2.8152
NC_060945.1	3::NC_060945.1:41607428-41614955(+)	GGC	G	0.0262
NC_060945.1	3::NC_060945.1:41607428-41614955(+)	GGA	G	0.6134
NC_060945.1	3::NC_060945.1:41607428-41614955(+)	GGG	G	0.5452
NC_060945.1	-2::NC_060945.1:41607447-41617941(-)	TTT	F	0.2162
NC_060945.1	-2::NC_060945.1:41607447-41617941(-)	TTC	F	1.7838
NC_060945.1	-2::NC_060945.1:41607447-41617941(-)	TTA	L	0.0
NC_060945.1	-2::NC_060945.1:41607447-41617941(-)	TTG	L	0.0655
NC_060945.1	-2::NC_060945.1:41607447-41617941(-)	CTT	L	1.2873
NC_060945.1	-2::NC_060945.1:41607447-41617941(-)	CTC	L	2.64
NC_060945.1	-2::NC_060945.1:41607447-41617941(-)	CTA	L	1.9855
NC_060945.1	-2::NC_060945.1:41607447-41617941(-)	CTG	L	0.0218
NC_060945.1	-2::NC_060945.1:41607447-41617941(-)	ATT	I	0.0
NC_060945.1	-2::NC_060945.1:41607447-41617941(-)	ATC	I	2.9754
NC_060945.1	-2::NC_060945.1:41607447-41617941(-)	ATA	I	0.0246
NC_060945.1	-2::NC_060945.1:41607447-41617941(-)	ATG	M	0.0
NC_060945.1	-2::NC_060945.1:41607447-41617941(-)	GTT	V	0.6667
NC_060945.1	-2::NC_060945.1:41607447-41617941(-)	GTC	V	2.6667
NC_060945.1	-2::NC_060945.1:41607447-41617941(-)	GTA	V	0.0
NC_060945.1	-2::NC_060945.1:41607447-41617941(-)	GTG	V	0.6667
NC_060945.1	-2::NC_060945.1:41607447-41617941(-)	TCT	S	0.051
NC_060945.1	-2::NC_060945.1:41607447-41617941(-)	TCC	S	1.6147
NC_060945.1	-2::NC_060945.1:41607447-41617941(-)	TCA	S	4.0963
NC_060945.1	-2::NC_060945.1:41607447-41617941(-)	TCG	S	0.068
NC_060945.1	-2::NC_060945.1:41607447-41617941(-)	AGT	S	0.051
NC_060945.1	-2::NC_060945.1:41607447-41617941(-)	AGC	S	0.119
NC_060945.1	-2::NC_060945.1:41607447-41617941(-)	CCT	P	0.4269
NC_060945.1	-2::NC_060945.1:41607447-41617941(-)	CCC	P	0.3305
NC_060945.1	-2::NC_060945.1:41607447-41617941(-)	CCA	P	3.2392
NC_060945.1	-2::NC_060945.1:41607447-41617941(-)	CCG	P	0.0034
NC_060945.1	-2::NC_060945.1:41607447-41617941(-)	ACT	T	0.7326
NC_060945.1	-2::NC_060945.1:41607447-41617941(-)	ACC	T	3.1965
NC_060945.1	-2::NC_060945.1:41607447-41617941(-)	ACA	T	0.0591
NC_060945.1	-2::NC_060945.1:41607447-41617941(-)	ACG	T	0.0118
NC_060945.1	-2::NC_060945.1:41607447-41617941(-)	GCT	A	0.6
NC_060945.1	-2::NC_060945.1:41607447-41617941(-)	GCC	A	1.6
NC_060945.1	-2::NC_060945.1:41607447-41617941(-)	GCA	A	1.8
NC_060945.1	-2::NC_060945.1:41607447-41617941(-)	GCG	A	0.0
NC_060945.1	-2::NC_060945.1:41607447-41617941(-)	TAT	Y	0.2222
NC_060945.1	-2::NC_060945.1:41607447-41617941(-)	TAC	Y	1.7778
NC_060945.1	-2::NC_060945.1:41607447-41617941(-)	CAT	H	0.3034
NC_060945.1	-2::NC_060945.1:41607447-41617941(-)	CAC	H	1.6966
NC_060945.1	-2::NC_060945.1:41607447-41617941(-)	CAA	Q	0.5
NC_060945.1	-2::NC_060945.1:41607447-41617941(-)	CAG	Q	1.5
NC_060945.1	-2::NC_060945.1:41607447-41617941(-)	AAT	N	0.5
NC_060945.1	-2::NC_060945.1:41607447-41617941(-)	AAC	N	1.5
NC_060945.1	-2::NC_060945.1:41607447-41617941(-)	AAA	K	2.0
NC_060945.1	-2::NC_060945.1:41607447-41617941(-)	AAG	K	0.0
NC_060945.1	-2::NC_060945.1:41607447-41617941(-)	GAT	D	1.0
NC_060945.1	-2::NC_060945.1:41607447-41617941(-)	GAC	D	1.0
NC_060945.1	-2::NC_060945.1:41607447-41617941(-)	GAA	E	2.0
NC_060945.1	-2::NC_060945.1:41607447-41617941(-)	GAG	E	0.0
NC_060945.1	-2::NC_060945.1:41607447-41617941(-)	TGT	C	1.0
NC_060945.1	-2::NC_060945.1:41607447-41617941(-)	TGC	C	1.0
NC_060945.1	-2::NC_060945.1:41607447-41617941(-)	TGG	W	0.0
NC_060945.1	-2::NC_060945.1:41607447-41617941(-)	CGT	R	0.0
NC_060945.1	-2::NC_060945.1:41607447-41617941(-)	CGC	R	3.0
NC_060945.1	-2::NC_060945.1:41607447-41617941(-)	CGA	R	2.0
NC_060945.1	-2::NC_060945.1:41607447-41617941(-)	CGG	R	0.0
NC_060945.1	-2::NC_060945.1:41607447-41617941(-)	AGA	R	0.0
NC_060945.1	-2::NC_060945.1:41607447-41617941(-)	AGG	R	1.0
NC_060945.1	-2::NC_060945.1:41607447-41617941(-)	GGT	G	4.0
NC_060945.1	-2::NC_060945.1:41607447-41617941(-)	GGC	G	0.0
NC_060945.1	-2::NC_060945.1:41607447-41617941(-)	GGA	G	0.0
NC_060945.1	-2::NC_060945.1:41607447-41617941(-)	GGG	G	0.0
NC_060945.1	-3::NC_060945.1:41607470-41617934(-)	TTT	F	0.1212
NC_060945.1	-3::NC_060945.1:41607470-41617934(-)	TTC	F	1.8788
NC_060945.1	-3::NC_060945.1:41607470-41617934(-)	TTA	L	0.0
NC_060945.1	-3::NC_060945.1:41607470-41617934(-)	TTG	L	0.0236
NC_060945.1	-3::NC_060945.1:41607470-41617934(-)	CTT	L	2.6693
NC_060945.1	-3::NC_060945.1:41607470-41617934(-)	CTC	L	1.6535
NC_060945.1	-3::NC_060945.1:41607470-41617934(-)	CTA	L	1.4646
NC_060945.1	-3::NC_060945.1:41607470-41617934(-)	CTG	L	0.189
NC_060945.1	-3::NC_060945.1:41607470-41617934(-)	ATT	I	0.1293
NC_060945.1	-3::NC_060945.1:41607470-41617934(-)	ATC	I	2.819
NC_060945.1	-3::NC_060945.1:41607470-41617934(-)	ATA	I	0.0517
NC_060945.1	-3::NC_060945.1:41607470-41617934(-)	ATG	M	1.0
NC_060945.1	-3::NC_060945.1:41607470-41617934(-)	GTT	V	1.7143
NC_060945.1	-3::NC_060945.1:41607470-41617934(-)	GTC	V	1.1429
NC_060945.1	-3::NC_060945.1:41607470-41617934(-)	GTA	V	0.5714
NC_060945.1	-3::NC_060945.1:41607470-41617934(-)	GTG	V	0.5714
NC_060945.1	-3::NC_060945.1:41607470-41617934(-)	TCT	S	0.0
NC_060945.1	-3::NC_060945.1:41607470-41617934(-)	TCC	S	2.6962
NC_060945.1	-3::NC_060945.1:41607470-41617934(-)	TCA	S	3.1709
NC_060945.1	-3::NC_060945.1:41607470-41617934(-)	TCG	S	0.057
NC_060945.1	-3::NC_060945.1:41607470-41617934(-)	AGT	S	0.0
NC_060945.1	-3::NC_060945.1:41607470-41617934(-)	AGC	S	0.0759
NC_060945.1	-3::NC_060945.1:41607470-41617934(-)	CCT	P	0.4005
NC_060945.1	-3::NC_060945.1:41607470-41617934(-)	CCC	P	0.5737
NC_060945.1	-3::NC_060945.1:41607470-41617934(-)	CCA	P	3.0203
NC_060945.1	-3::NC_060945.1:41607470-41617934(-)	CCG	P	0.0054
NC_060945.1	-3::NC_060945.1:41607470-41617934(-)	ACT	T	0.6797
NC_060945.1	-3::NC_060945.1:41607470-41617934(-)	ACC	T	3.2421
NC_060945.1	-3::NC_060945.1:41607470-41617934(-)	ACA	T	0.0722
NC_060945.1	-3::NC_060945.1:41607470-41617934(-)	ACG	T	0.006
NC_060945.1	-3::NC_060945.1:41607470-41617934(-)	GCT	A	0.2857
NC_060945.1	-3::NC_060945.1:41607470-41617934(-)	GCC	A	1.4286
NC_060945.1	-3::NC_060945.1:41607470-41617934(-)	GCA	A	2.2857
NC_060945.1	-3::NC_060945.1:41607470-41617934(-)	GCG	A	0.0
NC_060945.1	-3::NC_060945.1:41607470-41617934(-)	TAT	Y	0.0
NC_060945.1	-3::NC_060945.1:41607470-41617934(-)	TAC	Y	2.0
NC_060945.1	-3::NC_060945.1:41607470-41617934(-)	CAT	H	0.2773
NC_060945.1	-3::NC_060945.1:41607470-41617934(-)	CAC	H	1.7227
NC_060945.1	-3::NC_060945.1:41607470-41617934(-)	CAA	Q	1.0
NC_060945.1	-3::NC_060945.1:41607470-41617934(-)	CAG	Q	1.0
NC_060945.1	-3::NC_060945.1:41607470-41617934(-)	AAT	N	0.6667
NC_060945.1	-3::NC_060945.1:41607470-41617934(-)	AAC	N	1.3333
NC_060945.1	-3::NC_060945.1:41607470-41617934(-)	AAA	K	2.0
NC_060945.1	-3::NC_060945.1:41607470-41617934(-)	AAG	K	0.0
NC_060945.1	-3::NC_060945.1:41607470-41617934(-)	GAT	D	1.0
NC_060945.1	-3::NC_060945.1:41607470-41617934(-)	GAC	D	1.0
NC_060945.1	-3::NC_060945.1:41607470-41617934(-)	GAA	E	0.0
NC_060945.1	-3::NC_060945.1:41607470-41617934(-)	GAG	E	0.0
NC_060945.1	-3::NC_060945.1:41607470-41617934(-)	TGT	C	0.0
NC_060945.1	-3::NC_060945.1:41607470-41617934(-)	TGC	C	2.0
NC_060945.1	-3::NC_060945.1:41607470-41617934(-)	TGG	W	1.0
NC_060945.1	-3::NC_060945.1:41607470-41617934(-)	CGT	R	0.0
NC_060945.1	-3::NC_060945.1:41607470-41617934(-)	CGC	R	3.0
NC_060945.1	-3::NC_060945.1:41607470-41617934(-)	CGA	R	2.25
NC_060945.1	-3::NC_060945.1:41607470-41617934(-)	CGG	R	0.0
NC_060945.1	-3::NC_060945.1:41607470-41617934(-)	AGA	R	0.75
NC_060945.1	-3::NC_060945.1:41607470-41617934(-)	AGG	R	0.0
NC_060945.1	-3::NC_060945.1:41607470-41617934(-)	GGT	G	0.0
NC_060945.1	-3::NC_060945.1:41607470-41617934(-)	GGC	G	0.0
NC_060945.1	-3::NC_060945.1:41607470-41617934(-)	GGA	G	0.0
NC_060945.1	-3::NC_060945.1:41607470-41617934(-)	GGG	G	0.0
NC_060945.1	-1::NC_060945.1:41607535-41617975(-)	TTT	F	0.0492
NC_060945.1	-1::NC_060945.1:41607535-41617975(-)	TTC	F	1.9508
NC_060945.1	-1::NC_060945.1:41607535-41617975(-)	TTA	L	0.0635
NC_060945.1	-1::NC_060945.1:41607535-41617975(-)	TTG	L	0.0635
NC_060945.1	-1::NC_060945.1:41607535-41617975(-)	CTT	L	2.254
NC_060945.1	-1::NC_060945.1:41607535-41617975(-)	CTC	L	1.9048
NC_060945.1	-1::NC_060945.1:41607535-41617975(-)	CTA	L	1.5556
NC_060945.1	-1::NC_060945.1:41607535-41617975(-)	CTG	L	0.1587
NC_060945.1	-1::NC_060945.1:41607535-41617975(-)	ATT	I	0.0364
NC_060945.1	-1::NC_060945.1:41607535-41617975(-)	ATC	I	2.9636
NC_060945.1	-1::NC_060945.1:41607535-41617975(-)	ATA	I	0.0
NC_060945.1	-1::NC_060945.1:41607535-41617975(-)	ATG	M	0.0
NC_060945.1	-1::NC_060945.1:41607535-41617975(-)	GTT	V	0.0
NC_060945.1	-1::NC_060945.1:41607535-41617975(-)	GTC	V	0.0
NC_060945.1	-1::NC_060945.1:41607535-41617975(-)	GTA	V	0.0
NC_060945.1	-1::NC_060945.1:41607535-41617975(-)	GTG	V	4.0
NC_060945.1	-1::NC_060945.1:41607535-41617975(-)	TCT	S	0.0236
NC_060945.1	-1::NC_060945.1:41607535-41617975(-)	TCC	S	2.0079
NC_060945.1	-1::NC_060945.1:41607535-41617975(-)	TCA	S	3.685
NC_060945.1	-1::NC_060945.1:41607535-41617975(-)	TCG	S	0.0236
NC_060945.1	-1::NC_060945.1:41607535-41617975(-)	AGT	S	0.0472
NC_060945.1	-1::NC_060945.1:41607535-41617975(-)	AGC	S	0.2126
NC_060945.1	-1::NC_060945.1:41607535-41617975(-)	CCT	P	0.3696
NC_060945.1	-1::NC_060945.1:41607535-41617975(-)	CCC	P	0.8101
NC_060945.1	-1::NC_060945.1:41607535-41617975(-)	CCA	P	2.8101
NC_060945.1	-1::NC_060945.1:41607535-41617975(-)	CCG	P	0.0101
NC_060945.1	-1::NC_060945.1:41607535-41617975(-)	ACT	T	0.708
NC_060945.1	-1::NC_060945.1:41607535-41617975(-)	ACC	T	3.274
NC_060945.1	-1::NC_060945.1:41607535-41617975(-)	ACA	T	0.0108
NC_060945.1	-1::NC_060945.1:41607535-41617975(-)	ACG	T	0.0072
NC_060945.1	-1::NC_060945.1:41607535-41617975(-)	GCT	A	0.3636
NC_060945.1	-1::NC_060945.1:41607535-41617975(-)	GCC	A	1.8182
NC_060945.1	-1::NC_060945.1:41607535-41617975(-)	GCA	A	1.8182
NC_060945.1	-1::NC_060945.1:41607535-41617975(-)	GCG	A	0.0
NC_060945.1	-1::NC_060945.1:41607535-41617975(-)	TAT	Y	0.1231
NC_060945.1	-1::NC_060945.1:41607535-41617975(-)	TAC	Y	1.8769
NC_060945.1	-1::NC_060945.1:41607535-41617975(-)	CAT	H	0.3162
NC_060945.1	-1::NC_060945.1:41607535-41617975(-)	CAC	H	1.6838
NC_060945.1	-1::NC_060945.1:41607535-41617975(-)	CAA	Q	1.0
NC_060945.1	-1::NC_060945.1:41607535-41617975(-)	CAG	Q	1.0
NC_060945.1	-1::NC_060945.1:41607535-41617975(-)	AAT	N	0.0
NC_060945.1	-1::NC_060945.1:41607535-41617975(-)	AAC	N	2.0
NC_060945.1	-1::NC_060945.1:41607535-41617975(-)	AAA	K	2.0
NC_060945.1	-1::NC_060945.1:41607535-41617975(-)	AAG	K	0.0
NC_060945.1	-1::NC_060945.1:41607535-41617975(-)	GAT	D	1.3333
NC_060945.1	-1::NC_060945.1:41607535-41617975(-)	GAC	D	0.6667
NC_060945.1	-1::NC_060945.1:41607535-41617975(-)	GAA	E	2.0
NC_060945.1	-1::NC_060945.1:41607535-41617975(-)	GAG	E	0.0
NC_060945.1	-1::NC_060945.1:41607535-41617975(-)	TGT	C	1.0
NC_060945.1	-1::NC_060945.1:41607535-41617975(-)	TGC	C	1.0
NC_060945.1	-1::NC_060945.1:41607535-41617975(-)	TGG	W	0.0
NC_060945.1	-1::NC_060945.1:41607535-41617975(-)	CGT	R	0.0
NC_060945.1	-1::NC_060945.1:41607535-41617975(-)	CGC	R	4.8
NC_060945.1	-1::NC_060945.1:41607535-41617975(-)	CGA	R	1.2
NC_060945.1	-1::NC_060945.1:41607535-41617975(-)	CGG	R	0.0
NC_060945.1	-1::NC_060945.1:41607535-41617975(-)	AGA	R	0.0
NC_060945.1	-1::NC_060945.1:41607535-41617975(-)	AGG	R	0.0
NC_060945.1	-1::NC_060945.1:41607535-41617975(-)	GGT	G	0.0
NC_060945.1	-1::NC_060945.1:41607535-41617975(-)	GGC	G	2.0
NC_060945.1	-1::NC_060945.1:41607535-41617975(-)	GGA	G	0.0
NC_060945.1	-1::NC_060945.1:41607535-41617975(-)	GGG	G	2.0
NC_060945.1	2::NC_060945.1:41610271-41617888(+)	TTT	F	2.0
NC_060945.1	2::NC_060945.1:41610271-41617888(+)	TTC	F	0.0
NC_060945.1	2::NC_060945.1:41610271-41617888(+)	TTA	L	0.0
NC_060945.1	2::NC_060945.1:41610271-41617888(+)	TTG	L	2.3077
NC_060945.1	2::NC_060945.1:41610271-41617888(+)	CTT	L	0.0
NC_060945.1	2::NC_060945.1:41610271-41617888(+)	CTC	L	0.0
NC_060945.1	2::NC_060945.1:41610271-41617888(+)	CTA	L	0.0
NC_060945.1	2::NC_060945.1:41610271-41617888(+)	CTG	L	3.6923
NC_060945.1	2::NC_060945.1:41610271-41617888(+)	ATT	I	0.0
NC_060945.1	2::NC_060945.1:41610271-41617888(+)	ATC	I	0.6
NC_060945.1	2::NC_060945.1:41610271-41617888(+)	ATA	I	2.4
NC_060945.1	2::NC_060945.1:41610271-41617888(+)	ATG	M	1.0
NC_060945.1	2::NC_060945.1:41610271-41617888(+)	GTT	V	0.0415
NC_060945.1	2::NC_060945.1:41610271-41617888(+)	GTC	V	0.0059
NC_060945.1	2::NC_060945.1:41610271-41617888(+)	GTA	V	0.3615
NC_060945.1	2::NC_060945.1:41610271-41617888(+)	GTG	V	3.5911
NC_060945.1	2::NC_060945.1:41610271-41617888(+)	TCT	S	0.0
NC_060945.1	2::NC_060945.1:41610271-41617888(+)	TCC	S	0.0
NC_060945.1	2::NC_060945.1:41610271-41617888(+)	TCA	S	0.0
NC_060945.1	2::NC_060945.1:41610271-41617888(+)	TCG	S	0.0
NC_060945.1	2::NC_060945.1:41610271-41617888(+)	AGT	S	6.0
NC_060945.1	2::NC_060945.1:41610271-41617888(+)	AGC	S	0.0
NC_060945.1	2::NC_060945.1:41610271-41617888(+)	CCT	P	0.0
NC_060945.1	2::NC_060945.1:41610271-41617888(+)	CCC	P	0.0
NC_060945.1	2::NC_060945.1:41610271-41617888(+)	CCA	P	0.0
NC_060945.1	2::NC_060945.1:41610271-41617888(+)	CCG	P	0.0
NC_060945.1	2::NC_060945.1:41610271-41617888(+)	ACT	T	0.0
NC_060945.1	2::NC_060945.1:41610271-41617888(+)	ACC	T	0.0
NC_060945.1	2::NC_060945.1:41610271-41617888(+)	ACA	T	4.0
NC_060945.1	2::NC_060945.1:41610271-41617888(+)	ACG	T	0.0
NC_060945.1	2::NC_060945.1:41610271-41617888(+)	GCT	A	2.1333
NC_060945.1	2::NC_060945.1:41610271-41617888(+)	GCC	A	0.0
NC_060945.1	2::NC_060945.1:41610271-41617888(+)	GCA	A	0.8
NC_060945.1	2::NC_060945.1:41610271-41617888(+)	GCG	A	1.0667
NC_060945.1	2::NC_060945.1:41610271-41617888(+)	TAT	Y	0.0
NC_060945.1	2::NC_060945.1:41610271-41617888(+)	TAC	Y	0.0
NC_060945.1	2::NC_060945.1:41610271-41617888(+)	CAT	H	0.0
NC_060945.1	2::NC_060945.1:41610271-41617888(+)	CAC	H	0.0
NC_060945.1	2::NC_060945.1:41610271-41617888(+)	CAA	Q	0.0
NC_060945.1	2::NC_060945.1:41610271-41617888(+)	CAG	Q	0.0
NC_060945.1	2::NC_060945.1:41610271-41617888(+)	AAT	N	2.0
NC_060945.1	2::NC_060945.1:41610271-41617888(+)	AAC	N	0.0
NC_060945.1	2::NC_060945.1:41610271-41617888(+)	AAA	K	0.0
NC_060945.1	2::NC_060945.1:41610271-41617888(+)	AAG	K	2.0
NC_060945.1	2::NC_060945.1:41610271-41617888(+)	GAT	D	2.0
NC_060945.1	2::NC_060945.1:41610271-41617888(+)	GAC	D	0.0
NC_060945.1	2::NC_060945.1:41610271-41617888(+)	GAA	E	1.9831
NC_060945.1	2::NC_060945.1:41610271-41617888(+)	GAG	E	0.0169
NC_060945.1	2::NC_060945.1:41610271-41617888(+)	TGT	C	2.0
NC_060945.1	2::NC_060945.1:41610271-41617888(+)	TGC	C	0.0
NC_060945.1	2::NC_060945.1:41610271-41617888(+)	TGG	W	1.0
NC_060945.1	2::NC_060945.1:41610271-41617888(+)	CGT	R	0.5714
NC_060945.1	2::NC_060945.1:41610271-41617888(+)	CGC	R	0.0
NC_060945.1	2::NC_060945.1:41610271-41617888(+)	CGA	R	0.0
NC_060945.1	2::NC_060945.1:41610271-41617888(+)	CGG	R	0.0
NC_060945.1	2::NC_060945.1:41610271-41617888(+)	AGA	R	0.0
NC_060945.1	2::NC_060945.1:41610271-41617888(+)	AGG	R	5.4286
NC_060945.1	2::NC_060945.1:41610271-41617888(+)	GGT	G	3.2021
NC_060945.1	2::NC_060945.1:41610271-41617888(+)	GGC	G	0.0176
NC_060945.1	2::NC_060945.1:41610271-41617888(+)	GGA	G	0.2285
NC_060945.1	2::NC_060945.1:41610271-41617888(+)	GGG	G	0.5518
NC_060931.1	-1::NC_060931.1:1295463-1304679(-)	TTT	F	0.0
NC_060931.1	-1::NC_060931.1:1295463-1304679(-)	TTC	F	2.0
NC_060931.1	-1::NC_060931.1:1295463-1304679(-)	TTA	L	0.0
NC_060931.1	-1::NC_060931.1:1295463-1304679(-)	TTG	L	0.0217
NC_060931.1	-1::NC_060931.1:1295463-1304679(-)	CTT	L	1.8628
NC_060931.1	-1::NC_060931.1:1295463-1304679(-)	CTC	L	2.1877
NC_060931.1	-1::NC_060931.1:1295463-1304679(-)	CTA	L	0.0
NC_060931.1	-1::NC_060931.1:1295463-1304679(-)	CTG	L	1.9278
NC_060931.1	-1::NC_060931.1:1295463-1304679(-)	ATT	I	0.0625
NC_060931.1	-1::NC_060931.1:1295463-1304679(-)	ATC	I	2.9375
NC_060931.1	-1::NC_060931.1:1295463-1304679(-)	ATA	I	0.0
NC_060931.1	-1::NC_060931.1:1295463-1304679(-)	ATG	M	1.0
NC_060931.1	-1::NC_060931.1:1295463-1304679(-)	GTT	V	0.1778
NC_060931.1	-1::NC_060931.1:1295463-1304679(-)	GTC	V	1.7778
NC_060931.1	-1::NC_060931.1:1295463-1304679(-)	GTA	V	0.0444
NC_060931.1	-1::NC_060931.1:1295463-1304679(-)	GTG	V	2.0
NC_060931.1	-1::NC_060931.1:1295463-1304679(-)	TCT	S	0.2039
NC_060931.1	-1::NC_060931.1:1295463-1304679(-)	TCC	S	2.4029
NC_060931.1	-1::NC_060931.1:1295463-1304679(-)	TCA	S	2.3447
NC_060931.1	-1::NC_060931.1:1295463-1304679(-)	TCG	S	0.0146
NC_060931.1	-1::NC_060931.1:1295463-1304679(-)	AGT	S	0.0291
NC_060931.1	-1::NC_060931.1:1295463-1304679(-)	AGC	S	1.0049
NC_060931.1	-1::NC_060931.1:1295463-1304679(-)	CCT	P	0.8652
NC_060931.1	-1::NC_060931.1:1295463-1304679(-)	CCC	P	2.6742
NC_060931.1	-1::NC_060931.1:1295463-1304679(-)	CCA	P	0.3558
NC_060931.1	-1::NC_060931.1:1295463-1304679(-)	CCG	P	0.1049
NC_060931.1	-1::NC_060931.1:1295463-1304679(-)	ACT	T	0.0435
NC_060931.1	-1::NC_060931.1:1295463-1304679(-)	ACC	T	1.913
NC_060931.1	-1::NC_060931.1:1295463-1304679(-)	ACA	T	2.0217
NC_060931.1	-1::NC_060931.1:1295463-1304679(-)	ACG	T	0.0217
NC_060931.1	-1::NC_060931.1:1295463-1304679(-)	GCT	A	0.5547
NC_060931.1	-1::NC_060931.1:1295463-1304679(-)	GCC	A	3.4161
NC_060931.1	-1::NC_060931.1:1295463-1304679(-)	GCA	A	0.0292
NC_060931.1	-1::NC_060931.1:1295463-1304679(-)	GCG	A	0.0
NC_060931.1	-1::NC_060931.1:1295463-1304679(-)	TAT	Y	0.0
NC_060931.1	-1::NC_060931.1:1295463-1304679(-)	TAC	Y	0.0
NC_060931.1	-1::NC_060931.1:1295463-1304679(-)	CAT	H	0.68
NC_060931.1	-1::NC_060931.1:1295463-1304679(-)	CAC	H	1.32
NC_060931.1	-1::NC_060931.1:1295463-1304679(-)	CAA	Q	0.069
NC_060931.1	-1::NC_060931.1:1295463-1304679(-)	CAG	Q	1.931
NC_060931.1	-1::NC_060931.1:1295463-1304679(-)	AAT	N	2.0
NC_060931.1	-1::NC_060931.1:1295463-1304679(-)	AAC	N	0.0
NC_060931.1	-1::NC_060931.1:1295463-1304679(-)	AAA	K	0.0
NC_060931.1	-1::NC_060931.1:1295463-1304679(-)	AAG	K	2.0
NC_060931.1	-1::NC_060931.1:1295463-1304679(-)	GAT	D	1.0
NC_060931.1	-1::NC_060931.1:1295463-1304679(-)	GAC	D	1.0
NC_060931.1	-1::NC_060931.1:1295463-1304679(-)	GAA	E	0.0
NC_060931.1	-1::NC_060931.1:1295463-1304679(-)	GAG	E	2.0
NC_060931.1	-1::NC_060931.1:1295463-1304679(-)	TGT	C	1.9153
NC_060931.1	-1::NC_060931.1:1295463-1304679(-)	TGC	C	0.0847
NC_060931.1	-1::NC_060931.1:1295463-1304679(-)	TGG	W	1.0
NC_060931.1	-1::NC_060931.1:1295463-1304679(-)	CGT	R	0.0
NC_060931.1	-1::NC_060931.1:1295463-1304679(-)	CGC	R	3.7647
NC_060931.1	-1::NC_060931.1:1295463-1304679(-)	CGA	R	0.0
NC_060931.1	-1::NC_060931.1:1295463-1304679(-)	CGG	R	0.0
NC_060931.1	-1::NC_060931.1:1295463-1304679(-)	AGA	R	0.2353
NC_060931.1	-1::NC_060931.1:1295463-1304679(-)	AGG	R	2.0
NC_060931.1	-1::NC_060931.1:1295463-1304679(-)	GGT	G	0.1905
NC_060931.1	-1::NC_060931.1:1295463-1304679(-)	GGC	G	3.0476
NC_060931.1	-1::NC_060931.1:1295463-1304679(-)	GGA	G	0.5714
NC_060931.1	-1::NC_060931.1:1295463-1304679(-)	GGG	G	0.1905
NC_060931.1	-3::NC_060931.1:1295698-1304692(-)	TTT	F	0.0227
NC_060931.1	-3::NC_060931.1:1295698-1304692(-)	TTC	F	1.9773
NC_060931.1	-3::NC_060931.1:1295698-1304692(-)	TTA	L	0.0
NC_060931.1	-3::NC_060931.1:1295698-1304692(-)	TTG	L	0.0
NC_060931.1	-3::NC_060931.1:1295698-1304692(-)	CTT	L	1.8635
NC_060931.1	-3::NC_060931.1:1295698-1304692(-)	CTC	L	2.1502
NC_060931.1	-3::NC_060931.1:1295698-1304692(-)	CTA	L	0.0
NC_060931.1	-3::NC_060931.1:1295698-1304692(-)	CTG	L	1.9863
NC_060931.1	-3::NC_060931.1:1295698-1304692(-)	ATT	I	0.0
NC_060931.1	-3::NC_060931.1:1295698-1304692(-)	ATC	I	3.0
NC_060931.1	-3::NC_060931.1:1295698-1304692(-)	ATA	I	0.0
NC_060931.1	-3::NC_060931.1:1295698-1304692(-)	ATG	M	0.0
NC_060931.1	-3::NC_060931.1:1295698-1304692(-)	GTT	V	0.2945
NC_060931.1	-3::NC_060931.1:1295698-1304692(-)	GTC	V	1.5951
NC_060931.1	-3::NC_060931.1:1295698-1304692(-)	GTA	V	0.0
NC_060931.1	-3::NC_060931.1:1295698-1304692(-)	GTG	V	2.1104
NC_060931.1	-3::NC_060931.1:1295698-1304692(-)	TCT	S	0.1831
NC_060931.1	-3::NC_060931.1:1295698-1304692(-)	TCC	S	2.338
NC_060931.1	-3::NC_060931.1:1295698-1304692(-)	TCA	S	2.3944
NC_060931.1	-3::NC_060931.1:1295698-1304692(-)	TCG	S	0.0
NC_060931.1	-3::NC_060931.1:1295698-1304692(-)	AGT	S	0.0
NC_060931.1	-3::NC_060931.1:1295698-1304692(-)	AGC	S	1.0845
NC_060931.1	-3::NC_060931.1:1295698-1304692(-)	CCT	P	0.9141
NC_060931.1	-3::NC_060931.1:1295698-1304692(-)	CCC	P	2.6629
NC_060931.1	-3::NC_060931.1:1295698-1304692(-)	CCA	P	0.3022
NC_060931.1	-3::NC_060931.1:1295698-1304692(-)	CCG	P	0.1209
NC_060931.1	-3::NC_060931.1:1295698-1304692(-)	ACT	T	0.0
NC_060931.1	-3::NC_060931.1:1295698-1304692(-)	ACC	T	2.1503
NC_060931.1	-3::NC_060931.1:1295698-1304692(-)	ACA	T	1.8266
NC_060931.1	-3::NC_060931.1:1295698-1304692(-)	ACG	T	0.0231
NC_060931.1	-3::NC_060931.1:1295698-1304692(-)	GCT	A	0.6018
NC_060931.1	-3::NC_060931.1:1295698-1304692(-)	GCC	A	3.3982
NC_060931.1	-3::NC_060931.1:1295698-1304692(-)	GCA	A	0.0
NC_060931.1	-3::NC_060931.1:1295698-1304692(-)	GCG	A	0.0
NC_060931.1	-3::NC_060931.1:1295698-1304692(-)	TAT	Y	0.0
NC_060931.1	-3::NC_060931.1:1295698-1304692(-)	TAC	Y	0.0
NC_060931.1	-3::NC_060931.1:1295698-1304692(-)	CAT	H	0.6889
NC_060931.1	-3::NC_060931.1:1295698-1304692(-)	CAC	H	1.3111
NC_060931.1	-3::NC_060931.1:1295698-1304692(-)	CAA	Q	0.0
NC_060931.1	-3::NC_060931.1:1295698-1304692(-)	CAG	Q	2.0
NC_060931.1	-3::NC_060931.1:1295698-1304692(-)	AAT	N	0.0
NC_060931.1	-3::NC_060931.1:1295698-1304692(-)	AAC	N	2.0
NC_060931.1	-3::NC_060931.1:1295698-1304692(-)	AAA	K	2.0
NC_060931.1	-3::NC_060931.1:1295698-1304692(-)	AAG	K	0.0
NC_060931.1	-3::NC_060931.1:1295698-1304692(-)	GAT	D	0.0
NC_060931.1	-3::NC_060931.1:1295698-1304692(-)	GAC	D	0.0
NC_060931.1	-3::NC_060931.1:1295698-1304692(-)	GAA	E	2.0
NC_060931.1	-3::NC_060931.1:1295698-1304692(-)	GAG	E	0.0
NC_060931.1	-3::NC_060931.1:1295698-1304692(-)	TGT	C	1.887
NC_060931.1	-3::NC_060931.1:1295698-1304692(-)	TGC	C	0.113
NC_060931.1	-3::NC_060931.1:1295698-1304692(-)	TGG	W	1.0
NC_060931.1	-3::NC_060931.1:1295698-1304692(-)	CGT	R	0.1304
NC_060931.1	-3::NC_060931.1:1295698-1304692(-)	CGC	R	3.913
NC_060931.1	-3::NC_060931.1:1295698-1304692(-)	CGA	R	0.0
NC_060931.1	-3::NC_060931.1:1295698-1304692(-)	CGG	R	0.0
NC_060931.1	-3::NC_060931.1:1295698-1304692(-)	AGA	R	0.0
NC_060931.1	-3::NC_060931.1:1295698-1304692(-)	AGG	R	1.9565
NC_060931.1	-3::NC_060931.1:1295698-1304692(-)	GGT	G	0.2105
NC_060931.1	-3::NC_060931.1:1295698-1304692(-)	GGC	G	3.3684
NC_060931.1	-3::NC_060931.1:1295698-1304692(-)	GGA	G	0.4211
NC_060931.1	-3::NC_060931.1:1295698-1304692(-)	GGG	G	0.0
NC_060931.1	-2::NC_060931.1:1295714-1304672(-)	TTT	F	0.0
NC_060931.1	-2::NC_060931.1:1295714-1304672(-)	TTC	F	2.0
NC_060931.1	-2::NC_060931.1:1295714-1304672(-)	TTA	L	0.0
NC_060931.1	-2::NC_060931.1:1295714-1304672(-)	TTG	L	0.0
NC_060931.1	-2::NC_060931.1:1295714-1304672(-)	CTT	L	1.875
NC_060931.1	-2::NC_060931.1:1295714-1304672(-)	CTC	L	2.1328
NC_060931.1	-2::NC_060931.1:1295714-1304672(-)	CTA	L	0.0
NC_060931.1	-2::NC_060931.1:1295714-1304672(-)	CTG	L	1.9922
NC_060931.1	-2::NC_060931.1:1295714-1304672(-)	ATT	I	0.0349
NC_060931.1	-2::NC_060931.1:1295714-1304672(-)	ATC	I	2.9651
NC_060931.1	-2::NC_060931.1:1295714-1304672(-)	ATA	I	0.0
NC_060931.1	-2::NC_060931.1:1295714-1304672(-)	ATG	M	0.0
NC_060931.1	-2::NC_060931.1:1295714-1304672(-)	GTT	V	0.1387
NC_060931.1	-2::NC_060931.1:1295714-1304672(-)	GTC	V	1.7803
NC_060931.1	-2::NC_060931.1:1295714-1304672(-)	GTA	V	0.0
NC_060931.1	-2::NC_060931.1:1295714-1304672(-)	GTG	V	2.0809
NC_060931.1	-2::NC_060931.1:1295714-1304672(-)	TCT	S	0.1918
NC_060931.1	-2::NC_060931.1:1295714-1304672(-)	TCC	S	2.4384
NC_060931.1	-2::NC_060931.1:1295714-1304672(-)	TCA	S	2.4932
NC_060931.1	-2::NC_060931.1:1295714-1304672(-)	TCG	S	0.0
NC_060931.1	-2::NC_060931.1:1295714-1304672(-)	AGT	S	0.0
NC_060931.1	-2::NC_060931.1:1295714-1304672(-)	AGC	S	0.8767
NC_060931.1	-2::NC_060931.1:1295714-1304672(-)	CCT	P	0.9805
NC_060931.1	-2::NC_060931.1:1295714-1304672(-)	CCC	P	2.585
NC_060931.1	-2::NC_060931.1:1295714-1304672(-)	CCA	P	0.3231
NC_060931.1	-2::NC_060931.1:1295714-1304672(-)	CCG	P	0.1114
NC_060931.1	-2::NC_060931.1:1295714-1304672(-)	ACT	T	0.0
NC_060931.1	-2::NC_060931.1:1295714-1304672(-)	ACC	T	1.9268
NC_060931.1	-2::NC_060931.1:1295714-1304672(-)	ACA	T	2.0732
NC_060931.1	-2::NC_060931.1:1295714-1304672(-)	ACG	T	0.0
NC_060931.1	-2::NC_060931.1:1295714-1304672(-)	GCT	A	0.4878
NC_060931.1	-2::NC_060931.1:1295714-1304672(-)	GCC	A	3.4472
NC_060931.1	-2::NC_060931.1:1295714-1304672(-)	GCA	A	0.0325
NC_060931.1	-2::NC_060931.1:1295714-1304672(-)	GCG	A	0.0325
NC_060931.1	-2::NC_060931.1:1295714-1304672(-)	TAT	Y	0.0
NC_060931.1	-2::NC_060931.1:1295714-1304672(-)	TAC	Y	0.0
NC_060931.1	-2::NC_060931.1:1295714-1304672(-)	CAT	H	0.6349
NC_060931.1	-2::NC_060931.1:1295714-1304672(-)	CAC	H	1.3651
NC_060931.1	-2::NC_060931.1:1295714-1304672(-)	CAA	Q	0.0
NC_060931.1	-2::NC_060931.1:1295714-1304672(-)	CAG	Q	2.0
NC_060931.1	-2::NC_060931.1:1295714-1304672(-)	AAT	N	0.0
NC_060931.1	-2::NC_060931.1:1295714-1304672(-)	AAC	N	0.0
NC_060931.1	-2::NC_060931.1:1295714-1304672(-)	AAA	K	0.0
NC_060931.1	-2::NC_060931.1:1295714-1304672(-)	AAG	K	0.0
NC_060931.1	-2::NC_060931.1:1295714-1304672(-)	GAT	D	0.0
NC_060931.1	-2::NC_060931.1:1295714-1304672(-)	GAC	D	0.0
NC_060931.1	-2::NC_060931.1:1295714-1304672(-)	GAA	E	0.0
NC_060931.1	-2::NC_060931.1:1295714-1304672(-)	GAG	E	0.0
NC_060931.1	-2::NC_060931.1:1295714-1304672(-)	TGT	C	1.9518
NC_060931.1	-2::NC_060931.1:1295714-1304672(-)	TGC	C	0.0482
NC_060931.1	-2::NC_060931.1:1295714-1304672(-)	TGG	W	0.0
NC_060931.1	-2::NC_060931.1:1295714-1304672(-)	CGT	R	0.0
NC_060931.1	-2::NC_060931.1:1295714-1304672(-)	CGC	R	3.6522
NC_060931.1	-2::NC_060931.1:1295714-1304672(-)	CGA	R	0.0
NC_060931.1	-2::NC_060931.1:1295714-1304672(-)	CGG	R	0.0
NC_060931.1	-2::NC_060931.1:1295714-1304672(-)	AGA	R	0.0
NC_060931.1	-2::NC_060931.1:1295714-1304672(-)	AGG	R	2.3478
NC_060931.1	-2::NC_060931.1:1295714-1304672(-)	GGT	G	0.0
NC_060931.1	-2::NC_060931.1:1295714-1304672(-)	GGC	G	3.7778
NC_060931.1	-2::NC_060931.1:1295714-1304672(-)	GGA	G	0.0
NC_060931.1	-2::NC_060931.1:1295714-1304672(-)	GGG	G	0.2222
NC_060931.1	3::NC_060931.1:159805334-159822644(+)	TTT	F	1.0
NC_060931.1	3::NC_060931.1:159805334-159822644(+)	TTC	F	1.0
NC_060931.1	3::NC_060931.1:159805334-159822644(+)	TTA	L	2.4
NC_060931.1	3::NC_060931.1:159805334-159822644(+)	TTG	L	0.0
NC_060931.1	3::NC_060931.1:159805334-159822644(+)	CTT	L	0.3429
NC_060931.1	3::NC_060931.1:159805334-159822644(+)	CTC	L	0.0
NC_060931.1	3::NC_060931.1:159805334-159822644(+)	CTA	L	0.0
NC_060931.1	3::NC_060931.1:159805334-159822644(+)	CTG	L	3.2571
NC_060931.1	3::NC_060931.1:159805334-159822644(+)	ATT	I	0.0
NC_060931.1	3::NC_060931.1:159805334-159822644(+)	ATC	I	0.0
NC_060931.1	3::NC_060931.1:159805334-159822644(+)	ATA	I	0.0
NC_060931.1	3::NC_060931.1:159805334-159822644(+)	ATG	M	1.0
NC_060931.1	3::NC_060931.1:159805334-159822644(+)	GTT	V	0.6494
NC_060931.1	3::NC_060931.1:159805334-159822644(+)	GTC	V	0.0
NC_060931.1	3::NC_060931.1:159805334-159822644(+)	GTA	V	0.1299
NC_060931.1	3::NC_060931.1:159805334-159822644(+)	GTG	V	3.2208
NC_060931.1	3::NC_060931.1:159805334-159822644(+)	TCT	S	0.0156
NC_060931.1	3::NC_060931.1:159805334-159822644(+)	TCC	S	0.0156
NC_060931.1	3::NC_060931.1:159805334-159822644(+)	TCA	S	0.0156
NC_060931.1	3::NC_060931.1:159805334-159822644(+)	TCG	S	0.0
NC_060931.1	3::NC_060931.1:159805334-159822644(+)	AGT	S	5.9531
NC_060931.1	3::NC_060931.1:159805334-159822644(+)	AGC	S	0.0
NC_060931.1	3::NC_060931.1:159805334-159822644(+)	CCT	P	2.0
NC_060931.1	3::NC_060931.1:159805334-159822644(+)	CCC	P	2.0
NC_060931.1	3::NC_060931.1:159805334-159822644(+)	CCA	P	0.0
NC_060931.1	3::NC_060931.1:159805334-159822644(+)	CCG	P	0.0
NC_060931.1	3::NC_060931.1:159805334-159822644(+)	ACT	T	0.0
NC_060931.1	3::NC_060931.1:159805334-159822644(+)	ACC	T	0.0
NC_060931.1	3::NC_060931.1:159805334-159822644(+)	ACA	T	2.0
NC_060931.1	3::NC_060931.1:159805334-159822644(+)	ACG	T	2.0
NC_060931.1	3::NC_060931.1:159805334-159822644(+)	GCT	A	3.0769
NC_060931.1	3::NC_060931.1:159805334-159822644(+)	GCC	A	0.0
NC_060931.1	3::NC_060931.1:159805334-159822644(+)	GCA	A	0.9231
NC_060931.1	3::NC_060931.1:159805334-159822644(+)	GCG	A	0.0
NC_060931.1	3::NC_060931.1:159805334-159822644(+)	TAT	Y	1.9773
NC_060931.1	3::NC_060931.1:159805334-159822644(+)	TAC	Y	0.0227
NC_060931.1	3::NC_060931.1:159805334-159822644(+)	CAT	H	1.5
NC_060931.1	3::NC_060931.1:159805334-159822644(+)	CAC	H	0.5
NC_060931.1	3::NC_060931.1:159805334-159822644(+)	CAA	Q	0.0
NC_060931.1	3::NC_060931.1:159805334-159822644(+)	CAG	Q	2.0
NC_060931.1	3::NC_060931.1:159805334-159822644(+)	AAT	N	0.0
NC_060931.1	3::NC_060931.1:159805334-159822644(+)	AAC	N	0.0
NC_060931.1	3::NC_060931.1:159805334-159822644(+)	AAA	K	0.5
NC_060931.1	3::NC_060931.1:159805334-159822644(+)	AAG	K	1.5
NC_060931.1	3::NC_060931.1:159805334-159822644(+)	GAT	D	1.9853
NC_060931.1	3::NC_060931.1:159805334-159822644(+)	GAC	D	0.0147
NC_060931.1	3::NC_060931.1:159805334-159822644(+)	GAA	E	0.303
NC_060931.1	3::NC_060931.1:159805334-159822644(+)	GAG	E	1.697
NC_060931.1	3::NC_060931.1:159805334-159822644(+)	TGT	C	1.7778
NC_060931.1	3::NC_060931.1:159805334-159822644(+)	TGC	C	0.2222
NC_060931.1	3::NC_060931.1:159805334-159822644(+)	TGG	W	1.0
NC_060931.1	3::NC_060931.1:159805334-159822644(+)	CGT	R	0.0
NC_060931.1	3::NC_060931.1:159805334-159822644(+)	CGC	R	0.0
NC_060931.1	3::NC_060931.1:159805334-159822644(+)	CGA	R	0.0
NC_060931.1	3::NC_060931.1:159805334-159822644(+)	CGG	R	0.0163
NC_060931.1	3::NC_060931.1:159805334-159822644(+)	AGA	R	5.9837
NC_060931.1	3::NC_060931.1:159805334-159822644(+)	AGG	R	0.0
NC_060931.1	3::NC_060931.1:159805334-159822644(+)	GGT	G	3.5922
NC_060931.1	3::NC_060931.1:159805334-159822644(+)	GGC	G	0.0032
NC_060931.1	3::NC_060931.1:159805334-159822644(+)	GGA	G	0.3983
NC_060931.1	3::NC_060931.1:159805334-159822644(+)	GGG	G	0.0063
NC_060931.1	1::NC_060931.1:159806178-159822525(+)	TTT	F	0.0
NC_060931.1	1::NC_060931.1:159806178-159822525(+)	TTC	F	0.0
NC_060931.1	1::NC_060931.1:159806178-159822525(+)	TTA	L	1.125
NC_060931.1	1::NC_060931.1:159806178-159822525(+)	TTG	L	2.25
NC_060931.1	1::NC_060931.1:159806178-159822525(+)	CTT	L	0.0
NC_060931.1	1::NC_060931.1:159806178-159822525(+)	CTC	L	0.0
NC_060931.1	1::NC_060931.1:159806178-159822525(+)	CTA	L	0.0
NC_060931.1	1::NC_060931.1:159806178-159822525(+)	CTG	L	2.625
NC_060931.1	1::NC_060931.1:159806178-159822525(+)	ATT	I	0.0
NC_060931.1	1::NC_060931.1:159806178-159822525(+)	ATC	I	0.0
NC_060931.1	1::NC_060931.1:159806178-159822525(+)	ATA	I	0.0
NC_060931.1	1::NC_060931.1:159806178-159822525(+)	ATG	M	1.0
NC_060931.1	1::NC_060931.1:159806178-159822525(+)	GTT	V	0.3859
NC_060931.1	1::NC_060931.1:159806178-159822525(+)	GTC	V	0.0
NC_060931.1	1::NC_060931.1:159806178-159822525(+)	GTA	V	0.7856
NC_060931.1	1::NC_060931.1:159806178-159822525(+)	GTG	V	2.8284
NC_060931.1	1::NC_060931.1:159806178-159822525(+)	TCT	S	0.0
NC_060931.1	1::NC_060931.1:159806178-159822525(+)	TCC	S	0.0
NC_060931.1	1::NC_060931.1:159806178-159822525(+)	TCA	S	0.0
NC_060931.1	1::NC_060931.1:159806178-159822525(+)	TCG	S	0.0
NC_060931.1	1::NC_060931.1:159806178-159822525(+)	AGT	S	3.0
NC_060931.1	1::NC_060931.1:159806178-159822525(+)	AGC	S	3.0
NC_060931.1	1::NC_060931.1:159806178-159822525(+)	CCT	P	0.0
NC_060931.1	1::NC_060931.1:159806178-159822525(+)	CCC	P	0.0
NC_060931.1	1::NC_060931.1:159806178-159822525(+)	CCA	P	0.0
NC_060931.1	1::NC_060931.1:159806178-159822525(+)	CCG	P	0.0
NC_060931.1	1::NC_060931.1:159806178-159822525(+)	ACT	T	0.0
NC_060931.1	1::NC_060931.1:159806178-159822525(+)	ACC	T	0.0
NC_060931.1	1::NC_060931.1:159806178-159822525(+)	ACA	T	0.0
NC_060931.1	1::NC_060931.1:159806178-159822525(+)	ACG	T	4.0
NC_060931.1	1::NC_060931.1:159806178-159822525(+)	GCT	A	0.0
NC_060931.1	1::NC_060931.1:159806178-159822525(+)	GCC	A	0.0
NC_060931.1	1::NC_060931.1:159806178-159822525(+)	GCA	A	0.0
NC_060931.1	1::NC_060931.1:159806178-159822525(+)	GCG	A	4.0
NC_060931.1	1::NC_060931.1:159806178-159822525(+)	TAT	Y	0.0
NC_060931.1	1::NC_060931.1:159806178-159822525(+)	TAC	Y	2.0
NC_060931.1	1::NC_060931.1:159806178-159822525(+)	CAT	H	0.0
NC_060931.1	1::NC_060931.1:159806178-159822525(+)	CAC	H	0.0
NC_060931.1	1::NC_060931.1:159806178-159822525(+)	CAA	Q	0.0
NC_060931.1	1::NC_060931.1:159806178-159822525(+)	CAG	Q	0.0
NC_060931.1	1::NC_060931.1:159806178-159822525(+)	AAT	N	0.0
NC_060931.1	1::NC_060931.1:159806178-159822525(+)	AAC	N	0.0
NC_060931.1	1::NC_060931.1:159806178-159822525(+)	AAA	K	0.0
NC_060931.1	1::NC_060931.1:159806178-159822525(+)	AAG	K	2.0
NC_060931.1	1::NC_060931.1:159806178-159822525(+)	GAT	D	0.0
NC_060931.1	1::NC_060931.1:159806178-159822525(+)	GAC	D	0.0
NC_060931.1	1::NC_060931.1:159806178-159822525(+)	GAA	E	0.0027
NC_060931.1	1::NC_060931.1:159806178-159822525(+)	GAG	E	1.9973
NC_060931.1	1::NC_060931.1:159806178-159822525(+)	TGT	C	0.0
NC_060931.1	1::NC_060931.1:159806178-159822525(+)	TGC	C	0.0
NC_060931.1	1::NC_060931.1:159806178-159822525(+)	TGG	W	1.0
NC_060931.1	1::NC_060931.1:159806178-159822525(+)	CGT	R	0.0
NC_060931.1	1::NC_060931.1:159806178-159822525(+)	CGC	R	0.0
NC_060931.1	1::NC_060931.1:159806178-159822525(+)	CGA	R	0.0
NC_060931.1	1::NC_060931.1:159806178-159822525(+)	CGG	R	0.0
NC_060931.1	1::NC_060931.1:159806178-159822525(+)	AGA	R	0.0
NC_060931.1	1::NC_060931.1:159806178-159822525(+)	AGG	R	0.0
NC_060931.1	1::NC_060931.1:159806178-159822525(+)	GGT	G	3.2
NC_060931.1	1::NC_060931.1:159806178-159822525(+)	GGC	G	0.0
NC_060931.1	1::NC_060931.1:159806178-159822525(+)	GGA	G	0.0
NC_060931.1	1::NC_060931.1:159806178-159822525(+)	GGG	G	0.8
NC_060931.1	-2::NC_060931.1:159806198-159822557(-)	TTT	F	0.8
NC_060931.1	-2::NC_060931.1:159806198-159822557(-)	TTC	F	1.2
NC_060931.1	-2::NC_060931.1:159806198-159822557(-)	TTA	L	0.0
NC_060931.1	-2::NC_060931.1:159806198-159822557(-)	TTG	L	0.0
NC_060931.1	-2::NC_060931.1:159806198-159822557(-)	CTT	L	0.0
NC_060931.1	-2::NC_060931.1:159806198-159822557(-)	CTC	L	6.0
NC_060931.1	-2::NC_060931.1:159806198-159822557(-)	CTA	L	0.0
NC_060931.1	-2::NC_060931.1:159806198-159822557(-)	CTG	L	0.0
NC_060931.1	-2::NC_060931.1:159806198-159822557(-)	ATT	I	0.0
NC_060931.1	-2::NC_060931.1:159806198-159822557(-)	ATC	I	1.819
NC_060931.1	-2::NC_060931.1:159806198-159822557(-)	ATA	I	1.181
NC_060931.1	-2::NC_060931.1:159806198-159822557(-)	ATG	M	0.0
NC_060931.1	-2::NC_060931.1:159806198-159822557(-)	GTT	V	0.0
NC_060931.1	-2::NC_060931.1:159806198-159822557(-)	GTC	V	2.0
NC_060931.1	-2::NC_060931.1:159806198-159822557(-)	GTA	V	2.0
NC_060931.1	-2::NC_060931.1:159806198-159822557(-)	GTG	V	0.0
NC_060931.1	-2::NC_060931.1:159806198-159822557(-)	TCT	S	2.936
NC_060931.1	-2::NC_060931.1:159806198-159822557(-)	TCC	S	3.008
NC_060931.1	-2::NC_060931.1:159806198-159822557(-)	TCA	S	0.0
NC_060931.1	-2::NC_060931.1:159806198-159822557(-)	TCG	S	0.0
NC_060931.1	-2::NC_060931.1:159806198-159822557(-)	AGT	S	0.0
NC_060931.1	-2::NC_060931.1:159806198-159822557(-)	AGC	S	0.056
NC_060931.1	-2::NC_060931.1:159806198-159822557(-)	CCT	P	0.0
NC_060931.1	-2::NC_060931.1:159806198-159822557(-)	CCC	P	0.0
NC_060931.1	-2::NC_060931.1:159806198-159822557(-)	CCA	P	3.0
NC_060931.1	-2::NC_060931.1:159806198-159822557(-)	CCG	P	1.0
NC_060931.1	-2::NC_060931.1:159806198-159822557(-)	ACT	T	0.3997
NC_060931.1	-2::NC_060931.1:159806198-159822557(-)	ACC	T	3.5855
NC_060931.1	-2::NC_060931.1:159806198-159822557(-)	ACA	T	0.0148
NC_060931.1	-2::NC_060931.1:159806198-159822557(-)	ACG	T	0.0
NC_060931.1	-2::NC_060931.1:159806198-159822557(-)	GCT	A	0.0
NC_060931.1	-2::NC_060931.1:159806198-159822557(-)	GCC	A	4.0
NC_060931.1	-2::NC_060931.1:159806198-159822557(-)	GCA	A	0.0
NC_060931.1	-2::NC_060931.1:159806198-159822557(-)	GCG	A	0.0
NC_060931.1	-2::NC_060931.1:159806198-159822557(-)	TAT	Y	0.0
NC_060931.1	-2::NC_060931.1:159806198-159822557(-)	TAC	Y	2.0
NC_060931.1	-2::NC_060931.1:159806198-159822557(-)	CAT	H	0.4
NC_060931.1	-2::NC_060931.1:159806198-159822557(-)	CAC	H	1.6
NC_060931.1	-2::NC_060931.1:159806198-159822557(-)	CAA	Q	0.0
NC_060931.1	-2::NC_060931.1:159806198-159822557(-)	CAG	Q	2.0
NC_060931.1	-2::NC_060931.1:159806198-159822557(-)	AAT	N	0.0
NC_060931.1	-2::NC_060931.1:159806198-159822557(-)	AAC	N	2.0
NC_060931.1	-2::NC_060931.1:159806198-159822557(-)	AAA	K	0.0
NC_060931.1	-2::NC_060931.1:159806198-159822557(-)	AAG	K	0.0
NC_060931.1	-2::NC_060931.1:159806198-159822557(-)	GAT	D	0.0
NC_060931.1	-2::NC_060931.1:159806198-159822557(-)	GAC	D	0.0
NC_060931.1	-2::NC_060931.1:159806198-159822557(-)	GAA	E	0.0
NC_060931.1	-2::NC_060931.1:159806198-159822557(-)	GAG	E	0.0
NC_060931.1	-2::NC_060931.1:159806198-159822557(-)	TGT	C	2.0
NC_060931.1	-2::NC_060931.1:159806198-159822557(-)	TGC	C	0.0
NC_060931.1	-2::NC_060931.1:159806198-159822557(-)	TGG	W	0.0
NC_060931.1	-2::NC_060931.1:159806198-159822557(-)	CGT	R	0.0
NC_060931.1	-2::NC_060931.1:159806198-159822557(-)	CGC	R	0.0
NC_060931.1	-2::NC_060931.1:159806198-159822557(-)	CGA	R	0.0
NC_060931.1	-2::NC_060931.1:159806198-159822557(-)	CGG	R	0.0
NC_060931.1	-2::NC_060931.1:159806198-159822557(-)	AGA	R	0.0
NC_060931.1	-2::NC_060931.1:159806198-159822557(-)	AGG	R	0.0
NC_060931.1	-2::NC_060931.1:159806198-159822557(-)	GGT	G	0.0
NC_060931.1	-2::NC_060931.1:159806198-159822557(-)	GGC	G	0.0
NC_060931.1	-2::NC_060931.1:159806198-159822557(-)	GGA	G	0.0
NC_060931.1	-2::NC_060931.1:159806198-159822557(-)	GGG	G	0.0
NC_060931.1	-1::NC_060931.1:159806340-159822717(-)	TTT	F	0.0
NC_060931.1	-1::NC_060931.1:159806340-159822717(-)	TTC	F	2.0
NC_060931.1	-1::NC_060931.1:159806340-159822717(-)	TTA	L	0.0081
NC_060931.1	-1::NC_060931.1:159806340-159822717(-)	TTG	L	0.0
NC_060931.1	-1::NC_060931.1:159806340-159822717(-)	CTT	L	0.0322
NC_060931.1	-1::NC_060931.1:159806340-159822717(-)	CTC	L	5.9356
NC_060931.1	-1::NC_060931.1:159806340-159822717(-)	CTA	L	0.0081
NC_060931.1	-1::NC_060931.1:159806340-159822717(-)	CTG	L	0.0161
NC_060931.1	-1::NC_060931.1:159806340-159822717(-)	ATT	I	3.0
NC_060931.1	-1::NC_060931.1:159806340-159822717(-)	ATC	I	0.0
NC_060931.1	-1::NC_060931.1:159806340-159822717(-)	ATA	I	0.0
NC_060931.1	-1::NC_060931.1:159806340-159822717(-)	ATG	M	1.0
NC_060931.1	-1::NC_060931.1:159806340-159822717(-)	GTT	V	1.3333
NC_060931.1	-1::NC_060931.1:159806340-159822717(-)	GTC	V	0.0
NC_060931.1	-1::NC_060931.1:159806340-159822717(-)	GTA	V	0.0
NC_060931.1	-1::NC_060931.1:159806340-159822717(-)	GTG	V	2.6667
NC_060931.1	-1::NC_060931.1:159806340-159822717(-)	TCT	S	0.0
NC_060931.1	-1::NC_060931.1:159806340-159822717(-)	TCC	S	0.0
NC_060931.1	-1::NC_060931.1:159806340-159822717(-)	TCA	S	2.0
NC_060931.1	-1::NC_060931.1:159806340-159822717(-)	TCG	S	0.0
NC_060931.1	-1::NC_060931.1:159806340-159822717(-)	AGT	S	2.0
NC_060931.1	-1::NC_060931.1:159806340-159822717(-)	AGC	S	2.0
NC_060931.1	-1::NC_060931.1:159806340-159822717(-)	CCT	P	1.2
NC_060931.1	-1::NC_060931.1:159806340-159822717(-)	CCC	P	0.4
NC_060931.1	-1::NC_060931.1:159806340-159822717(-)	CCA	P	2.4
NC_060931.1	-1::NC_060931.1:159806340-159822717(-)	CCG	P	0.0
NC_060931.1	-1::NC_060931.1:159806340-159822717(-)	ACT	T	0.0
NC_060931.1	-1::NC_060931.1:159806340-159822717(-)	ACC	T	0.0
NC_060931.1	-1::NC_060931.1:159806340-159822717(-)	ACA	T	4.0
NC_060931.1	-1::NC_060931.1:159806340-159822717(-)	ACG	T	0.0
NC_060931.1	-1::NC_060931.1:159806340-159822717(-)	GCT	A	1.3333
NC_060931.1	-1::NC_060931.1:159806340-159822717(-)	GCC	A	1.3333
NC_060931.1	-1::NC_060931.1:159806340-159822717(-)	GCA	A	1.3333
NC_060931.1	-1::NC_060931.1:159806340-159822717(-)	GCG	A	0.0
NC_060931.1	-1::NC_060931.1:159806340-159822717(-)	TAT	Y	0.0027
NC_060931.1	-1::NC_060931.1:159806340-159822717(-)	TAC	Y	1.9973
NC_060931.1	-1::NC_060931.1:159806340-159822717(-)	CAT	H	0.4977
NC_060931.1	-1::NC_060931.1:159806340-159822717(-)	CAC	H	1.5023
NC_060931.1	-1::NC_060931.1:159806340-159822717(-)	CAA	Q	1.0
NC_060931.1	-1::NC_060931.1:159806340-159822717(-)	CAG	Q	1.0
NC_060931.1	-1::NC_060931.1:159806340-159822717(-)	AAT	N	0.011
NC_060931.1	-1::NC_060931.1:159806340-159822717(-)	AAC	N	1.989
NC_060931.1	-1::NC_060931.1:159806340-159822717(-)	AAA	K	1.5
NC_060931.1	-1::NC_060931.1:159806340-159822717(-)	AAG	K	0.5
NC_060931.1	-1::NC_060931.1:159806340-159822717(-)	GAT	D	2.0
NC_060931.1	-1::NC_060931.1:159806340-159822717(-)	GAC	D	0.0
NC_060931.1	-1::NC_060931.1:159806340-159822717(-)	GAA	E	0.6667
NC_060931.1	-1::NC_060931.1:159806340-159822717(-)	GAG	E	1.3333
NC_060931.1	-1::NC_060931.1:159806340-159822717(-)	TGT	C	0.6667
NC_060931.1	-1::NC_060931.1:159806340-159822717(-)	TGC	C	1.3333
NC_060931.1	-1::NC_060931.1:159806340-159822717(-)	TGG	W	1.0
NC_060931.1	-1::NC_060931.1:159806340-159822717(-)	CGT	R	4.5
NC_060931.1	-1::NC_060931.1:159806340-159822717(-)	CGC	R	0.75
NC_060931.1	-1::NC_060931.1:159806340-159822717(-)	CGA	R	0.0
NC_060931.1	-1::NC_060931.1:159806340-159822717(-)	CGG	R	0.0
NC_060931.1	-1::NC_060931.1:159806340-159822717(-)	AGA	R	0.75
NC_060931.1	-1::NC_060931.1:159806340-159822717(-)	AGG	R	0.0
NC_060931.1	-1::NC_060931.1:159806340-159822717(-)	GGT	G	0.0
NC_060931.1	-1::NC_060931.1:159806340-159822717(-)	GGC	G	1.1429
NC_060931.1	-1::NC_060931.1:159806340-159822717(-)	GGA	G	1.1429
NC_060931.1	-1::NC_060931.1:159806340-159822717(-)	GGG	G	1.7143
NC_060938.1	3::NC_060938.1:99472982-99484097(+)	TTT	F	0.0
NC_060938.1	3::NC_060938.1:99472982-99484097(+)	TTC	F	0.0
NC_060938.1	3::NC_060938.1:99472982-99484097(+)	TTA	L	0.0
NC_060938.1	3::NC_060938.1:99472982-99484097(+)	TTG	L	0.0
NC_060938.1	3::NC_060938.1:99472982-99484097(+)	CTT	L	0.0
NC_060938.1	3::NC_060938.1:99472982-99484097(+)	CTC	L	0.0273
NC_060938.1	3::NC_060938.1:99472982-99484097(+)	CTA	L	0.0
NC_060938.1	3::NC_060938.1:99472982-99484097(+)	CTG	L	5.9727
NC_060938.1	3::NC_060938.1:99472982-99484097(+)	ATT	I	0.0
NC_060938.1	3::NC_060938.1:99472982-99484097(+)	ATC	I	3.0
NC_060938.1	3::NC_060938.1:99472982-99484097(+)	ATA	I	0.0
NC_060938.1	3::NC_060938.1:99472982-99484097(+)	ATG	M	0.0
NC_060938.1	3::NC_060938.1:99472982-99484097(+)	GTT	V	0.0
NC_060938.1	3::NC_060938.1:99472982-99484097(+)	GTC	V	2.6462
NC_060938.1	3::NC_060938.1:99472982-99484097(+)	GTA	V	1.3415
NC_060938.1	3::NC_060938.1:99472982-99484097(+)	GTG	V	0.0123
NC_060938.1	3::NC_060938.1:99472982-99484097(+)	TCT	S	0.0
NC_060938.1	3::NC_060938.1:99472982-99484097(+)	TCC	S	0.0
NC_060938.1	3::NC_060938.1:99472982-99484097(+)	TCA	S	2.0061
NC_060938.1	3::NC_060938.1:99472982-99484097(+)	TCG	S	0.0
NC_060938.1	3::NC_060938.1:99472982-99484097(+)	AGT	S	0.0
NC_060938.1	3::NC_060938.1:99472982-99484097(+)	AGC	S	3.9939
NC_060938.1	3::NC_060938.1:99472982-99484097(+)	CCT	P	2.6708
NC_060938.1	3::NC_060938.1:99472982-99484097(+)	CCC	P	0.0246
NC_060938.1	3::NC_060938.1:99472982-99484097(+)	CCA	P	0.0
NC_060938.1	3::NC_060938.1:99472982-99484097(+)	CCG	P	1.3046
NC_060938.1	3::NC_060938.1:99472982-99484097(+)	ACT	T	1.964
NC_060938.1	3::NC_060938.1:99472982-99484097(+)	ACC	T	1.982
NC_060938.1	3::NC_060938.1:99472982-99484097(+)	ACA	T	0.0541
NC_060938.1	3::NC_060938.1:99472982-99484097(+)	ACG	T	0.0
NC_060938.1	3::NC_060938.1:99472982-99484097(+)	GCT	A	0.0
NC_060938.1	3::NC_060938.1:99472982-99484097(+)	GCC	A	2.0
NC_060938.1	3::NC_060938.1:99472982-99484097(+)	GCA	A	0.9954
NC_060938.1	3::NC_060938.1:99472982-99484097(+)	GCG	A	1.0046
NC_060938.1	3::NC_060938.1:99472982-99484097(+)	TAT	Y	0.0
NC_060938.1	3::NC_060938.1:99472982-99484097(+)	TAC	Y	0.0
NC_060938.1	3::NC_060938.1:99472982-99484097(+)	CAT	H	0.0092
NC_060938.1	3::NC_060938.1:99472982-99484097(+)	CAC	H	1.9908
NC_060938.1	3::NC_060938.1:99472982-99484097(+)	CAA	Q	0.9954
NC_060938.1	3::NC_060938.1:99472982-99484097(+)	CAG	Q	1.0046
NC_060938.1	3::NC_060938.1:99472982-99484097(+)	AAT	N	0.0
NC_060938.1	3::NC_060938.1:99472982-99484097(+)	AAC	N	0.0
NC_060938.1	3::NC_060938.1:99472982-99484097(+)	AAA	K	0.0
NC_060938.1	3::NC_060938.1:99472982-99484097(+)	AAG	K	0.0
NC_060938.1	3::NC_060938.1:99472982-99484097(+)	GAT	D	0.0
NC_060938.1	3::NC_060938.1:99472982-99484097(+)	GAC	D	2.0
NC_060938.1	3::NC_060938.1:99472982-99484097(+)	GAA	E	0.0
NC_060938.1	3::NC_060938.1:99472982-99484097(+)	GAG	E	2.0
NC_060938.1	3::NC_060938.1:99472982-99484097(+)	TGT	C	0.0
NC_060938.1	3::NC_060938.1:99472982-99484097(+)	TGC	C	0.0
NC_060938.1	3::NC_060938.1:99472982-99484097(+)	TGG	W	1.0
NC_060938.1	3::NC_060938.1:99472982-99484097(+)	CGT	R	0.0
NC_060938.1	3::NC_060938.1:99472982-99484097(+)	CGC	R	2.9863
NC_060938.1	3::NC_060938.1:99472982-99484097(+)	CGA	R	0.0
NC_060938.1	3::NC_060938.1:99472982-99484097(+)	CGG	R	0.0
NC_060938.1	3::NC_060938.1:99472982-99484097(+)	AGA	R	3.0137
NC_060938.1	3::NC_060938.1:99472982-99484097(+)	AGG	R	0.0
NC_060938.1	3::NC_060938.1:99472982-99484097(+)	GGT	G	0.0
NC_060938.1	3::NC_060938.1:99472982-99484097(+)	GGC	G	1.0046
NC_060938.1	3::NC_060938.1:99472982-99484097(+)	GGA	G	1.0046
NC_060938.1	3::NC_060938.1:99472982-99484097(+)	GGG	G	1.9909
NC_060947.1	1::NC_060947.1:7722645-7734708(+)	TTT	F	0.0272
NC_060947.1	1::NC_060947.1:7722645-7734708(+)	TTC	F	1.9728
NC_060947.1	1::NC_060947.1:7722645-7734708(+)	TTA	L	0.0
NC_060947.1	1::NC_060947.1:7722645-7734708(+)	TTG	L	0.0075
NC_060947.1	1::NC_060947.1:7722645-7734708(+)	CTT	L	0.9196
NC_060947.1	1::NC_060947.1:7722645-7734708(+)	CTC	L	5.0503
NC_060947.1	1::NC_060947.1:7722645-7734708(+)	CTA	L	0.0075
NC_060947.1	1::NC_060947.1:7722645-7734708(+)	CTG	L	0.0151
NC_060947.1	1::NC_060947.1:7722645-7734708(+)	ATT	I	1.2
NC_060947.1	1::NC_060947.1:7722645-7734708(+)	ATC	I	1.8
NC_060947.1	1::NC_060947.1:7722645-7734708(+)	ATA	I	0.0
NC_060947.1	1::NC_060947.1:7722645-7734708(+)	ATG	M	1.0
NC_060947.1	1::NC_060947.1:7722645-7734708(+)	GTT	V	0.0
NC_060947.1	1::NC_060947.1:7722645-7734708(+)	GTC	V	2.0
NC_060947.1	1::NC_060947.1:7722645-7734708(+)	GTA	V	0.0
NC_060947.1	1::NC_060947.1:7722645-7734708(+)	GTG	V	2.0
NC_060947.1	1::NC_060947.1:7722645-7734708(+)	TCT	S	1.0351
NC_060947.1	1::NC_060947.1:7722645-7734708(+)	TCC	S	4.8387
NC_060947.1	1::NC_060947.1:7722645-7734708(+)	TCA	S	0.1178
NC_060947.1	1::NC_060947.1:7722645-7734708(+)	TCG	S	0.0
NC_060947.1	1::NC_060947.1:7722645-7734708(+)	AGT	S	0.0
NC_060947.1	1::NC_060947.1:7722645-7734708(+)	AGC	S	0.0084
NC_060947.1	1::NC_060947.1:7722645-7734708(+)	CCT	P	1.7297
NC_060947.1	1::NC_060947.1:7722645-7734708(+)	CCC	P	1.7525
NC_060947.1	1::NC_060947.1:7722645-7734708(+)	CCA	P	0.5149
NC_060947.1	1::NC_060947.1:7722645-7734708(+)	CCG	P	0.0028
NC_060947.1	1::NC_060947.1:7722645-7734708(+)	ACT	T	0.0435
NC_060947.1	1::NC_060947.1:7722645-7734708(+)	ACC	T	1.713
NC_060947.1	1::NC_060947.1:7722645-7734708(+)	ACA	T	2.2261
NC_060947.1	1::NC_060947.1:7722645-7734708(+)	ACG	T	0.0174
NC_060947.1	1::NC_060947.1:7722645-7734708(+)	GCT	A	0.0
NC_060947.1	1::NC_060947.1:7722645-7734708(+)	GCC	A	2.0
NC_060947.1	1::NC_060947.1:7722645-7734708(+)	GCA	A	2.0
NC_060947.1	1::NC_060947.1:7722645-7734708(+)	GCG	A	0.0
NC_060947.1	1::NC_060947.1:7722645-7734708(+)	TAT	Y	2.0
NC_060947.1	1::NC_060947.1:7722645-7734708(+)	TAC	Y	0.0
NC_060947.1	1::NC_060947.1:7722645-7734708(+)	CAT	H	0.0043
NC_060947.1	1::NC_060947.1:7722645-7734708(+)	CAC	H	1.9957
NC_060947.1	1::NC_060947.1:7722645-7734708(+)	CAA	Q	1.0
NC_060947.1	1::NC_060947.1:7722645-7734708(+)	CAG	Q	1.0
NC_060947.1	1::NC_060947.1:7722645-7734708(+)	AAT	N	1.3333
NC_060947.1	1::NC_060947.1:7722645-7734708(+)	AAC	N	0.6667
NC_060947.1	1::NC_060947.1:7722645-7734708(+)	AAA	K	0.0
NC_060947.1	1::NC_060947.1:7722645-7734708(+)	AAG	K	0.0
NC_060947.1	1::NC_060947.1:7722645-7734708(+)	GAT	D	0.0
NC_060947.1	1::NC_060947.1:7722645-7734708(+)	GAC	D	2.0
NC_060947.1	1::NC_060947.1:7722645-7734708(+)	GAA	E	2.0
NC_060947.1	1::NC_060947.1:7722645-7734708(+)	GAG	E	0.0
NC_060947.1	1::NC_060947.1:7722645-7734708(+)	TGT	C	2.0
NC_060947.1	1::NC_060947.1:7722645-7734708(+)	TGC	C	0.0
NC_060947.1	1::NC_060947.1:7722645-7734708(+)	TGG	W	1.0
NC_060947.1	1::NC_060947.1:7722645-7734708(+)	CGT	R	0.0
NC_060947.1	1::NC_060947.1:7722645-7734708(+)	CGC	R	1.2
NC_060947.1	1::NC_060947.1:7722645-7734708(+)	CGA	R	0.0
NC_060947.1	1::NC_060947.1:7722645-7734708(+)	CGG	R	0.0
NC_060947.1	1::NC_060947.1:7722645-7734708(+)	AGA	R	3.6
NC_060947.1	1::NC_060947.1:7722645-7734708(+)	AGG	R	1.2
NC_060947.1	1::NC_060947.1:7722645-7734708(+)	GGT	G	0.0
NC_060947.1	1::NC_060947.1:7722645-7734708(+)	GGC	G	2.0
NC_060947.1	1::NC_060947.1:7722645-7734708(+)	GGA	G	2.0
NC_060947.1	1::NC_060947.1:7722645-7734708(+)	GGG	G	0.0
NC_060947.1	2::NC_060947.1:7722679-7734679(+)	TTT	F	0.0
NC_060947.1	2::NC_060947.1:7722679-7734679(+)	TTC	F	2.0
NC_060947.1	2::NC_060947.1:7722679-7734679(+)	TTA	L	0.0246
NC_060947.1	2::NC_060947.1:7722679-7734679(+)	TTG	L	0.0
NC_060947.1	2::NC_060947.1:7722679-7734679(+)	CTT	L	0.9986
NC_060947.1	2::NC_060947.1:7722679-7734679(+)	CTC	L	4.9768
NC_060947.1	2::NC_060947.1:7722679-7734679(+)	CTA	L	0.0
NC_060947.1	2::NC_060947.1:7722679-7734679(+)	CTG	L	0.0
NC_060947.1	2::NC_060947.1:7722679-7734679(+)	ATT	I	3.0
NC_060947.1	2::NC_060947.1:7722679-7734679(+)	ATC	I	0.0
NC_060947.1	2::NC_060947.1:7722679-7734679(+)	ATA	I	0.0
NC_060947.1	2::NC_060947.1:7722679-7734679(+)	ATG	M	0.0
NC_060947.1	2::NC_060947.1:7722679-7734679(+)	GTT	V	0.0
NC_060947.1	2::NC_060947.1:7722679-7734679(+)	GTC	V	2.0
NC_060947.1	2::NC_060947.1:7722679-7734679(+)	GTA	V	0.0
NC_060947.1	2::NC_060947.1:7722679-7734679(+)	GTG	V	2.0
NC_060947.1	2::NC_060947.1:7722679-7734679(+)	TCT	S	1.0623
NC_060947.1	2::NC_060947.1:7722679-7734679(+)	TCC	S	4.8498
NC_060947.1	2::NC_060947.1:7722679-7734679(+)	TCA	S	0.0879
NC_060947.1	2::NC_060947.1:7722679-7734679(+)	TCG	S	0.0
NC_060947.1	2::NC_060947.1:7722679-7734679(+)	AGT	S	0.0
NC_060947.1	2::NC_060947.1:7722679-7734679(+)	AGC	S	0.0
NC_060947.1	2::NC_060947.1:7722679-7734679(+)	CCT	P	1.6916
NC_060947.1	2::NC_060947.1:7722679-7734679(+)	CCC	P	1.6916
NC_060947.1	2::NC_060947.1:7722679-7734679(+)	CCA	P	0.6167
NC_060947.1	2::NC_060947.1:7722679-7734679(+)	CCG	P	0.0
NC_060947.1	2::NC_060947.1:7722679-7734679(+)	ACT	T	0.0258
NC_060947.1	2::NC_060947.1:7722679-7734679(+)	ACC	T	1.9485
NC_060947.1	2::NC_060947.1:7722679-7734679(+)	ACA	T	2.0172
NC_060947.1	2::NC_060947.1:7722679-7734679(+)	ACG	T	0.0086
NC_060947.1	2::NC_060947.1:7722679-7734679(+)	GCT	A	0.0
NC_060947.1	2::NC_060947.1:7722679-7734679(+)	GCC	A	0.0
NC_060947.1	2::NC_060947.1:7722679-7734679(+)	GCA	A	4.0
NC_060947.1	2::NC_060947.1:7722679-7734679(+)	GCG	A	0.0
NC_060947.1	2::NC_060947.1:7722679-7734679(+)	TAT	Y	0.0
NC_060947.1	2::NC_060947.1:7722679-7734679(+)	TAC	Y	0.0
NC_060947.1	2::NC_060947.1:7722679-7734679(+)	CAT	H	0.0
NC_060947.1	2::NC_060947.1:7722679-7734679(+)	CAC	H	2.0
NC_060947.1	2::NC_060947.1:7722679-7734679(+)	CAA	Q	2.0
NC_060947.1	2::NC_060947.1:7722679-7734679(+)	CAG	Q	0.0
NC_060947.1	2::NC_060947.1:7722679-7734679(+)	AAT	N	0.0
NC_060947.1	2::NC_060947.1:7722679-7734679(+)	AAC	N	2.0
NC_060947.1	2::NC_060947.1:7722679-7734679(+)	AAA	K	0.0
NC_060947.1	2::NC_060947.1:7722679-7734679(+)	AAG	K	0.0
NC_060947.1	2::NC_060947.1:7722679-7734679(+)	GAT	D	0.0
NC_060947.1	2::NC_060947.1:7722679-7734679(+)	GAC	D	2.0
NC_060947.1	2::NC_060947.1:7722679-7734679(+)	GAA	E	0.6667
NC_060947.1	2::NC_060947.1:7722679-7734679(+)	GAG	E	1.3333
NC_060947.1	2::NC_060947.1:7722679-7734679(+)	TGT	C	0.0
NC_060947.1	2::NC_060947.1:7722679-7734679(+)	TGC	C	2.0
NC_060947.1	2::NC_060947.1:7722679-7734679(+)	TGG	W	1.0
NC_060947.1	2::NC_060947.1:7722679-7734679(+)	CGT	R	1.5
NC_060947.1	2::NC_060947.1:7722679-7734679(+)	CGC	R	1.5
NC_060947.1	2::NC_060947.1:7722679-7734679(+)	CGA	R	0.0
NC_060947.1	2::NC_060947.1:7722679-7734679(+)	CGG	R	1.5
NC_060947.1	2::NC_060947.1:7722679-7734679(+)	AGA	R	1.5
NC_060947.1	2::NC_060947.1:7722679-7734679(+)	AGG	R	0.0
NC_060947.1	2::NC_060947.1:7722679-7734679(+)	GGT	G	0.0
NC_060947.1	2::NC_060947.1:7722679-7734679(+)	GGC	G	0.0
NC_060947.1	2::NC_060947.1:7722679-7734679(+)	GGA	G	0.0
NC_060947.1	2::NC_060947.1:7722679-7734679(+)	GGG	G	0.0
NC_060935.1	-1::NC_060935.1:206501-214061(-)	TTT	F	0.0
NC_060935.1	-1::NC_060935.1:206501-214061(-)	TTC	F	2.0
NC_060935.1	-1::NC_060935.1:206501-214061(-)	TTA	L	0.05
NC_060935.1	-1::NC_060935.1:206501-214061(-)	TTG	L	0.0
NC_060935.1	-1::NC_060935.1:206501-214061(-)	CTT	L	0.1
NC_060935.1	-1::NC_060935.1:206501-214061(-)	CTC	L	0.2
NC_060935.1	-1::NC_060935.1:206501-214061(-)	CTA	L	5.65
NC_060935.1	-1::NC_060935.1:206501-214061(-)	CTG	L	0.0
NC_060935.1	-1::NC_060935.1:206501-214061(-)	ATT	I	0.0122
NC_060935.1	-1::NC_060935.1:206501-214061(-)	ATC	I	1.5213
NC_060935.1	-1::NC_060935.1:206501-214061(-)	ATA	I	1.4665
NC_060935.1	-1::NC_060935.1:206501-214061(-)	ATG	M	1.0
NC_060935.1	-1::NC_060935.1:206501-214061(-)	GTT	V	0.0
NC_060935.1	-1::NC_060935.1:206501-214061(-)	GTC	V	1.6355
NC_060935.1	-1::NC_060935.1:206501-214061(-)	GTA	V	2.3645
NC_060935.1	-1::NC_060935.1:206501-214061(-)	GTG	V	0.0
NC_060935.1	-1::NC_060935.1:206501-214061(-)	TCT	S	0.0
NC_060935.1	-1::NC_060935.1:206501-214061(-)	TCC	S	5.8142
NC_060935.1	-1::NC_060935.1:206501-214061(-)	TCA	S	0.1593
NC_060935.1	-1::NC_060935.1:206501-214061(-)	TCG	S	0.0
NC_060935.1	-1::NC_060935.1:206501-214061(-)	AGT	S	0.0
NC_060935.1	-1::NC_060935.1:206501-214061(-)	AGC	S	0.0265
NC_060935.1	-1::NC_060935.1:206501-214061(-)	CCT	P	1.916
NC_060935.1	-1::NC_060935.1:206501-214061(-)	CCC	P	0.1176
NC_060935.1	-1::NC_060935.1:206501-214061(-)	CCA	P	1.7983
NC_060935.1	-1::NC_060935.1:206501-214061(-)	CCG	P	0.1681
NC_060935.1	-1::NC_060935.1:206501-214061(-)	ACT	T	2.0
NC_060935.1	-1::NC_060935.1:206501-214061(-)	ACC	T	0.9712
NC_060935.1	-1::NC_060935.1:206501-214061(-)	ACA	T	1.0288
NC_060935.1	-1::NC_060935.1:206501-214061(-)	ACG	T	0.0
NC_060935.1	-1::NC_060935.1:206501-214061(-)	GCT	A	4.0
NC_060935.1	-1::NC_060935.1:206501-214061(-)	GCC	A	0.0
NC_060935.1	-1::NC_060935.1:206501-214061(-)	GCA	A	0.0
NC_060935.1	-1::NC_060935.1:206501-214061(-)	GCG	A	0.0
NC_060935.1	-1::NC_060935.1:206501-214061(-)	TAT	Y	0.0
NC_060935.1	-1::NC_060935.1:206501-214061(-)	TAC	Y	0.0
NC_060935.1	-1::NC_060935.1:206501-214061(-)	CAT	H	0.0
NC_060935.1	-1::NC_060935.1:206501-214061(-)	CAC	H	2.0
NC_060935.1	-1::NC_060935.1:206501-214061(-)	CAA	Q	0.0
NC_060935.1	-1::NC_060935.1:206501-214061(-)	CAG	Q	0.0
NC_060935.1	-1::NC_060935.1:206501-214061(-)	AAT	N	1.8496
NC_060935.1	-1::NC_060935.1:206501-214061(-)	AAC	N	0.1504
NC_060935.1	-1::NC_060935.1:206501-214061(-)	AAA	K	2.0
NC_060935.1	-1::NC_060935.1:206501-214061(-)	AAG	K	0.0
NC_060935.1	-1::NC_060935.1:206501-214061(-)	GAT	D	1.9048
NC_060935.1	-1::NC_060935.1:206501-214061(-)	GAC	D	0.0952
NC_060935.1	-1::NC_060935.1:206501-214061(-)	GAA	E	0.0
NC_060935.1	-1::NC_060935.1:206501-214061(-)	GAG	E	0.0
NC_060935.1	-1::NC_060935.1:206501-214061(-)	TGT	C	0.0
NC_060935.1	-1::NC_060935.1:206501-214061(-)	TGC	C	2.0
NC_060935.1	-1::NC_060935.1:206501-214061(-)	TGG	W	0.0
NC_060935.1	-1::NC_060935.1:206501-214061(-)	CGT	R	1.3333
NC_060935.1	-1::NC_060935.1:206501-214061(-)	CGC	R	2.6667
NC_060935.1	-1::NC_060935.1:206501-214061(-)	CGA	R	2.0
NC_060935.1	-1::NC_060935.1:206501-214061(-)	CGG	R	0.0
NC_060935.1	-1::NC_060935.1:206501-214061(-)	AGA	R	0.0
NC_060935.1	-1::NC_060935.1:206501-214061(-)	AGG	R	0.0
NC_060935.1	-1::NC_060935.1:206501-214061(-)	GGT	G	0.0
NC_060935.1	-1::NC_060935.1:206501-214061(-)	GGC	G	0.0
NC_060935.1	-1::NC_060935.1:206501-214061(-)	GGA	G	0.0
NC_060935.1	-1::NC_060935.1:206501-214061(-)	GGG	G	0.0
NC_060935.1	1::NC_060935.1:206502-214065(+)	TTT	F	2.0
NC_060935.1	1::NC_060935.1:206502-214065(+)	TTC	F	0.0
NC_060935.1	1::NC_060935.1:206502-214065(+)	TTA	L	3.0112
NC_060935.1	1::NC_060935.1:206502-214065(+)	TTG	L	2.9663
NC_060935.1	1::NC_060935.1:206502-214065(+)	CTT	L	0.0
NC_060935.1	1::NC_060935.1:206502-214065(+)	CTC	L	0.0
NC_060935.1	1::NC_060935.1:206502-214065(+)	CTA	L	0.0
NC_060935.1	1::NC_060935.1:206502-214065(+)	CTG	L	0.0225
NC_060935.1	1::NC_060935.1:206502-214065(+)	ATT	I	2.1383
NC_060935.1	1::NC_060935.1:206502-214065(+)	ATC	I	0.0
NC_060935.1	1::NC_060935.1:206502-214065(+)	ATA	I	0.8617
NC_060935.1	1::NC_060935.1:206502-214065(+)	ATG	M	1.0
NC_060935.1	1::NC_060935.1:206502-214065(+)	GTT	V	0.0494
NC_060935.1	1::NC_060935.1:206502-214065(+)	GTC	V	0.0494
NC_060935.1	1::NC_060935.1:206502-214065(+)	GTA	V	0.963
NC_060935.1	1::NC_060935.1:206502-214065(+)	GTG	V	2.9383
NC_060935.1	1::NC_060935.1:206502-214065(+)	TCT	S	0.1846
NC_060935.1	1::NC_060935.1:206502-214065(+)	TCC	S	0.0
NC_060935.1	1::NC_060935.1:206502-214065(+)	TCA	S	5.3538
NC_060935.1	1::NC_060935.1:206502-214065(+)	TCG	S	0.2769
NC_060935.1	1::NC_060935.1:206502-214065(+)	AGT	S	0.1846
NC_060935.1	1::NC_060935.1:206502-214065(+)	AGC	S	0.0
NC_060935.1	1::NC_060935.1:206502-214065(+)	CCT	P	0.0
NC_060935.1	1::NC_060935.1:206502-214065(+)	CCC	P	0.0
NC_060935.1	1::NC_060935.1:206502-214065(+)	CCA	P	0.0
NC_060935.1	1::NC_060935.1:206502-214065(+)	CCG	P	0.0
NC_060935.1	1::NC_060935.1:206502-214065(+)	ACT	T	1.5172
NC_060935.1	1::NC_060935.1:206502-214065(+)	ACC	T	0.0
NC_060935.1	1::NC_060935.1:206502-214065(+)	ACA	T	2.4828
NC_060935.1	1::NC_060935.1:206502-214065(+)	ACG	T	0.0
NC_060935.1	1::NC_060935.1:206502-214065(+)	GCT	A	0.0
NC_060935.1	1::NC_060935.1:206502-214065(+)	GCC	A	0.0
NC_060935.1	1::NC_060935.1:206502-214065(+)	GCA	A	0.0374
NC_060935.1	1::NC_060935.1:206502-214065(+)	GCG	A	3.9626
NC_060935.1	1::NC_060935.1:206502-214065(+)	TAT	Y	0.0
NC_060935.1	1::NC_060935.1:206502-214065(+)	TAC	Y	0.0
NC_060935.1	1::NC_060935.1:206502-214065(+)	CAT	H	1.8387
NC_060935.1	1::NC_060935.1:206502-214065(+)	CAC	H	0.1613
NC_060935.1	1::NC_060935.1:206502-214065(+)	CAA	Q	0.0
NC_060935.1	1::NC_060935.1:206502-214065(+)	CAG	Q	2.0
NC_060935.1	1::NC_060935.1:206502-214065(+)	AAT	N	2.0
NC_060935.1	1::NC_060935.1:206502-214065(+)	AAC	N	0.0
NC_060935.1	1::NC_060935.1:206502-214065(+)	AAA	K	2.0
NC_060935.1	1::NC_060935.1:206502-214065(+)	AAG	K	0.0
NC_060935.1	1::NC_060935.1:206502-214065(+)	GAT	D	2.0
NC_060935.1	1::NC_060935.1:206502-214065(+)	GAC	D	0.0
NC_060935.1	1::NC_060935.1:206502-214065(+)	GAA	E	2.0
NC_060935.1	1::NC_060935.1:206502-214065(+)	GAG	E	0.0
NC_060935.1	1::NC_060935.1:206502-214065(+)	TGT	C	2.0
NC_060935.1	1::NC_060935.1:206502-214065(+)	TGC	C	0.0
NC_060935.1	1::NC_060935.1:206502-214065(+)	TGG	W	1.0
NC_060935.1	1::NC_060935.1:206502-214065(+)	CGT	R	0.1452
NC_060935.1	1::NC_060935.1:206502-214065(+)	CGC	R	0.0
NC_060935.1	1::NC_060935.1:206502-214065(+)	CGA	R	0.0
NC_060935.1	1::NC_060935.1:206502-214065(+)	CGG	R	0.2903
NC_060935.1	1::NC_060935.1:206502-214065(+)	AGA	R	5.4677
NC_060935.1	1::NC_060935.1:206502-214065(+)	AGG	R	0.0968
NC_060935.1	1::NC_060935.1:206502-214065(+)	GGT	G	2.084
NC_060935.1	1::NC_060935.1:206502-214065(+)	GGC	G	0.0
NC_060935.1	1::NC_060935.1:206502-214065(+)	GGA	G	0.0
NC_060935.1	1::NC_060935.1:206502-214065(+)	GGG	G	1.916
NC_060944.1	1::NC_060944.1:1893108-1907463(+)	TTT	F	0.5
NC_060944.1	1::NC_060944.1:1893108-1907463(+)	TTC	F	1.5
NC_060944.1	1::NC_060944.1:1893108-1907463(+)	TTA	L	0.0519
NC_060944.1	1::NC_060944.1:1893108-1907463(+)	TTG	L	0.0519
NC_060944.1	1::NC_060944.1:1893108-1907463(+)	CTT	L	0.1558
NC_060944.1	1::NC_060944.1:1893108-1907463(+)	CTC	L	0.1558
NC_060944.1	1::NC_060944.1:1893108-1907463(+)	CTA	L	0.0
NC_060944.1	1::NC_060944.1:1893108-1907463(+)	CTG	L	5.5844
NC_060944.1	1::NC_060944.1:1893108-1907463(+)	ATT	I	0.0
NC_060944.1	1::NC_060944.1:1893108-1907463(+)	ATC	I	2.9854
NC_060944.1	1::NC_060944.1:1893108-1907463(+)	ATA	I	0.0146
NC_060944.1	1::NC_060944.1:1893108-1907463(+)	ATG	M	1.0
NC_060944.1	1::NC_060944.1:1893108-1907463(+)	GTT	V	0.0
NC_060944.1	1::NC_060944.1:1893108-1907463(+)	GTC	V	1.488
NC_060944.1	1::NC_060944.1:1893108-1907463(+)	GTA	V	1.0166
NC_060944.1	1::NC_060944.1:1893108-1907463(+)	GTG	V	1.4954
NC_060944.1	1::NC_060944.1:1893108-1907463(+)	TCT	S	0.0381
NC_060944.1	1::NC_060944.1:1893108-1907463(+)	TCC	S	5.8762
NC_060944.1	1::NC_060944.1:1893108-1907463(+)	TCA	S	0.0381
NC_060944.1	1::NC_060944.1:1893108-1907463(+)	TCG	S	0.0095
NC_060944.1	1::NC_060944.1:1893108-1907463(+)	AGT	S	0.0095
NC_060944.1	1::NC_060944.1:1893108-1907463(+)	AGC	S	0.0286
NC_060944.1	1::NC_060944.1:1893108-1907463(+)	CCT	P	0.4633
NC_060944.1	1::NC_060944.1:1893108-1907463(+)	CCC	P	2.5231
NC_060944.1	1::NC_060944.1:1893108-1907463(+)	CCA	P	0.7308
NC_060944.1	1::NC_060944.1:1893108-1907463(+)	CCG	P	0.2828
NC_060944.1	1::NC_060944.1:1893108-1907463(+)	ACT	T	0.1176
NC_060944.1	1::NC_060944.1:1893108-1907463(+)	ACC	T	3.6471
NC_060944.1	1::NC_060944.1:1893108-1907463(+)	ACA	T	0.2353
NC_060944.1	1::NC_060944.1:1893108-1907463(+)	ACG	T	0.0
NC_060944.1	1::NC_060944.1:1893108-1907463(+)	GCT	A	1.3333
NC_060944.1	1::NC_060944.1:1893108-1907463(+)	GCC	A	1.3333
NC_060944.1	1::NC_060944.1:1893108-1907463(+)	GCA	A	1.3333
NC_060944.1	1::NC_060944.1:1893108-1907463(+)	GCG	A	0.0
NC_060944.1	1::NC_060944.1:1893108-1907463(+)	TAT	Y	1.9853
NC_060944.1	1::NC_060944.1:1893108-1907463(+)	TAC	Y	0.0147
NC_060944.1	1::NC_060944.1:1893108-1907463(+)	CAT	H	1.6905
NC_060944.1	1::NC_060944.1:1893108-1907463(+)	CAC	H	0.3095
NC_060944.1	1::NC_060944.1:1893108-1907463(+)	CAA	Q	0.0
NC_060944.1	1::NC_060944.1:1893108-1907463(+)	CAG	Q	2.0
NC_060944.1	1::NC_060944.1:1893108-1907463(+)	AAT	N	0.5
NC_060944.1	1::NC_060944.1:1893108-1907463(+)	AAC	N	1.5
NC_060944.1	1::NC_060944.1:1893108-1907463(+)	AAA	K	0.0
NC_060944.1	1::NC_060944.1:1893108-1907463(+)	AAG	K	2.0
NC_060944.1	1::NC_060944.1:1893108-1907463(+)	GAT	D	0.0
NC_060944.1	1::NC_060944.1:1893108-1907463(+)	GAC	D	2.0
NC_060944.1	1::NC_060944.1:1893108-1907463(+)	GAA	E	0.5
NC_060944.1	1::NC_060944.1:1893108-1907463(+)	GAG	E	1.5
NC_060944.1	1::NC_060944.1:1893108-1907463(+)	TGT	C	1.9756
NC_060944.1	1::NC_060944.1:1893108-1907463(+)	TGC	C	0.0244
NC_060944.1	1::NC_060944.1:1893108-1907463(+)	TGG	W	1.0
NC_060944.1	1::NC_060944.1:1893108-1907463(+)	CGT	R	5.8676
NC_060944.1	1::NC_060944.1:1893108-1907463(+)	CGC	R	0.0
NC_060944.1	1::NC_060944.1:1893108-1907463(+)	CGA	R	0.0
NC_060944.1	1::NC_060944.1:1893108-1907463(+)	CGG	R	0.0
NC_060944.1	1::NC_060944.1:1893108-1907463(+)	AGA	R	0.0882
NC_060944.1	1::NC_060944.1:1893108-1907463(+)	AGG	R	0.0441
NC_060944.1	1::NC_060944.1:1893108-1907463(+)	GGT	G	1.1429
NC_060944.1	1::NC_060944.1:1893108-1907463(+)	GGC	G	1.7143
NC_060944.1	1::NC_060944.1:1893108-1907463(+)	GGA	G	0.0
NC_060944.1	1::NC_060944.1:1893108-1907463(+)	GGG	G	1.1429
NC_060944.1	-1::NC_060944.1:1893330-1907433(-)	TTT	F	0.0
NC_060944.1	-1::NC_060944.1:1893330-1907433(-)	TTC	F	2.0
NC_060944.1	-1::NC_060944.1:1893330-1907433(-)	TTA	L	0.0
NC_060944.1	-1::NC_060944.1:1893330-1907433(-)	TTG	L	0.0
NC_060944.1	-1::NC_060944.1:1893330-1907433(-)	CTT	L	0.0
NC_060944.1	-1::NC_060944.1:1893330-1907433(-)	CTC	L	2.0
NC_060944.1	-1::NC_060944.1:1893330-1907433(-)	CTA	L	0.0
NC_060944.1	-1::NC_060944.1:1893330-1907433(-)	CTG	L	4.0
NC_060944.1	-1::NC_060944.1:1893330-1907433(-)	ATT	I	0.0
NC_060944.1	-1::NC_060944.1:1893330-1907433(-)	ATC	I	0.0
NC_060944.1	-1::NC_060944.1:1893330-1907433(-)	ATA	I	3.0
NC_060944.1	-1::NC_060944.1:1893330-1907433(-)	ATG	M	1.0
NC_060944.1	-1::NC_060944.1:1893330-1907433(-)	GTT	V	0.0727
NC_060944.1	-1::NC_060944.1:1893330-1907433(-)	GTC	V	0.0727
NC_060944.1	-1::NC_060944.1:1893330-1907433(-)	GTA	V	0.0727
NC_060944.1	-1::NC_060944.1:1893330-1907433(-)	GTG	V	3.7818
NC_060944.1	-1::NC_060944.1:1893330-1907433(-)	TCT	S	1.5
NC_060944.1	-1::NC_060944.1:1893330-1907433(-)	TCC	S	0.0
NC_060944.1	-1::NC_060944.1:1893330-1907433(-)	TCA	S	0.0
NC_060944.1	-1::NC_060944.1:1893330-1907433(-)	TCG	S	0.0
NC_060944.1	-1::NC_060944.1:1893330-1907433(-)	AGT	S	3.0
NC_060944.1	-1::NC_060944.1:1893330-1907433(-)	AGC	S	1.5
NC_060944.1	-1::NC_060944.1:1893330-1907433(-)	CCT	P	0.0
NC_060944.1	-1::NC_060944.1:1893330-1907433(-)	CCC	P	0.0
NC_060944.1	-1::NC_060944.1:1893330-1907433(-)	CCA	P	0.0
NC_060944.1	-1::NC_060944.1:1893330-1907433(-)	CCG	P	0.0
NC_060944.1	-1::NC_060944.1:1893330-1907433(-)	ACT	T	0.0
NC_060944.1	-1::NC_060944.1:1893330-1907433(-)	ACC	T	0.0
NC_060944.1	-1::NC_060944.1:1893330-1907433(-)	ACA	T	3.0112
NC_060944.1	-1::NC_060944.1:1893330-1907433(-)	ACG	T	0.9888
NC_060944.1	-1::NC_060944.1:1893330-1907433(-)	GCT	A	1.3333
NC_060944.1	-1::NC_060944.1:1893330-1907433(-)	GCC	A	0.6667
NC_060944.1	-1::NC_060944.1:1893330-1907433(-)	GCA	A	2.0
NC_060944.1	-1::NC_060944.1:1893330-1907433(-)	GCG	A	0.0
NC_060944.1	-1::NC_060944.1:1893330-1907433(-)	TAT	Y	0.029
NC_060944.1	-1::NC_060944.1:1893330-1907433(-)	TAC	Y	1.971
NC_060944.1	-1::NC_060944.1:1893330-1907433(-)	CAT	H	0.0
NC_060944.1	-1::NC_060944.1:1893330-1907433(-)	CAC	H	2.0
NC_060944.1	-1::NC_060944.1:1893330-1907433(-)	CAA	Q	0.0094
NC_060944.1	-1::NC_060944.1:1893330-1907433(-)	CAG	Q	1.9906
NC_060944.1	-1::NC_060944.1:1893330-1907433(-)	AAT	N	0.0
NC_060944.1	-1::NC_060944.1:1893330-1907433(-)	AAC	N	0.0
NC_060944.1	-1::NC_060944.1:1893330-1907433(-)	AAA	K	0.0
NC_060944.1	-1::NC_060944.1:1893330-1907433(-)	AAG	K	2.0
NC_060944.1	-1::NC_060944.1:1893330-1907433(-)	GAT	D	1.341
NC_060944.1	-1::NC_060944.1:1893330-1907433(-)	GAC	D	0.659
NC_060944.1	-1::NC_060944.1:1893330-1907433(-)	GAA	E	1.5
NC_060944.1	-1::NC_060944.1:1893330-1907433(-)	GAG	E	0.5
NC_060944.1	-1::NC_060944.1:1893330-1907433(-)	TGT	C	1.3333
NC_060944.1	-1::NC_060944.1:1893330-1907433(-)	TGC	C	0.6667
NC_060944.1	-1::NC_060944.1:1893330-1907433(-)	TGG	W	1.0
NC_060944.1	-1::NC_060944.1:1893330-1907433(-)	CGT	R	0.0
NC_060944.1	-1::NC_060944.1:1893330-1907433(-)	CGC	R	0.0
NC_060944.1	-1::NC_060944.1:1893330-1907433(-)	CGA	R	0.0
NC_060944.1	-1::NC_060944.1:1893330-1907433(-)	CGG	R	2.2899
NC_060944.1	-1::NC_060944.1:1893330-1907433(-)	AGA	R	0.0178
NC_060944.1	-1::NC_060944.1:1893330-1907433(-)	AGG	R	3.6923
NC_060944.1	-1::NC_060944.1:1893330-1907433(-)	GGT	G	0.1333
NC_060944.1	-1::NC_060944.1:1893330-1907433(-)	GGC	G	0.0
NC_060944.1	-1::NC_060944.1:1893330-1907433(-)	GGA	G	1.3392
NC_060944.1	-1::NC_060944.1:1893330-1907433(-)	GGG	G	2.5276
NC_060944.1	2::NC_060944.1:1893379-1907482(+)	TTT	F	1.5
NC_060944.1	2::NC_060944.1:1893379-1907482(+)	TTC	F	0.5
NC_060944.1	2::NC_060944.1:1893379-1907482(+)	TTA	L	0.0
NC_060944.1	2::NC_060944.1:1893379-1907482(+)	TTG	L	0.0
NC_060944.1	2::NC_060944.1:1893379-1907482(+)	CTT	L	0.0286
NC_060944.1	2::NC_060944.1:1893379-1907482(+)	CTC	L	0.1143
NC_060944.1	2::NC_060944.1:1893379-1907482(+)	CTA	L	0.0
NC_060944.1	2::NC_060944.1:1893379-1907482(+)	CTG	L	5.8571
NC_060944.1	2::NC_060944.1:1893379-1907482(+)	ATT	I	0.0
NC_060944.1	2::NC_060944.1:1893379-1907482(+)	ATC	I	2.9928
NC_060944.1	2::NC_060944.1:1893379-1907482(+)	ATA	I	0.0072
NC_060944.1	2::NC_060944.1:1893379-1907482(+)	ATG	M	0.0
NC_060944.1	2::NC_060944.1:1893379-1907482(+)	GTT	V	0.0
NC_060944.1	2::NC_060944.1:1893379-1907482(+)	GTC	V	1.4749
NC_060944.1	2::NC_060944.1:1893379-1907482(+)	GTA	V	0.9907
NC_060944.1	2::NC_060944.1:1893379-1907482(+)	GTG	V	1.5345
NC_060944.1	2::NC_060944.1:1893379-1907482(+)	TCT	S	0.0098
NC_060944.1	2::NC_060944.1:1893379-1907482(+)	TCC	S	5.9511
NC_060944.1	2::NC_060944.1:1893379-1907482(+)	TCA	S	0.0293
NC_060944.1	2::NC_060944.1:1893379-1907482(+)	TCG	S	0.0
NC_060944.1	2::NC_060944.1:1893379-1907482(+)	AGT	S	0.0
NC_060944.1	2::NC_060944.1:1893379-1907482(+)	AGC	S	0.0098
NC_060944.1	2::NC_060944.1:1893379-1907482(+)	CCT	P	0.434
NC_060944.1	2::NC_060944.1:1893379-1907482(+)	CCC	P	2.5496
NC_060944.1	2::NC_060944.1:1893379-1907482(+)	CCA	P	0.735
NC_060944.1	2::NC_060944.1:1893379-1907482(+)	CCG	P	0.2814
NC_060944.1	2::NC_060944.1:1893379-1907482(+)	ACT	T	0.0
NC_060944.1	2::NC_060944.1:1893379-1907482(+)	ACC	T	3.7857
NC_060944.1	2::NC_060944.1:1893379-1907482(+)	ACA	T	0.1429
NC_060944.1	2::NC_060944.1:1893379-1907482(+)	ACG	T	0.0714
NC_060944.1	2::NC_060944.1:1893379-1907482(+)	GCT	A	2.0
NC_060944.1	2::NC_060944.1:1893379-1907482(+)	GCC	A	2.0
NC_060944.1	2::NC_060944.1:1893379-1907482(+)	GCA	A	0.0
NC_060944.1	2::NC_060944.1:1893379-1907482(+)	GCG	A	0.0
NC_060944.1	2::NC_060944.1:1893379-1907482(+)	TAT	Y	2.0
NC_060944.1	2::NC_060944.1:1893379-1907482(+)	TAC	Y	0.0
NC_060944.1	2::NC_060944.1:1893379-1907482(+)	CAT	H	1.6391
NC_060944.1	2::NC_060944.1:1893379-1907482(+)	CAC	H	0.3609
NC_060944.1	2::NC_060944.1:1893379-1907482(+)	CAA	Q	0.0
NC_060944.1	2::NC_060944.1:1893379-1907482(+)	CAG	Q	2.0
NC_060944.1	2::NC_060944.1:1893379-1907482(+)	AAT	N	0.0
NC_060944.1	2::NC_060944.1:1893379-1907482(+)	AAC	N	0.0
NC_060944.1	2::NC_060944.1:1893379-1907482(+)	AAA	K	2.0
NC_060944.1	2::NC_060944.1:1893379-1907482(+)	AAG	K	0.0
NC_060944.1	2::NC_060944.1:1893379-1907482(+)	GAT	D	0.0
NC_060944.1	2::NC_060944.1:1893379-1907482(+)	GAC	D	2.0
NC_060944.1	2::NC_060944.1:1893379-1907482(+)	GAA	E	0.0
NC_060944.1	2::NC_060944.1:1893379-1907482(+)	GAG	E	2.0
NC_060944.1	2::NC_060944.1:1893379-1907482(+)	TGT	C	2.0
NC_060944.1	2::NC_060944.1:1893379-1907482(+)	TGC	C	0.0
NC_060944.1	2::NC_060944.1:1893379-1907482(+)	TGG	W	1.0
NC_060944.1	2::NC_060944.1:1893379-1907482(+)	CGT	R	5.9077
NC_060944.1	2::NC_060944.1:1893379-1907482(+)	CGC	R	0.0462
NC_060944.1	2::NC_060944.1:1893379-1907482(+)	CGA	R	0.0
NC_060944.1	2::NC_060944.1:1893379-1907482(+)	CGG	R	0.0
NC_060944.1	2::NC_060944.1:1893379-1907482(+)	AGA	R	0.0462
NC_060944.1	2::NC_060944.1:1893379-1907482(+)	AGG	R	0.0
NC_060944.1	2::NC_060944.1:1893379-1907482(+)	GGT	G	0.0
NC_060944.1	2::NC_060944.1:1893379-1907482(+)	GGC	G	0.0
NC_060944.1	2::NC_060944.1:1893379-1907482(+)	GGA	G	0.0
NC_060944.1	2::NC_060944.1:1893379-1907482(+)	GGG	G	0.0
NC_060944.1	3::NC_060944.1:1893398-1907567(+)	TTT	F	2.0
NC_060944.1	3::NC_060944.1:1893398-1907567(+)	TTC	F	0.0
NC_060944.1	3::NC_060944.1:1893398-1907567(+)	TTA	L	0.0
NC_060944.1	3::NC_060944.1:1893398-1907567(+)	TTG	L	0.1165
NC_060944.1	3::NC_060944.1:1893398-1907567(+)	CTT	L	0.0583
NC_060944.1	3::NC_060944.1:1893398-1907567(+)	CTC	L	0.0583
NC_060944.1	3::NC_060944.1:1893398-1907567(+)	CTA	L	0.0291
NC_060944.1	3::NC_060944.1:1893398-1907567(+)	CTG	L	5.7379
NC_060944.1	3::NC_060944.1:1893398-1907567(+)	ATT	I	0.0072
NC_060944.1	3::NC_060944.1:1893398-1907567(+)	ATC	I	2.9928
NC_060944.1	3::NC_060944.1:1893398-1907567(+)	ATA	I	0.0
NC_060944.1	3::NC_060944.1:1893398-1907567(+)	ATG	M	1.0
NC_060944.1	3::NC_060944.1:1893398-1907567(+)	GTT	V	0.0
NC_060944.1	3::NC_060944.1:1893398-1907567(+)	GTC	V	1.4733
NC_060944.1	3::NC_060944.1:1893398-1907567(+)	GTA	V	1.0092
NC_060944.1	3::NC_060944.1:1893398-1907567(+)	GTG	V	1.5175
NC_060944.1	3::NC_060944.1:1893398-1907567(+)	TCT	S	0.0
NC_060944.1	3::NC_060944.1:1893398-1907567(+)	TCC	S	5.971
NC_060944.1	3::NC_060944.1:1893398-1907567(+)	TCA	S	0.0097
NC_060944.1	3::NC_060944.1:1893398-1907567(+)	TCG	S	0.0
NC_060944.1	3::NC_060944.1:1893398-1907567(+)	AGT	S	0.0194
NC_060944.1	3::NC_060944.1:1893398-1907567(+)	AGC	S	0.0
NC_060944.1	3::NC_060944.1:1893398-1907567(+)	CCT	P	0.4602
NC_060944.1	3::NC_060944.1:1893398-1907567(+)	CCC	P	2.5169
NC_060944.1	3::NC_060944.1:1893398-1907567(+)	CCA	P	0.7328
NC_060944.1	3::NC_060944.1:1893398-1907567(+)	CCG	P	0.2901
NC_060944.1	3::NC_060944.1:1893398-1907567(+)	ACT	T	0.129
NC_060944.1	3::NC_060944.1:1893398-1907567(+)	ACC	T	3.8065
NC_060944.1	3::NC_060944.1:1893398-1907567(+)	ACA	T	0.0645
NC_060944.1	3::NC_060944.1:1893398-1907567(+)	ACG	T	0.0
NC_060944.1	3::NC_060944.1:1893398-1907567(+)	GCT	A	3.0
NC_060944.1	3::NC_060944.1:1893398-1907567(+)	GCC	A	1.0
NC_060944.1	3::NC_060944.1:1893398-1907567(+)	GCA	A	0.0
NC_060944.1	3::NC_060944.1:1893398-1907567(+)	GCG	A	0.0
NC_060944.1	3::NC_060944.1:1893398-1907567(+)	TAT	Y	2.0
NC_060944.1	3::NC_060944.1:1893398-1907567(+)	TAC	Y	0.0
NC_060944.1	3::NC_060944.1:1893398-1907567(+)	CAT	H	1.6342
NC_060944.1	3::NC_060944.1:1893398-1907567(+)	CAC	H	0.3658
NC_060944.1	3::NC_060944.1:1893398-1907567(+)	CAA	Q	0.0
NC_060944.1	3::NC_060944.1:1893398-1907567(+)	CAG	Q	2.0
NC_060944.1	3::NC_060944.1:1893398-1907567(+)	AAT	N	1.0
NC_060944.1	3::NC_060944.1:1893398-1907567(+)	AAC	N	1.0
NC_060944.1	3::NC_060944.1:1893398-1907567(+)	AAA	K	2.0
NC_060944.1	3::NC_060944.1:1893398-1907567(+)	AAG	K	0.0
NC_060944.1	3::NC_060944.1:1893398-1907567(+)	GAT	D	0.0
NC_060944.1	3::NC_060944.1:1893398-1907567(+)	GAC	D	2.0
NC_060944.1	3::NC_060944.1:1893398-1907567(+)	GAA	E	0.0
NC_060944.1	3::NC_060944.1:1893398-1907567(+)	GAG	E	2.0
NC_060944.1	3::NC_060944.1:1893398-1907567(+)	TGT	C	1.9952
NC_060944.1	3::NC_060944.1:1893398-1907567(+)	TGC	C	0.0048
NC_060944.1	3::NC_060944.1:1893398-1907567(+)	TGG	W	0.0
NC_060944.1	3::NC_060944.1:1893398-1907567(+)	CGT	R	5.6471
NC_060944.1	3::NC_060944.1:1893398-1907567(+)	CGC	R	0.0441
NC_060944.1	3::NC_060944.1:1893398-1907567(+)	CGA	R	0.0441
NC_060944.1	3::NC_060944.1:1893398-1907567(+)	CGG	R	0.0
NC_060944.1	3::NC_060944.1:1893398-1907567(+)	AGA	R	0.0882
NC_060944.1	3::NC_060944.1:1893398-1907567(+)	AGG	R	0.1765
NC_060944.1	3::NC_060944.1:1893398-1907567(+)	GGT	G	0.0
NC_060944.1	3::NC_060944.1:1893398-1907567(+)	GGC	G	4.0
NC_060944.1	3::NC_060944.1:1893398-1907567(+)	GGA	G	0.0
NC_060944.1	3::NC_060944.1:1893398-1907567(+)	GGG	G	0.0
NC_060944.1	-2::NC_060944.1:1893422-1907585(-)	TTT	F	2.0
NC_060944.1	-2::NC_060944.1:1893422-1907585(-)	TTC	F	0.0
NC_060944.1	-2::NC_060944.1:1893422-1907585(-)	TTA	L	0.6
NC_060944.1	-2::NC_060944.1:1893422-1907585(-)	TTG	L	0.6
NC_060944.1	-2::NC_060944.1:1893422-1907585(-)	CTT	L	0.6
NC_060944.1	-2::NC_060944.1:1893422-1907585(-)	CTC	L	1.2
NC_060944.1	-2::NC_060944.1:1893422-1907585(-)	CTA	L	0.0
NC_060944.1	-2::NC_060944.1:1893422-1907585(-)	CTG	L	3.0
NC_060944.1	-2::NC_060944.1:1893422-1907585(-)	ATT	I	0.0224
NC_060944.1	-2::NC_060944.1:1893422-1907585(-)	ATC	I	0.0
NC_060944.1	-2::NC_060944.1:1893422-1907585(-)	ATA	I	2.9776
NC_060944.1	-2::NC_060944.1:1893422-1907585(-)	ATG	M	1.0
NC_060944.1	-2::NC_060944.1:1893422-1907585(-)	GTT	V	0.0625
NC_060944.1	-2::NC_060944.1:1893422-1907585(-)	GTC	V	0.0625
NC_060944.1	-2::NC_060944.1:1893422-1907585(-)	GTA	V	0.0
NC_060944.1	-2::NC_060944.1:1893422-1907585(-)	GTG	V	3.875
NC_060944.1	-2::NC_060944.1:1893422-1907585(-)	TCT	S	1.7143
NC_060944.1	-2::NC_060944.1:1893422-1907585(-)	TCC	S	0.0
NC_060944.1	-2::NC_060944.1:1893422-1907585(-)	TCA	S	0.0
NC_060944.1	-2::NC_060944.1:1893422-1907585(-)	TCG	S	0.8571
NC_060944.1	-2::NC_060944.1:1893422-1907585(-)	AGT	S	1.7143
NC_060944.1	-2::NC_060944.1:1893422-1907585(-)	AGC	S	1.7143
NC_060944.1	-2::NC_060944.1:1893422-1907585(-)	CCT	P	4.0
NC_060944.1	-2::NC_060944.1:1893422-1907585(-)	CCC	P	0.0
NC_060944.1	-2::NC_060944.1:1893422-1907585(-)	CCA	P	0.0
NC_060944.1	-2::NC_060944.1:1893422-1907585(-)	CCG	P	0.0
NC_060944.1	-2::NC_060944.1:1893422-1907585(-)	ACT	T	0.0148
NC_060944.1	-2::NC_060944.1:1893422-1907585(-)	ACC	T	0.0
NC_060944.1	-2::NC_060944.1:1893422-1907585(-)	ACA	T	3.0406
NC_060944.1	-2::NC_060944.1:1893422-1907585(-)	ACG	T	0.9446
NC_060944.1	-2::NC_060944.1:1893422-1907585(-)	GCT	A	0.0
NC_060944.1	-2::NC_060944.1:1893422-1907585(-)	GCC	A	1.6
NC_060944.1	-2::NC_060944.1:1893422-1907585(-)	GCA	A	1.6
NC_060944.1	-2::NC_060944.1:1893422-1907585(-)	GCG	A	0.8
NC_060944.1	-2::NC_060944.1:1893422-1907585(-)	TAT	Y	0.0
NC_060944.1	-2::NC_060944.1:1893422-1907585(-)	TAC	Y	2.0
NC_060944.1	-2::NC_060944.1:1893422-1907585(-)	CAT	H	0.0
NC_060944.1	-2::NC_060944.1:1893422-1907585(-)	CAC	H	2.0
NC_060944.1	-2::NC_060944.1:1893422-1907585(-)	CAA	Q	0.0398
NC_060944.1	-2::NC_060944.1:1893422-1907585(-)	CAG	Q	1.9602
NC_060944.1	-2::NC_060944.1:1893422-1907585(-)	AAT	N	2.0
NC_060944.1	-2::NC_060944.1:1893422-1907585(-)	AAC	N	0.0
NC_060944.1	-2::NC_060944.1:1893422-1907585(-)	AAA	K	1.4286
NC_060944.1	-2::NC_060944.1:1893422-1907585(-)	AAG	K	0.5714
NC_060944.1	-2::NC_060944.1:1893422-1907585(-)	GAT	D	1.3475
NC_060944.1	-2::NC_060944.1:1893422-1907585(-)	GAC	D	0.6525
NC_060944.1	-2::NC_060944.1:1893422-1907585(-)	GAA	E	0.0
NC_060944.1	-2::NC_060944.1:1893422-1907585(-)	GAG	E	2.0
NC_060944.1	-2::NC_060944.1:1893422-1907585(-)	TGT	C	1.0
NC_060944.1	-2::NC_060944.1:1893422-1907585(-)	TGC	C	1.0
NC_060944.1	-2::NC_060944.1:1893422-1907585(-)	TGG	W	1.0
NC_060944.1	-2::NC_060944.1:1893422-1907585(-)	CGT	R	0.0
NC_060944.1	-2::NC_060944.1:1893422-1907585(-)	CGC	R	0.0
NC_060944.1	-2::NC_060944.1:1893422-1907585(-)	CGA	R	0.0
NC_060944.1	-2::NC_060944.1:1893422-1907585(-)	CGG	R	2.3198
NC_060944.1	-2::NC_060944.1:1893422-1907585(-)	AGA	R	0.0
NC_060944.1	-2::NC_060944.1:1893422-1907585(-)	AGG	R	3.6802
NC_060944.1	-2::NC_060944.1:1893422-1907585(-)	GGT	G	0.129
NC_060944.1	-2::NC_060944.1:1893422-1907585(-)	GGC	G	0.0022
NC_060944.1	-2::NC_060944.1:1893422-1907585(-)	GGA	G	1.3464
NC_060944.1	-2::NC_060944.1:1893422-1907585(-)	GGG	G	2.5224
NC_060944.1	-3::NC_060944.1:1893463-1907521(-)	TTT	F	0.0
NC_060944.1	-3::NC_060944.1:1893463-1907521(-)	TTC	F	2.0
NC_060944.1	-3::NC_060944.1:1893463-1907521(-)	TTA	L	0.0
NC_060944.1	-3::NC_060944.1:1893463-1907521(-)	TTG	L	0.0
NC_060944.1	-3::NC_060944.1:1893463-1907521(-)	CTT	L	2.0
NC_060944.1	-3::NC_060944.1:1893463-1907521(-)	CTC	L	2.0
NC_060944.1	-3::NC_060944.1:1893463-1907521(-)	CTA	L	0.0
NC_060944.1	-3::NC_060944.1:1893463-1907521(-)	CTG	L	2.0
NC_060944.1	-3::NC_060944.1:1893463-1907521(-)	ATT	I	0.0
NC_060944.1	-3::NC_060944.1:1893463-1907521(-)	ATC	I	0.0
NC_060944.1	-3::NC_060944.1:1893463-1907521(-)	ATA	I	3.0
NC_060944.1	-3::NC_060944.1:1893463-1907521(-)	ATG	M	1.0
NC_060944.1	-3::NC_060944.1:1893463-1907521(-)	GTT	V	0.0
NC_060944.1	-3::NC_060944.1:1893463-1907521(-)	GTC	V	0.0656
NC_060944.1	-3::NC_060944.1:1893463-1907521(-)	GTA	V	0.0
NC_060944.1	-3::NC_060944.1:1893463-1907521(-)	GTG	V	3.9344
NC_060944.1	-3::NC_060944.1:1893463-1907521(-)	TCT	S	3.0
NC_060944.1	-3::NC_060944.1:1893463-1907521(-)	TCC	S	0.0
NC_060944.1	-3::NC_060944.1:1893463-1907521(-)	TCA	S	3.0
NC_060944.1	-3::NC_060944.1:1893463-1907521(-)	TCG	S	0.0
NC_060944.1	-3::NC_060944.1:1893463-1907521(-)	AGT	S	0.0
NC_060944.1	-3::NC_060944.1:1893463-1907521(-)	AGC	S	0.0
NC_060944.1	-3::NC_060944.1:1893463-1907521(-)	CCT	P	0.0
NC_060944.1	-3::NC_060944.1:1893463-1907521(-)	CCC	P	0.0
NC_060944.1	-3::NC_060944.1:1893463-1907521(-)	CCA	P	0.0
NC_060944.1	-3::NC_060944.1:1893463-1907521(-)	CCG	P	0.0
NC_060944.1	-3::NC_060944.1:1893463-1907521(-)	ACT	T	0.0074
NC_060944.1	-3::NC_060944.1:1893463-1907521(-)	ACC	T	0.0074
NC_060944.1	-3::NC_060944.1:1893463-1907521(-)	ACA	T	3.0424
NC_060944.1	-3::NC_060944.1:1893463-1907521(-)	ACG	T	0.9429
NC_060944.1	-3::NC_060944.1:1893463-1907521(-)	GCT	A	2.0
NC_060944.1	-3::NC_060944.1:1893463-1907521(-)	GCC	A	2.0
NC_060944.1	-3::NC_060944.1:1893463-1907521(-)	GCA	A	0.0
NC_060944.1	-3::NC_060944.1:1893463-1907521(-)	GCG	A	0.0
NC_060944.1	-3::NC_060944.1:1893463-1907521(-)	TAT	Y	0.0
NC_060944.1	-3::NC_060944.1:1893463-1907521(-)	TAC	Y	2.0
NC_060944.1	-3::NC_060944.1:1893463-1907521(-)	CAT	H	0.0
NC_060944.1	-3::NC_060944.1:1893463-1907521(-)	CAC	H	2.0
NC_060944.1	-3::NC_060944.1:1893463-1907521(-)	CAA	Q	0.0193
NC_060944.1	-3::NC_060944.1:1893463-1907521(-)	CAG	Q	1.9807
NC_060944.1	-3::NC_060944.1:1893463-1907521(-)	AAT	N	0.0
NC_060944.1	-3::NC_060944.1:1893463-1907521(-)	AAC	N	2.0
NC_060944.1	-3::NC_060944.1:1893463-1907521(-)	AAA	K	1.5
NC_060944.1	-3::NC_060944.1:1893463-1907521(-)	AAG	K	0.5
NC_060944.1	-3::NC_060944.1:1893463-1907521(-)	GAT	D	1.3593
NC_060944.1	-3::NC_060944.1:1893463-1907521(-)	GAC	D	0.6407
NC_060944.1	-3::NC_060944.1:1893463-1907521(-)	GAA	E	0.0
NC_060944.1	-3::NC_060944.1:1893463-1907521(-)	GAG	E	2.0
NC_060944.1	-3::NC_060944.1:1893463-1907521(-)	TGT	C	0.0
NC_060944.1	-3::NC_060944.1:1893463-1907521(-)	TGC	C	0.0
NC_060944.1	-3::NC_060944.1:1893463-1907521(-)	TGG	W	1.0
NC_060944.1	-3::NC_060944.1:1893463-1907521(-)	CGT	R	0.0183
NC_060944.1	-3::NC_060944.1:1893463-1907521(-)	CGC	R	0.0
NC_060944.1	-3::NC_060944.1:1893463-1907521(-)	CGA	R	0.0
NC_060944.1	-3::NC_060944.1:1893463-1907521(-)	CGG	R	2.3486
NC_060944.1	-3::NC_060944.1:1893463-1907521(-)	AGA	R	0.0183
NC_060944.1	-3::NC_060944.1:1893463-1907521(-)	AGG	R	3.6147
NC_060944.1	-3::NC_060944.1:1893463-1907521(-)	GGT	G	0.1115
NC_060944.1	-3::NC_060944.1:1893463-1907521(-)	GGC	G	0.0022
NC_060944.1	-3::NC_060944.1:1893463-1907521(-)	GGA	G	1.3297
NC_060944.1	-3::NC_060944.1:1893463-1907521(-)	GGG	G	2.5566
NC_060928.1	-1::NC_060928.1:169925786-169936622(-)	TTT	F	0.0
NC_060928.1	-1::NC_060928.1:169925786-169936622(-)	TTC	F	2.0
NC_060928.1	-1::NC_060928.1:169925786-169936622(-)	TTA	L	0.0339
NC_060928.1	-1::NC_060928.1:169925786-169936622(-)	TTG	L	0.8814
NC_060928.1	-1::NC_060928.1:169925786-169936622(-)	CTT	L	3.3559
NC_060928.1	-1::NC_060928.1:169925786-169936622(-)	CTC	L	0.0
NC_060928.1	-1::NC_060928.1:169925786-169936622(-)	CTA	L	0.8814
NC_060928.1	-1::NC_060928.1:169925786-169936622(-)	CTG	L	0.8475
NC_060928.1	-1::NC_060928.1:169925786-169936622(-)	ATT	I	0.0
NC_060928.1	-1::NC_060928.1:169925786-169936622(-)	ATC	I	0.0
NC_060928.1	-1::NC_060928.1:169925786-169936622(-)	ATA	I	3.0
NC_060928.1	-1::NC_060928.1:169925786-169936622(-)	ATG	M	1.0
NC_060928.1	-1::NC_060928.1:169925786-169936622(-)	GTT	V	0.0
NC_060928.1	-1::NC_060928.1:169925786-169936622(-)	GTC	V	0.026
NC_060928.1	-1::NC_060928.1:169925786-169936622(-)	GTA	V	3.2727
NC_060928.1	-1::NC_060928.1:169925786-169936622(-)	GTG	V	0.7013
NC_060928.1	-1::NC_060928.1:169925786-169936622(-)	TCT	S	0.0275
NC_060928.1	-1::NC_060928.1:169925786-169936622(-)	TCC	S	0.0275
NC_060928.1	-1::NC_060928.1:169925786-169936622(-)	TCA	S	1.9817
NC_060928.1	-1::NC_060928.1:169925786-169936622(-)	TCG	S	0.0
NC_060928.1	-1::NC_060928.1:169925786-169936622(-)	AGT	S	3.9633
NC_060928.1	-1::NC_060928.1:169925786-169936622(-)	AGC	S	0.0
NC_060928.1	-1::NC_060928.1:169925786-169936622(-)	CCT	P	0.0
NC_060928.1	-1::NC_060928.1:169925786-169936622(-)	CCC	P	0.0
NC_060928.1	-1::NC_060928.1:169925786-169936622(-)	CCA	P	0.0
NC_060928.1	-1::NC_060928.1:169925786-169936622(-)	CCG	P	0.0
NC_060928.1	-1::NC_060928.1:169925786-169936622(-)	ACT	T	0.8399
NC_060928.1	-1::NC_060928.1:169925786-169936622(-)	ACC	T	0.0
NC_060928.1	-1::NC_060928.1:169925786-169936622(-)	ACA	T	3.153
NC_060928.1	-1::NC_060928.1:169925786-169936622(-)	ACG	T	0.0071
NC_060928.1	-1::NC_060928.1:169925786-169936622(-)	GCT	A	4.0
NC_060928.1	-1::NC_060928.1:169925786-169936622(-)	GCC	A	0.0
NC_060928.1	-1::NC_060928.1:169925786-169936622(-)	GCA	A	0.0
NC_060928.1	-1::NC_060928.1:169925786-169936622(-)	GCG	A	0.0
NC_060928.1	-1::NC_060928.1:169925786-169936622(-)	TAT	Y	0.9776
NC_060928.1	-1::NC_060928.1:169925786-169936622(-)	TAC	Y	1.0224
NC_060928.1	-1::NC_060928.1:169925786-169936622(-)	CAT	H	1.2277
NC_060928.1	-1::NC_060928.1:169925786-169936622(-)	CAC	H	0.7723
NC_060928.1	-1::NC_060928.1:169925786-169936622(-)	CAA	Q	1.7207
NC_060928.1	-1::NC_060928.1:169925786-169936622(-)	CAG	Q	0.2793
NC_060928.1	-1::NC_060928.1:169925786-169936622(-)	AAT	N	2.0
NC_060928.1	-1::NC_060928.1:169925786-169936622(-)	AAC	N	0.0
NC_060928.1	-1::NC_060928.1:169925786-169936622(-)	AAA	K	1.5854
NC_060928.1	-1::NC_060928.1:169925786-169936622(-)	AAG	K	0.4146
NC_060928.1	-1::NC_060928.1:169925786-169936622(-)	GAT	D	0.0
NC_060928.1	-1::NC_060928.1:169925786-169936622(-)	GAC	D	2.0
NC_060928.1	-1::NC_060928.1:169925786-169936622(-)	GAA	E	0.0
NC_060928.1	-1::NC_060928.1:169925786-169936622(-)	GAG	E	2.0
NC_060928.1	-1::NC_060928.1:169925786-169936622(-)	TGT	C	1.5397
NC_060928.1	-1::NC_060928.1:169925786-169936622(-)	TGC	C	0.4603
NC_060928.1	-1::NC_060928.1:169925786-169936622(-)	TGG	W	1.0
NC_060928.1	-1::NC_060928.1:169925786-169936622(-)	CGT	R	0.0
NC_060928.1	-1::NC_060928.1:169925786-169936622(-)	CGC	R	0.0
NC_060928.1	-1::NC_060928.1:169925786-169936622(-)	CGA	R	0.0
NC_060928.1	-1::NC_060928.1:169925786-169936622(-)	CGG	R	0.1132
NC_060928.1	-1::NC_060928.1:169925786-169936622(-)	AGA	R	2.9434
NC_060928.1	-1::NC_060928.1:169925786-169936622(-)	AGG	R	2.9434
NC_060928.1	-1::NC_060928.1:169925786-169936622(-)	GGT	G	0.0
NC_060928.1	-1::NC_060928.1:169925786-169936622(-)	GGC	G	2.0
NC_060928.1	-1::NC_060928.1:169925786-169936622(-)	GGA	G	2.0
NC_060928.1	-1::NC_060928.1:169925786-169936622(-)	GGG	G	0.0
NC_060928.1	-3::NC_060928.1:169925808-169937574(-)	TTT	F	0.0
NC_060928.1	-3::NC_060928.1:169925808-169937574(-)	TTC	F	2.0
NC_060928.1	-3::NC_060928.1:169925808-169937574(-)	TTA	L	0.0256
NC_060928.1	-3::NC_060928.1:169925808-169937574(-)	TTG	L	0.6667
NC_060928.1	-3::NC_060928.1:169925808-169937574(-)	CTT	L	1.6154
NC_060928.1	-3::NC_060928.1:169925808-169937574(-)	CTC	L	0.0
NC_060928.1	-3::NC_060928.1:169925808-169937574(-)	CTA	L	1.8462
NC_060928.1	-3::NC_060928.1:169925808-169937574(-)	CTG	L	1.8462
NC_060928.1	-3::NC_060928.1:169925808-169937574(-)	ATT	I	0.0
NC_060928.1	-3::NC_060928.1:169925808-169937574(-)	ATC	I	0.0046
NC_060928.1	-3::NC_060928.1:169925808-169937574(-)	ATA	I	2.9954
NC_060928.1	-3::NC_060928.1:169925808-169937574(-)	ATG	M	1.0
NC_060928.1	-3::NC_060928.1:169925808-169937574(-)	GTT	V	0.0
NC_060928.1	-3::NC_060928.1:169925808-169937574(-)	GTC	V	0.0
NC_060928.1	-3::NC_060928.1:169925808-169937574(-)	GTA	V	3.1379
NC_060928.1	-3::NC_060928.1:169925808-169937574(-)	GTG	V	0.8621
NC_060928.1	-3::NC_060928.1:169925808-169937574(-)	TCT	S	0.0531
NC_060928.1	-3::NC_060928.1:169925808-169937574(-)	TCC	S	0.0
NC_060928.1	-3::NC_060928.1:169925808-169937574(-)	TCA	S	1.9646
NC_060928.1	-3::NC_060928.1:169925808-169937574(-)	TCG	S	0.0
NC_060928.1	-3::NC_060928.1:169925808-169937574(-)	AGT	S	3.9823
NC_060928.1	-3::NC_060928.1:169925808-169937574(-)	AGC	S	0.0
NC_060928.1	-3::NC_060928.1:169925808-169937574(-)	CCT	P	2.0
NC_060928.1	-3::NC_060928.1:169925808-169937574(-)	CCC	P	0.0
NC_060928.1	-3::NC_060928.1:169925808-169937574(-)	CCA	P	2.0
NC_060928.1	-3::NC_060928.1:169925808-169937574(-)	CCG	P	0.0
NC_060928.1	-3::NC_060928.1:169925808-169937574(-)	ACT	T	0.952
NC_060928.1	-3::NC_060928.1:169925808-169937574(-)	ACC	T	0.0
NC_060928.1	-3::NC_060928.1:169925808-169937574(-)	ACA	T	3.0403
NC_060928.1	-3::NC_060928.1:169925808-169937574(-)	ACG	T	0.0077
NC_060928.1	-3::NC_060928.1:169925808-169937574(-)	GCT	A	3.8919
NC_060928.1	-3::NC_060928.1:169925808-169937574(-)	GCC	A	0.0
NC_060928.1	-3::NC_060928.1:169925808-169937574(-)	GCA	A	0.1081
NC_060928.1	-3::NC_060928.1:169925808-169937574(-)	GCG	A	0.0
NC_060928.1	-3::NC_060928.1:169925808-169937574(-)	TAT	Y	0.9975
NC_060928.1	-3::NC_060928.1:169925808-169937574(-)	TAC	Y	1.0025
NC_060928.1	-3::NC_060928.1:169925808-169937574(-)	CAT	H	0.899
NC_060928.1	-3::NC_060928.1:169925808-169937574(-)	CAC	H	1.101
NC_060928.1	-3::NC_060928.1:169925808-169937574(-)	CAA	Q	1.7189
NC_060928.1	-3::NC_060928.1:169925808-169937574(-)	CAG	Q	0.2811
NC_060928.1	-3::NC_060928.1:169925808-169937574(-)	AAT	N	1.963
NC_060928.1	-3::NC_060928.1:169925808-169937574(-)	AAC	N	0.037
NC_060928.1	-3::NC_060928.1:169925808-169937574(-)	AAA	K	1.0886
NC_060928.1	-3::NC_060928.1:169925808-169937574(-)	AAG	K	0.9114
NC_060928.1	-3::NC_060928.1:169925808-169937574(-)	GAT	D	0.0
NC_060928.1	-3::NC_060928.1:169925808-169937574(-)	GAC	D	2.0
NC_060928.1	-3::NC_060928.1:169925808-169937574(-)	GAA	E	0.0
NC_060928.1	-3::NC_060928.1:169925808-169937574(-)	GAG	E	2.0
NC_060928.1	-3::NC_060928.1:169925808-169937574(-)	TGT	C	1.7886
NC_060928.1	-3::NC_060928.1:169925808-169937574(-)	TGC	C	0.2114
NC_060928.1	-3::NC_060928.1:169925808-169937574(-)	TGG	W	1.0
NC_060928.1	-3::NC_060928.1:169925808-169937574(-)	CGT	R	0.0
NC_060928.1	-3::NC_060928.1:169925808-169937574(-)	CGC	R	0.0
NC_060928.1	-3::NC_060928.1:169925808-169937574(-)	CGA	R	0.0
NC_060928.1	-3::NC_060928.1:169925808-169937574(-)	CGG	R	0.0
NC_060928.1	-3::NC_060928.1:169925808-169937574(-)	AGA	R	2.9583
NC_060928.1	-3::NC_060928.1:169925808-169937574(-)	AGG	R	3.0417
NC_060928.1	-3::NC_060928.1:169925808-169937574(-)	GGT	G	0.0
NC_060928.1	-3::NC_060928.1:169925808-169937574(-)	GGC	G	1.9459
NC_060928.1	-3::NC_060928.1:169925808-169937574(-)	GGA	G	2.0541
NC_060928.1	-3::NC_060928.1:169925808-169937574(-)	GGG	G	0.0
