clade	species	length	orf_valid	gc_content	gc_stretch_count	codon_TTT	codon_CTA	codon_TTA	codon_CTT	codon_GAC	codon_TTG	codon_AAA	codon_GAG	codon_GGC	codon_TCC	codon_AGA	codon_AGT	codon_TGC	codon_GTA	codon_TCT	codon_CAA	codon_ACA	codon_GAT	codon_CCT	codon_ACT	codon_GAA	codon_ATT	codon_CCC	codon_AAG	codon_TCA	codon_CAT	codon_CAC	codon_AAC	codon_TAT	codon_CAG	codon_CCA	codon_ACG	codon_GGG	codon_ATA	codon_GCT	codon_GTG	codon_GCG	codon_CTG	codon_GCA	codon_ACC	codon_AAT	codon_GTT	codon_ATG	codon_ATC	codon_AGC	codon_TAC	codon_TCG	codon_CCG	codon_GCC	codon_GGA	codon_AGG	codon_CTC	codon_TTC	codon_GGT	codon_CGT	codon_CGC	codon_CGG	codon_CGA	codon_TGG	codon_TGT	codon_GTC	codon_TGA	codon_TAG	codon_TAA
NC_060945.1	2::NC_060945.1:31931299-31937242	5943	False	0.4944	2	15.0	9.0	50.0	15.0	31.0	42.0	41.0	107.0	9.0	53.0	50.0	30.0	1.0	39.0	95.0	11.0	55.0	48.0	82.0	50.0	72.0	24.0	31.0	35.0	72.0	21.0	6.0	9.0	21.0	50.0	84.0	11.0	32.0	11.0	50.0	61.0	17.0	39.0	68.0	40.0	16.0	30.0	110.0	7.0	37.0	14.0	20.0	12.0	12.0	14.0	21.0	3.0	2.0	18.0	17.0	28.0	9.0	11.0	1.0	2.0	10.0			
NC_060945.1	3::NC_060945.1:41607428-41614955	7527	False	0.5892	0	1.0				2.0	2.0	5.0	4.0	5.0			113.0	2.0	92.0	2.0			108.0		1.0	61.0	1.0	1.0	114.0	1.0	3.0	1.0	3.0					104.0		4.0	1019.0	4.0	8.0	1.0		5.0	2.0	163.0	1.0	1.0					117.0	7.0	1.0		537.0	1.0				4.0	7.0	1.0			
NC_060945.1	-2::NC_060945.1:41607447-41617941	10494	False	0.5876	0	1.0				4.0	2.0	8.0	121.0	8.0		3.0	124.0	9.0	48.0		3.0	4.0	121.0	1.0	3.0	66.0	4.0		59.0			1.0	1.0	1.0	1.0			96.0	6.0	7.0	604.0	3.0	6.0	4.0	1.0		12.0	108.0	1.0	3.0		2.0			95.0	124.0		1.0	541.0	2.0		1.0	4.0	941.0	10.0	1.0	241.0	91.0	
NC_060945.1	-3::NC_060945.1:41607470-41617934	10464	False	0.5879	0	1.0				2.0	9.0	4.0	70.0	5.0			113.0	8.0	91.0	1.0	1.0		109.0			62.0	1.0		113.0		3.0	1.0	3.0	2.0	8.0	1.0		106.0		4.0	1019.0	4.0	9.0	1.0		5.0	2.0	164.0	1.0	1.0	1.0	3.0			142.0	74.0			539.0	1.0		1.0	3.0	558.0	12.0	1.0	167.0	62.0	
NC_060945.1	-1::NC_060945.1:41607535-41617975	10440	False	0.5884	0	3.0					9.0	3.0	60.0	5.0		1.0	197.0	5.0	61.0		2.0	5.0	163.0		2.0	119.0		1.0	71.0			1.0			5.0			160.0	4.0	9.0	607.0	4.0	9.0	5.0		2.0	7.0	114.0	2.0	1.0		1.0		1.0	85.0	73.0		1.0	911.0	2.0		2.0	1.0	555.0	3.0	1.0	156.0	49.0	2.0
NC_060945.1	2::NC_060945.1:41610271-41617888	7617	False	0.5897	0	2.0					5.0		1.0	5.0			197.0		61.0			5.0	163.0			117.0			65.0									157.0	4.0	8.0	606.0	4.0	8.0	3.0		1.0	7.0	114.0	1.0						65.0	19.0			911.0	2.0				4.0	3.0	1.0			
NC_060937.1	1::NC_060937.1:1302045-1307583	5538	False	0.2176	0	14.0		5.0		1.0	1.0	140.0				4.0	110.0	3.0	1.0	29.0	143.0	65.0	9.0		30.0	48.0	47.0		3.0	58.0	16.0	3.0	1.0	306.0	1.0	30.0	2.0		306.0	2.0	17.0		94.0	1.0	56.0	80.0		30.0	1.0	15.0	136.0					14.0	5.0	3.0	13.0						3.0				
NC_060937.1	3::NC_060937.1:13673369-13678517	5148	False	0.663	0	6.0	2.0	15.0	13.0	114.0	14.0	4.0	16.0	191.0	45.0	3.0	10.0	6.0	2.0	4.0	2.0	6.0	110.0	10.0	2.0	22.0	12.0	49.0	8.0	5.0	2.0	4.0	4.0	2.0	12.0	22.0	16.0	4.0	1.0	9.0	46.0	62.0	100.0	15.0	13.0	10.0	70.0	53.0	34.0	82.0		32.0	25.0	122.0	1.0	5.0	69.0	8.0	25.0	1.0	2.0			42.0		152.0			
NC_060937.1	-3::NC_060937.1:13673413-13678828	5415	False	0.6534	0	4.0			14.0	27.0	1.0	1.0	6.0	72.0	7.0	4.0	28.0	97.0		3.0	12.0	3.0	41.0	173.0	6.0	16.0	7.0	60.0	2.0		55.0	9.0	3.0	7.0	49.0	15.0		44.0	3.0	10.0	28.0		30.0	3.0		4.0	26.0	5.0	29.0	29.0	5.0	2.0	1.0	42.0	103.0	4.0	14.0	11.0	8.0	207.0	15.0	124.0	132.0	54.0	32.0	38.0	28.0	50.0	2.0
NC_060937.1	-2::NC_060937.1:22536950-22548509	11559	False	0.3767	1	214.0			94.0	21.0	71.0	137.0	36.0	32.0	68.0	79.0	67.0	90.0	35.0	79.0	98.0	50.0	52.0	31.0	73.0	55.0	137.0	22.0	131.0		74.0	54.0	101.0	69.0	52.0	44.0	12.0	26.0	79.0	33.0	33.0	10.0	87.0	38.0	35.0	123.0	43.0	66.0	157.0	65.0	54.0	20.0	6.0	25.0	30.0	78.0	70.0	184.0	27.0	8.0	6.0	3.0	12.0	89.0	84.0	66.0	72.0	47.0	99.0
NC_060937.1	1::NC_060937.1:31553478-31558497	5019	False	0.3349	0	58.0	9.0	47.0	24.0	21.0	28.0	122.0	33.0	8.0	17.0	25.0	51.0	7.0	34.0	54.0	42.0	31.0	66.0	19.0	59.0	117.0	48.0	6.0	40.0	56.0	36.0	9.0	37.0	22.0	32.0	24.0	5.0	7.0	32.0	27.0	21.0	1.0	15.0	31.0	14.0	98.0	39.0	23.0	13.0	18.0	14.0	2.0		10.0	21.0	4.0	10.0	12.0	21.0	3.0		1.0		3.0	34.0	12.0			
NC_060937.1	2::NC_060937.1:37903822-37909285	5463	False	0.5246	2	37.0	17.0	12.0	19.0	60.0	39.0	25.0	56.0	52.0	24.0	22.0	27.0	7.0	19.0	26.0	17.0	35.0	63.0	44.0	51.0	52.0	35.0	45.0	24.0	15.0	32.0	26.0	35.0	20.0	62.0	24.0	10.0	33.0	22.0	33.0	74.0	9.0	83.0	21.0	36.0	28.0	25.0	34.0	41.0	28.0	14.0	5.0	16.0	30.0	25.0	15.0	32.0	41.0	24.0	10.0	26.0	24.0	11.0	9.0	5.0	35.0			
NC_060937.1	-2::NC_060937.1:101947520-101968511	20991	False	0.3821	2	507.0			266.0	43.0	262.0	123.0	60.0	38.0	116.0	165.0	135.0	171.0	41.0	166.0	98.0	72.0	67.0	82.0	158.0	71.0	195.0	61.0	119.0		162.0	71.0	100.0	154.0	93.0	36.0	20.0	60.0	89.0	76.0	65.0	5.0	171.0	30.0	87.0	176.0	116.0	138.0	223.0	58.0	102.0	10.0	9.0	44.0	56.0	126.0	208.0	412.0	41.0	18.0	10.0	15.0	11.0	178.0	219.0	101.0	255.0	91.0	145.0
NC_060943.1	2::NC_060943.1:834868-842815	7947	False	0.6747	2	4.0	6.0		47.0	4.0	39.0		2.0	26.0	54.0		2.0	82.0		8.0	69.0	13.0	1.0	92.0	2.0	3.0		381.0	9.0	70.0	6.0	106.0	9.0		160.0	195.0	33.0	17.0	2.0	58.0	37.0	4.0	51.0	48.0	78.0	44.0	38.0	54.0	8.0	183.0	7.0	25.0	28.0	169.0	1.0	10.0	51.0	54.0	44.0	37.0	27.0	10.0	1.0	43.0	53.0	44.0			
NC_060943.1	3::NC_060943.1:835043-842732	7689	False	0.6768	2	1.0	4.0		50.0		37.0			24.0	60.0	1.0		73.0			53.0	8.0		78.0				355.0	9.0	79.0	17.0	94.0	11.0		159.0	220.0	35.0	5.0	1.0	58.0	35.0		50.0	56.0	76.0	49.0	44.0	47.0	2.0	161.0	4.0	11.0	20.0	200.0		3.0	50.0	47.0	39.0	37.0	26.0	16.0	6.0	46.0	53.0	53.0			
NC_060943.1	1::NC_060943.1:835068-842712	7644	False	0.6773	2	12.0			44.0	1.0	44.0		6.0	27.0	59.0	2.0		71.0			57.0	7.0		89.0	1.0			378.0	4.0	77.0	11.0	115.0	5.0	4.0	178.0	203.0	31.0	5.0	4.0	51.0	37.0	2.0	36.0	47.0	69.0	44.0	39.0	58.0	4.0	156.0		16.0	18.0	184.0		10.0	55.0	39.0	37.0	33.0	16.0	14.0	1.0	51.0	43.0	53.0			
NC_060943.1	3::NC_060943.1:1435091-1440248	5157	False	0.7369	2	6.0	3.0		9.0	58.0	3.0	6.0	94.0	77.0	59.0	5.0	5.0	25.0	3.0	11.0	3.0	6.0	9.0	19.0	7.0	8.0	3.0	113.0	46.0	8.0	5.0	29.0	15.0	3.0	59.0	26.0	23.0	40.0		19.0	51.0	58.0	104.0	29.0	45.0	2.0	1.0	10.0	22.0	78.0	12.0	38.0	61.0	139.0	17.0	14.0	29.0	17.0	8.0	9.0	61.0	64.0	15.0	10.0	3.0	17.0			
NC_060943.1	-2::NC_060943.1:9071142-9092994	21852	False	0.4882	2	102.0			81.0	98.0	68.0	77.0	62.0	130.0	91.0	406.0	347.0	113.0	20.0	98.0	94.0	1.0	135.0	80.0	131.0	60.0	76.0	84.0	97.0		219.0	172.0	82.0	90.0	123.0	43.0	4.0	111.0	31.0	209.0	63.0	6.0	94.0		71.0	94.0	66.0	89.0	98.0	119.0	46.0	4.0	6.0	63.0	365.0	291.0	216.0	223.0	458.0	32.0	17.0	15.0	20.0	189.0	522.0	129.0	366.0	32.0	55.0
NC_060943.1	-1::NC_060943.1:9097381-9107098	9717	False	0.4922	2	39.0			43.0	48.0	18.0	39.0	48.0	61.0	75.0	171.0	172.0	79.0	12.0	55.0	45.0		51.0	32.0	93.0	28.0	40.0	46.0	48.0		71.0	41.0	37.0	29.0	48.0	28.0	2.0	72.0	12.0	95.0	29.0	1.0	41.0	2.0	25.0	38.0	38.0	33.0	48.0	77.0	23.0	1.0	3.0	35.0	117.0	93.0	85.0	89.0	152.0	20.0	6.0	3.0	9.0	121.0	226.0	41.0	161.0	22.0	22.0
NC_060943.1	-1::NC_060943.1:16062466-16067851	5385	False	0.5768	0	1.0			2.0	2.0		3.0	335.0	27.0	1.0	92.0	107.0	4.0		1.0	3.0	6.0	1.0	4.0	1.0	86.0	1.0	5.0	4.0		2.0	1.0	1.0		33.0	2.0		115.0		1.0	104.0	66.0	3.0	27.0	2.0	86.0	1.0	86.0	2.0	65.0					145.0	107.0	2.0					61.0	10.0	5.0	1.0	1.0	179.0	1.0	
NC_060943.1	-3::NC_060943.1:16062551-16068332	5781	False	0.5807	2	1.0				4.0	3.0	4.0	341.0	29.0	7.0	92.0	101.0	4.0	2.0	2.0	3.0	3.0	2.0	4.0	1.0	91.0		7.0	7.0		2.0	5.0	4.0		44.0	16.0	1.0	111.0	2.0	4.0	109.0	68.0	6.0	32.0	2.0	86.0	2.0	87.0	2.0	76.0			1.0	5.0	162.0	107.0	9.0	3.0	5.0			63.0	6.0	12.0	1.0	1.0	183.0		2.0
NC_060943.1	-2::NC_060943.1:16062735-16067886	5151	False	0.5785	0							1.0	330.0	24.0	3.0	86.0	103.0	1.0		2.0				1.0		87.0		2.0	2.0		1.0	1.0			25.0	1.0		110.0		1.0	97.0	71.0	1.0	24.0	3.0	85.0		84.0		66.0				2.0	142.0	103.0	3.0					55.0	10.0	9.0	1.0		180.0		
NC_060943.1	-1::NC_060943.1:40686988-40692685	5697	False	0.4476	2	145.0			125.0	14.0	54.0	32.0	23.0	45.0	31.0	23.0	18.0	28.0	13.0	45.0	39.0	8.0	21.0	53.0	20.0	10.0	10.0	13.0	23.0		55.0	30.0	25.0	32.0	67.0	37.0	3.0	14.0	8.0	19.0	15.0	6.0	67.0	6.0	12.0	22.0	15.0	19.0	32.0	31.0	16.0	7.0	9.0	11.0	19.0	21.0	153.0	163.0	20.0	1.0	3.0	3.0	2.0	29.0	30.0	26.0	26.0	30.0	22.0
NC_060943.1	1::NC_060943.1:56998926-57004200	5274	False	0.5876	1	1.0	2.0	1.0	16.0	17.0	134.0	1.0	56.0	34.0	25.0	3.0	58.0	41.0	11.0	40.0	2.0	3.0	1.0	13.0	8.0	1.0	59.0	106.0	2.0	60.0	54.0		1.0	12.0	67.0	60.0	1.0	5.0	1.0	20.0	67.0	3.0	57.0	5.0		1.0	41.0	2.0			2.0	2.0	2.0	55.0	53.0	62.0	3.0	2.0	149.0	2.0		2.0		202.0	29.0	101.0			
NC_060943.1	1::NC_060943.1:61634235-61640661	6426	False	0.5955	2	10.0	8.0	3.0	109.0	114.0	2.0	2.0	6.0	10.0	139.0	38.0	5.0	17.0		30.0	6.0	140.0	37.0	67.0	5.0	9.0	89.0	265.0	2.0	103.0	7.0	121.0	11.0	1.0	91.0	23.0	2.0	18.0	3.0	45.0	2.0	9.0	94.0	3.0	96.0	1.0	8.0	8.0	2.0	7.0	5.0	1.0	6.0	12.0	16.0	96.0	170.0	37.0	4.0	5.0	7.0	8.0		3.0	2.0	2.0			
NC_060943.1	3::NC_060943.1:61634819-61640612	5793	False	0.5861	1	12.0	1.0		22.0	41.0		2.0	1.0	5.0	151.0	114.0	1.0	36.0		95.0	1.0	152.0	90.0	175.0	5.0	8.0	11.0	171.0		15.0	8.0	189.0	2.0	1.0	127.0	33.0			3.0	92.0		2.0	13.0	1.0	13.0	1.0		2.0	1.0	1.0	4.0	1.0	2.0		37.0	14.0	196.0	70.0	3.0		1.0	4.0			1.0				
NC_060936.1	2::NC_060936.1:2251543-2257381	5838	False	0.4515	0	1.0		191.0	41.0	295.0		1.0				1.0	190.0	1.0	1.0		185.0	1.0	73.0	192.0	175.0		1.0	1.0	1.0	161.0	3.0	179.0	1.0	15.0	15.0	31.0		1.0	1.0	19.0			152.0			2.0	1.0				1.0			1.0	4.0	1.0	2.0						4.0	1.0					
NC_060936.1	1::NC_060936.1:31856901-31861944	5043	False	0.3855	0	26.0	18.0	32.0	18.0	21.0	30.0	108.0	35.0	8.0	12.0	20.0	42.0	9.0	35.0	61.0	67.0	52.0	53.0	44.0	43.0	71.0	30.0	19.0	52.0	60.0	24.0	14.0	36.0	21.0	69.0	46.0	3.0	8.0	27.0	28.0	22.0	1.0	18.0	33.0	23.0	80.0	42.0	37.0	15.0	23.0	13.0	3.0	4.0	7.0	24.0	14.0	7.0	6.0	15.0	6.0		2.0	4.0	7.0	24.0	9.0			
NC_060936.1	3::NC_060936.1:40431056-40441022	9966	False	0.4899	0	11.0	100.0	37.0	5.0	2.0	10.0	29.0	45.0	10.0	3.0	68.0	28.0	1.0	41.0	50.0	30.0	513.0	8.0	25.0	246.0	118.0	34.0		3.0	367.0	1.0		1.0	3.0	6.0	121.0	5.0	266.0	63.0	213.0	202.0	1.0	8.0	57.0	14.0	19.0	51.0	9.0	3.0	2.0	3.0	8.0	1.0	4.0	392.0	21.0	5.0	1.0	38.0	1.0		4.0		3.0		12.0			
NC_060936.1	-3::NC_060936.1:40437820-40444819	6999	False	0.5159	0					328.0	3.0	25.0	9.0	15.0		43.0	113.0	16.0		1.0	2.0	7.0	30.0	1.0	99.0	9.0	12.0	8.0	24.0			15.0	182.0	11.0	1.0			1.0	1.0	16.0					68.0	45.0	3.0	2.0	239.0	219.0	24.0	5.0		5.0	2.0	209.0	7.0	2.0	90.0			3.0		315.0	30.0	8.0	64.0	20.0	1.0
NC_060936.1	-1::NC_060936.1:50313453-50319429	5976	False	0.494	1	88.0			64.0	14.0	51.0	19.0	72.0	50.0	28.0	50.0	55.0	21.0	9.0	24.0	39.0	4.0	63.0	18.0	26.0	17.0	16.0	60.0	27.0		39.0	11.0	21.0	31.0	44.0	18.0	4.0	25.0	18.0	9.0	9.0	1.0	205.0	1.0	8.0	24.0	14.0	15.0	30.0	56.0	17.0	7.0	3.0	8.0	24.0	117.0	58.0	102.0	67.0	1.0	11.0	8.0	3.0	33.0	37.0	17.0	40.0	20.0	21.0
NC_060936.1	-1::NC_060936.1:56683770-56689479	5709	False	0.5567	2	97.0			34.0	19.0	18.0	16.0	28.0	70.0	37.0	91.0	102.0	55.0	3.0	6.0	12.0	11.0	12.0	2.0	18.0	9.0	16.0	37.0	29.0		15.0	37.0	30.0	12.0	24.0	3.0	1.0	151.0	5.0	11.0	8.0	2.0	18.0	9.0	31.0	21.0	13.0	7.0	13.0	104.0	16.0	1.0	1.0	19.0	87.0	137.0	24.0	22.0	66.0	4.0	5.0	7.0	3.0	151.0	38.0	14.0	34.0	21.0	16.0
NC_060936.1	1::NC_060936.1:131622648-131629353	6705	False	0.5393	0	1.0	15.0		2.0		3.0			2.0	1.0		3.0	130.0	27.0	402.0	1.0	2.0		39.0	108.0	3.0	1.0	3.0	1.0			62.0	2.0	4.0	3.0					16.0	107.0	23.0	355.0	79.0	2.0				5.0	1.0	36.0		5.0	48.0	1.0	1.0	168.0	1.0		6.0	21.0	3.0		1.0	336.0	205.0			
NC_060936.1	2::NC_060936.1:131622820-131629414	6594	False	0.5391	0	2.0	13.0	2.0	2.0		1.0				3.0	1.0	5.0	126.0	38.0	371.0				50.0	93.0		1.0	1.0	1.0		1.0	73.0	2.0	10.0	6.0	1.0				27.0	94.0	14.0	383.0	64.0	3.0	2.0	2.0	2.0	2.0		32.0		2.0	44.0		1.0	158.0		3.0	3.0	24.0		1.0	2.0	326.0	206.0			
NC_060936.1	3::NC_060936.1:131623112-131629325	6213	False	0.5414	0	2.0	11.0				1.0				4.0		2.0	141.0	23.0	344.0		3.0		43.0	94.0			1.0		1.0		59.0		4.0	3.0		2.0			27.0	95.0	23.0	334.0	58.0	1.0			3.0	6.0	2.0	43.0		3.0	37.0			172.0	1.0		3.0	13.0				311.0	201.0			
NC_060936.1	3::NC_060936.1:132290033-132296255	6222	False	0.6138	2	5.0	34.0	34.0	60.0	3.0	3.0	1.0	1.0	53.0	91.0	3.0	3.0	7.0	1.0	10.0	13.0	217.0		135.0	3.0	2.0	50.0	264.0	1.0	1.0	46.0	220.0	8.0	46.0	14.0	85.0	29.0	79.0	48.0	7.0	4.0	1.0	11.0	4.0	82.0		2.0	3.0	5.0	3.0	73.0	3.0	25.0	88.0	11.0	6.0	50.0	40.0		2.0	17.0	46.0		9.0	6.0	6.0			
NC_060936.1	3::NC_060936.1:133004969-133010465	5496	False	0.7134	2				2.0	1.0		5.0	231.0		1.0	75.0	3.0				1.0	1.0	4.0	1.0	2.0	98.0		3.0	107.0	2.0		2.0	1.0		4.0	3.0		573.0	2.0		83.0	4.0	4.0	1.0	3.0	1.0		1.0	1.0	1.0				1.0	211.0	193.0	1.0		95.0					100.0	10.0				
NC_060936.1	-1::NC_060936.1:133005018-133011888	6870	False	0.7176	1					1.0		4.0	272.0	2.0	2.0	121.0	10.0	1.0			1.0	2.0	2.0	1.0	1.0	99.0	1.0	2.0	129.0			3.0	2.0		2.0	1.0	1.0	742.0	1.0	1.0	122.0		2.0		1.0			3.0	1.0	1.0					248.0	263.0	2.0	2.0	118.0			3.0	1.0	103.0	9.0	2.0	4.0	1.0	
NC_060936.1	-3::NC_060936.1:133005142-133011970	6828	False	0.7188	1					2.0			246.0	3.0		123.0	9.0	2.0	1.0	3.0		3.0		1.0	2.0	123.0		3.0	103.0		1.0	2.0	1.0		1.0	2.0		726.0		2.0	133.0	1.0	2.0	1.0				1.0	1.0					1.0	273.0	267.0	2.0	2.0	103.0				1.0	122.0	3.0	2.0	2.0		
NC_060936.1	-2::NC_060936.1:133005146-133011884	6738	False	0.7205	1				1.0	1.0		3.0	267.0	1.0	1.0	100.0	2.0		1.0			1.0	2.0		1.0	128.0			120.0		1.0	1.0			1.0			734.0			112.0	3.0	2.0												268.0	245.0	2.0		111.0					125.0	10.0		1.0	1.0	
NC_060936.1	1::NC_060936.1:133005159-133010910	5751	False	0.7211	1							2.0	223.0			110.0	9.0				1.0		1.0			80.0			104.0									629.0		1.0	114.0							2.0							211.0	238.0			98.0			2.0	1.0	84.0	7.0				
NC_060936.1	2::NC_060936.1:133005175-133011940	6765	False	0.7197	1					1.0			244.0	3.0		123.0	9.0	1.0	1.0	2.0		2.0			1.0	123.0		2.0	103.0			2.0	1.0		1.0	2.0		725.0		1.0	132.0	1.0	2.0					1.0	1.0						272.0	266.0	2.0	2.0	102.0				1.0	122.0	3.0	1.0			
NC_060931.1	-1::NC_060931.1:1295463-1304679	9216	False	0.673	1				1.0	80.0	3.0		101.0	117.0	3.0	14.0	2.0	1.0		2.0	1.0	181.0	94.0	17.0	2.0	104.0	2.0	1.0	86.0		2.0	90.0	8.0		89.0	4.0		714.0		69.0	165.0	32.0	84.0	8.0	1.0	2.0		85.0	1.0	19.0	2.0			16.0	165.0	231.0	5.0		88.0	1.0		28.0	1.0	95.0	93.0	1.0	161.0		
NC_060931.1	-3::NC_060931.1:1295698-1304692	8994	False	0.6755	1	2.0				65.0		1.0	105.0	96.0	2.0	13.0						167.0	80.0	15.0		87.0			91.0			86.0	12.0		97.0	1.0	1.0	705.0		77.0	177.0	30.0	86.0	10.0	1.0		1.0	93.0		17.0				16.0	166.0	242.0		1.0	93.0	1.0		32.0		80.0	79.0		170.0		
NC_060931.1	-2::NC_060931.1:1295714-1304672	8958	False	0.6765	1					77.0			91.0	106.0		14.0		1.0				162.0	85.0	18.0		95.0		1.0	80.0			90.0	6.0		85.0			696.0		64.0	172.0	28.0	92.0	4.0		1.0		80.0		15.0				17.0	178.0	264.0			79.0		1.0	30.0		87.0	85.0		182.0		
NC_060931.1	2::NC_060931.1:1380634-1385743	5109	False	0.6287	2		13.0		1.0	75.0	4.0	1.0	8.0	9.0	109.0	70.0	1.0	45.0	2.0	5.0		139.0	3.0	79.0	69.0	5.0		110.0	4.0	4.0	1.0	211.0	1.0	6.0	80.0	139.0	8.0	30.0	1.0	3.0	18.0	5.0	70.0	4.0	71.0	3.0	3.0	3.0	19.0	5.0	2.0	1.0	6.0	44.0	19.0	11.0	75.0	3.0	15.0	2.0	4.0	8.0	1.0	17.0	36.0	22.0			
NC_060931.1	-1::NC_060931.1:84203013-84208164	5151	False	0.4203	2	77.0			35.0	10.0	32.0	33.0	16.0	10.0	31.0	73.0	52.0	33.0	10.0	30.0	21.0	5.0	12.0	15.0	51.0	6.0	12.0	14.0	27.0		26.0	23.0	40.0	34.0	14.0	3.0	4.0	22.0	34.0	36.0	11.0	3.0	38.0	3.0	20.0	45.0	6.0	19.0	76.0	41.0	23.0	9.0	2.0	8.0	21.0	71.0	56.0	118.0	26.0	2.0	2.0	3.0	6.0	60.0	79.0	33.0	57.0	11.0	27.0
NC_060931.1	2::NC_060931.1:102191875-102207919	16044	False	0.5115	1	32.0	7.0	15.0	24.0	29.0	71.0	9.0	179.0	20.0	171.0	14.0	235.0	3.0	19.0	316.0	9.0	311.0	7.0	80.0	578.0	46.0	37.0	289.0	19.0	275.0	21.0	154.0	23.0	14.0	22.0	78.0	47.0	8.0	28.0	18.0	45.0	3.0	29.0	26.0	856.0	38.0	18.0	70.0	255.0	257.0	46.0	64.0	10.0	67.0	14.0	24.0	51.0	171.0	23.0	2.0	3.0		5.0	7.0	8.0	48.0			
NC_060931.1	3::NC_060931.1:102226625-102266084	39459	False	0.5084	2	87.0	11.0	64.0	47.0	54.0	249.0	21.0	404.0	97.0	382.0	42.0	638.0	6.0	23.0	743.0	21.0	579.0	13.0	286.0	1339.0	86.0	162.0	547.0	130.0	749.0	50.0	457.0	98.0	31.0	63.0	147.0	108.0	53.0	60.0	65.0	102.0	38.0	66.0	72.0	1964.0	120.0	33.0	150.0	708.0	583.0	64.0	145.0	26.0	309.0	17.0	78.0	107.0	463.0	40.0	7.0	19.0	8.0	4.0	12.0	16.0	90.0			
NC_060931.1	1::NC_060931.1:102295752-102320043	24291	False	0.5575	1	40.0	29.0	68.0	67.0	131.0	16.0	38.0	112.0	414.0	291.0	33.0	262.0		9.0	226.0	65.0	909.0	24.0	337.0	262.0	354.0	3.0	137.0	8.0	507.0	16.0	320.0	16.0	3.0	65.0	269.0	140.0	8.0	38.0	31.0	24.0	25.0	66.0	187.0	617.0	2.0	91.0	35.0	34.0	620.0	61.0	58.0	38.0	211.0	90.0	2.0	166.0	173.0	82.0	57.0	82.0	14.0	15.0	16.0		83.0			
NC_060931.1	1::NC_060931.1:102320046-102328590	8544	False	0.5495	0	27.0	9.0	26.0	27.0	42.0	7.0	10.0	41.0	137.0	107.0	10.0	85.0	1.0	2.0	91.0	26.0	312.0	9.0	120.0	99.0	123.0	8.0	44.0	4.0	167.0	8.0	108.0	6.0	5.0	24.0	95.0	44.0	6.0	11.0	13.0	12.0	10.0	23.0	63.0	205.0	1.0	32.0	17.0	15.0	216.0	22.0	19.0	14.0	75.0	31.0	1.0	56.0	66.0	27.0	21.0	25.0	4.0	4.0	6.0	3.0	26.0			
NC_060931.1	2::NC_060931.1:102354412-102366640	12228	False	0.492	1	14.0	13.0	58.0	80.0	68.0	13.0	13.0	55.0	13.0	41.0	24.0	232.0	3.0	12.0	218.0	12.0	270.0	12.0	306.0	390.0	176.0	23.0	25.0	7.0	183.0	3.0	8.0	42.0	24.0	7.0	114.0	41.0	5.0	50.0	126.0	118.0	2.0	22.0	34.0	347.0	18.0	59.0	105.0	39.0	257.0	3.0	7.0	25.0	93.0	55.0	11.0	11.0	6.0	62.0	9.0		2.0	1.0	1.0	2.0	106.0			
NC_060931.1	3::NC_060931.1:159805334-159822644	17310	False	0.5444	1	1.0		14.0	2.0	4.0		4.0	28.0	3.0	1.0	367.0	381.0	2.0	5.0	1.0		1.0	539.0	1.0		5.0		1.0	12.0	1.0	3.0	1.0		349.0	2.0		1.0	6.0		10.0	124.0		19.0	3.0			25.0	29.0			4.0				379.0			1.0	3418.0			1.0		6.0	16.0				
NC_060931.1	1::NC_060931.1:159806178-159822525	16347	False	0.5438	0			3.0			6.0		742.0				1.0		743.0							1.0			4.0								6.0	1.0			2675.0	2.0	7.0				365.0	884.0		1.0	1.0								4.0					3.0					
NC_060931.1	-2::NC_060931.1:159806198-159822557	16359	False	0.5438	0					3.0		2.0	2.0	2.0		367.0	378.0		1.0			1.0	536.0			3.0								348.0						7.0	4.0		1.0				9.0	1.0			3.0				376.0				3391.0			1.0		3.0	14.0				
NC_060931.1	-1::NC_060931.1:159806340-159822717	16377	False	0.5434	0	3.0			1.0		5.0		737.0	2.0	2.0			2.0	743.0	1.0		1.0			2.0	1.0	2.0	3.0	4.0		1.0	2.0	1.0		2.0	1.0	6.0	1.0	1.0	2.0	2656.0	1.0	5.0	2.0		1.0	363.0	880.0	2.0	2.0				2.0		3.0	2.0	1.0						6.0	3.0		2.0	1.0	1.0
NC_060941.1	2::NC_060941.1:6087832-6094120	6288	False	0.6169	1	2.0	3.0	2.0	4.0	3.0	3.0	4.0	141.0	1.0	1.0	4.0	2.0	1.0	9.0	3.0	3.0	2.0	1.0	3.0	1.0	2.0		3.0	3.0	1.0		2.0	1.0		5.0	2.0		228.0		2.0	1143.0	1.0	4.0	2.0	1.0	2.0		482.0	2.0					2.0	1.0	4.0	3.0	1.0	2.0				1.0	2.0	1.0				
NC_060941.1	-1::NC_060941.1:6087888-6094167	6279	False	0.6171	1	2.0			2.0		1.0	2.0	1.0	5.0	4.0	3.0	10.0	1.0		1.0	2.0	2.0	478.0	3.0	1.0	5.0	3.0		2.0		2.0	3.0		2.0	2.0	2.0		227.0		8.0	1.0	1.0	2.0	2.0		2.0	4.0	1.0	1.0	2.0				3.0	141.0	4.0		4.0	1142.0			1.0	1.0	1.0	1.0		1.0	3.0	1.0
NC_060941.1	-3::NC_060941.1:6087991-6094060	6069	False	0.6209	1	1.0			1.0		3.0	2.0	140.0			2.0			9.0	1.0				1.0					2.0			1.0			2.0	1.0		225.0		2.0	1142.0	1.0	2.0	2.0				479.0	1.0							2.0								1.0					
NC_060941.1	-2::NC_060941.1:6088040-6094049	6009	False	0.6222	1					1.0						2.0	1.0	2.0			1.0																	223.0												1.0					1.0	138.0		1.0					1.0	1146.0	2.0		474.0	9.0	
NC_060941.1	1::NC_060941.1:6088041-6094404	6363	False	0.6164	2	5.0	2.0		3.0	1.0	2.0	1.0		3.0	2.0	2.0	11.0	3.0	1.0	4.0	2.0	4.0	478.0	4.0		1.0		4.0	1.0	4.0	5.0	4.0		3.0	3.0	6.0	1.0	224.0		7.0	2.0		6.0	3.0	2.0		6.0	3.0	1.0	2.0	1.0			1.0	144.0		4.0	4.0	1143.0	1.0		1.0	1.0	4.0		1.0			
NC_060941.1	3::NC_060941.1:17739548-17745203	5655	False	0.6433	2	10.0	5.0	3.0	12.0	65.0	10.0	29.0	92.0	71.0	68.0	4.0	13.0	28.0	2.0	27.0	9.0	19.0	15.0	40.0	15.0	19.0	2.0	89.0	104.0	19.0	13.0	25.0	32.0	11.0	106.0	44.0	10.0	59.0	1.0	27.0	43.0	13.0	82.0	28.0	54.0	9.0	5.0	19.0	14.0	72.0	26.0	16.0	39.0	103.0	11.0	28.0	50.0	33.0	23.0	6.0	14.0	43.0	10.0	10.0	18.0	18.0			
NC_060941.1	-3::NC_060941.1:39189373-39194515	5142	False	0.5716	2	50.0			58.0	19.0	36.0	5.0	24.0	56.0	41.0	26.0	21.0	53.0	5.0	30.0	13.0	23.0	22.0	51.0	29.0	18.0	8.0	47.0	12.0		26.0	41.0	10.0	3.0	46.0	32.0	3.0	52.0	5.0	45.0	19.0	7.0	61.0	14.0	19.0	7.0	13.0	9.0	29.0	54.0	9.0	7.0	17.0	36.0	35.0	41.0	105.0	92.0	29.0	6.0	8.0	4.0	6.0	61.0	21.0	43.0	30.0	16.0	6.0
NC_060941.1	-3::NC_060941.1:81645697-81650701	5004	False	0.5667	1	2.0					2.0	1.0	1.0	1.0		10.0	1.0	1.0		1.0		137.0			377.0	1.0		4.0				2.0		1.0		1.0	21.0			167.0			273.0	2.0			107.0	1.0		271.0		1.0		145.0		1.0	6.0	1.0								126.0		2.0	1.0
NC_060934.1	2::NC_060934.1:1232284-1239049	6765	False	0.6288	1	60.0		138.0	3.0	1.0	2.0	1.0	3.0	3.0	238.0		1.0	32.0		107.0		1.0	2.0	160.0	58.0	3.0	1.0	357.0	1.0	3.0	6.0	1.0	2.0			6.0	1.0	3.0		3.0	61.0	2.0	38.0	7.0	3.0	1.0	70.0	2.0	2.0	4.0	70.0	1.0	59.0	68.0	3.0		284.0	5.0	73.0			142.0	1.0	3.0	150.0	9.0			
NC_060934.1	1::NC_060934.1:1232409-1239024	6615	False	0.6293	1	140.0		70.0	3.0		1.0	1.0	1.0	1.0	192.0			75.0		59.0		1.0		118.0	142.0	2.0		361.0		1.0	4.0	2.0			1.0			1.0		4.0	143.0		39.0	4.0	1.0		59.0		7.0	1.0	59.0		142.0	23.0	2.0		325.0	5.0	58.0			69.0	1.0	1.0	79.0	7.0			
NC_060934.1	3::NC_060934.1:1232489-1239410	6921	False	0.6284	1	71.0	1.0	58.0	6.0	2.0		1.0	2.0	5.0	237.0		2.0	27.0	1.0	67.0	1.0	6.0	1.0	239.0	70.0	2.0	1.0	364.0	1.0		7.0	5.0	3.0		8.0	7.0	1.0	2.0		3.0	76.0	1.0	86.0	10.0	2.0	1.0	145.0	2.0	6.0	3.0	138.0	2.0	69.0	33.0	2.0	1.0	239.0	5.0	144.0	1.0		58.0		3.0	69.0	10.0			
NC_060934.1	-1::NC_060934.1:18577128-18582279	5151	False	0.3988	0	2.0			1.0	4.0	13.0	34.0	72.0	2.0		95.0	12.0	16.0	13.0	1.0	11.0	14.0	15.0		2.0	254.0	9.0		28.0		2.0	2.0	10.0	11.0	8.0		7.0	16.0	31.0	2.0	18.0	5.0	6.0	20.0		235.0	2.0	212.0	3.0	5.0	2.0				204.0	24.0			6.0	2.0		6.0	2.0	212.0	7.0		22.0	28.0	9.0
NC_060934.1	-2::NC_060934.1:60923363-60931241	7878	False	0.4364	2	158.0			89.0	22.0	51.0	57.0	22.0	43.0	33.0	109.0	65.0	60.0	13.0	47.0	30.0	15.0	17.0	20.0	66.0	16.0	40.0	29.0	22.0		49.0	46.0	56.0	34.0	29.0	9.0	4.0	42.0	30.0	34.0	20.0	9.0	69.0	4.0	22.0	55.0	32.0	34.0	97.0	33.0	37.0	5.0	10.0	29.0	59.0	65.0	96.0	153.0	60.0	13.0	5.0	6.0	12.0	79.0	76.0	55.0	83.0	20.0	31.0
NC_060934.1	2::NC_060934.1:122978947-122984374	5427	False	0.588	2	13.0	7.0	6.0	22.0	50.0	33.0	18.0	108.0	35.0	39.0	22.0	23.0	19.0	7.0	32.0	29.0	26.0	41.0	62.0	29.0	69.0	11.0	55.0	48.0	30.0	23.0	16.0	11.0	2.0	77.0	102.0	10.0	56.0	3.0	70.0	41.0	9.0	45.0	72.0	21.0	10.0	15.0	23.0	14.0	41.0	4.0	6.0	15.0	62.0	60.0	33.0	22.0	15.0	44.0	2.0	2.0	4.0	4.0	9.0	16.0	16.0			
NC_060934.1	-1::NC_060934.1:129001053-129008007	6954	False	0.4865	2	163.0			114.0	11.0	43.0	25.0	47.0	41.0	36.0	28.0	86.0	91.0	3.0	50.0	15.0	5.0	25.0	47.0	23.0	37.0	18.0	16.0	3.0		37.0	38.0	10.0	18.0	53.0	5.0	9.0	41.0	4.0	47.0	29.0	1.0	67.0	22.0	30.0	12.0	26.0	5.0	37.0	29.0	42.0	7.0	15.0	48.0	18.0	38.0	92.0	120.0	38.0	23.0	6.0	3.0	1.0	121.0	105.0	84.0	56.0	34.0	20.0
NC_060934.1	-1::NC_060934.1:131972550-131978775	6225	False	0.5703	2	2.0			6.0	2.0	3.0	3.0	14.0	5.0	5.0	88.0	20.0	7.0	143.0	6.0	2.0	4.0	76.0	3.0	3.0	3.0	3.0	8.0	77.0		3.0	6.0	2.0	63.0	9.0	8.0	1.0	449.0	79.0	8.0	100.0	2.0	9.0	6.0	5.0	3.0	5.0	71.0	20.0	6.0	2.0	22.0		8.0	29.0	89.0	9.0	3.0	230.0	1.0		25.0	1.0	123.0	17.0	11.0	10.0	87.0	70.0
NC_060934.1	-2::NC_060934.1:131972693-131978090	5397	False	0.5703	1						3.0		21.0			69.0	19.0	2.0	128.0				77.0						84.0					78.0	5.0			457.0	85.0		73.0	2.0		1.0		1.0		54.0	9.0			21.0			13.0	77.0			211.0			17.0		127.0	7.0	13.0	3.0	69.0	73.0
NC_060934.1	-1::NC_060934.1:133769541-133774647	5106	False	0.5413	1	1.0			2.0	2.0	8.0		21.0	1.0		2.0	23.0	178.0	4.0	2.0	1.0	1.0	74.0		12.0	1.0	1.0	3.0	2.0		2.0	5.0		1.0	3.0	1.0	5.0	4.0		156.0	415.0	16.0	143.0	11.0	1.0	1.0	4.0	66.0		8.0	2.0		1.0	3.0	1.0	4.0	4.0		5.0	4.0	15.0	2.0		5.0	386.0	5.0	83.0		1.0
NC_060934.1	-3::NC_060934.1:134060533-134067874	7341	False	0.6276	1	3.0			1.0	2.0		1.0	3.0	3.0	337.0		2.0	172.0		3.0		178.0	1.0	170.0	1.0	2.0		177.0	2.0		3.0	106.0	1.0		261.0	323.0		6.0		2.0	1.0		7.0	80.0	245.0	3.0	4.0			3.0			10.0	7.0	1.0	4.0	64.0	5.0	2.0		1.0	70.0		4.0	2.0	1.0	4.0		169.0
NC_060934.1	3::NC_060934.1:134060672-134067875	7203	False	0.6292	1	1.0	1.0	1.0			2.0		1.0	5.0	62.0	241.0	1.0	2.0	1.0	1.0	90.0	1.0		504.0	2.0	2.0		172.0	1.0		2.0	484.0			2.0	79.0		63.0		3.0	1.0		6.0	1.0	105.0	170.0		1.0	2.0	2.0			2.0	172.0	13.0	21.0	167.0	1.0	1.0	1.0	9.0			2.0					
NC_060934.1	-2::NC_060934.1:134060783-134067989	7206	False	0.6274	2	1.0			1.0	1.0	1.0	1.0	1.0	4.0	64.0	244.0		3.0	1.0	1.0	90.0		1.0	503.0	2.0		2.0	172.0	2.0		3.0	486.0	1.0		3.0	78.0		61.0	1.0	3.0			4.0		105.0	168.0		1.0	2.0	2.0			2.0	170.0	13.0	20.0	166.0	3.0	2.0	1.0	9.0	1.0			1.0				1.0
NC_060934.1	1::NC_060934.1:134060784-134067861	7077	False	0.6301	1		168.0		1.0	252.0				78.0	167.0			3.0			1.0	93.0		63.0		1.0		170.0				76.0	90.0			273.0	70.0	1.0		1.0	2.0		170.0	1.0	321.0			2.0	168.0	2.0			1.0	13.0			168.0					2.0		1.0					
NC_060934.1	-2::NC_060934.1:134091083-134096327	5244	False	0.6937	1	1.0			2.0	1.0	9.0	1.0	2.0	42.0	68.0	2.0	1.0	1.0	9.0	157.0			2.0	77.0	1.0			53.0			3.0	1.0			4.0	1.0		283.0		22.0	68.0	24.0	180.0	4.0			19.0		2.0	2.0	4.0	2.0		2.0	4.0	11.0	71.0	8.0	170.0	1.0	1.0	20.0		196.0	56.0	156.0	2.0	2.0	
NC_060934.1	-3::NC_060934.1:134091100-134096386	5286	False	0.6928	1	2.0			2.0	1.0	12.0		6.0	49.0	56.0	1.0	1.0		5.0	159.0			1.0	71.0	1.0			71.0			3.0	1.0	1.0		4.0	3.0		283.0	1.0	24.0	76.0	20.0	168.0	4.0	2.0		15.0		2.0	3.0		1.0	1.0	2.0	2.0	11.0	68.0	15.0	173.0	1.0		23.0		186.0	78.0	144.0	3.0	6.0	
NC_060942.1	-2::NC_060942.1:74425633-74430805	5172	False	0.686	1				10.0	2.0		1.0	96.0	51.0		70.0	6.0				1.0		14.0			88.0			15.0						1.0		2.0	294.0		6.0	135.0	55.0	1.0				2.0	78.0		1.0		1.0			305.0	260.0		1.0	96.0			2.0	9.0	106.0			8.0	7.0	
NC_060930.1	-2::NC_060930.1:225973-230983	5010	False	0.5739	0	1.0				1.0	1.0		1.0	148.0	1.0		376.0	129.0	3.0		1.0				2.0		2.0				2.0	1.0	4.0	1.0	5.0					1.0	2.0			7.0	2.0	5.0			78.0	517.0			1.0		1.0	231.0	1.0		5.0	8.0	1.0				129.0	1.0		1.0	
NC_060930.1	2::NC_060930.1:11988001-11994064	6063	False	0.4437	1	36.0	16.0	32.0	38.0	35.0	43.0	78.0	47.0	18.0	41.0	32.0	60.0	10.0	18.0	71.0	60.0	50.0	43.0	54.0	45.0	79.0	19.0	37.0	57.0	73.0	41.0	27.0	23.0	17.0	85.0	59.0	10.0	17.0	32.0	44.0	37.0		44.0	33.0	22.0	73.0	39.0	30.0	23.0	30.0	10.0	11.0	7.0	27.0	35.0	23.0	14.0	17.0	19.0	7.0	4.0	8.0	9.0	7.0	28.0	17.0			
NC_060930.1	2::NC_060930.1:46525729-46531828	6099	False	0.4384	2	47.0	19.0	34.0	47.0	42.0	38.0	78.0	69.0	29.0	18.0	31.0	38.0	24.0	39.0	40.0	29.0	42.0	71.0	39.0	27.0	105.0	54.0	19.0	51.0	31.0	27.0	12.0	27.0	53.0	63.0	27.0	8.0	23.0	39.0	36.0	56.0	10.0	57.0	32.0	16.0	59.0	37.0	32.0	15.0	22.0	17.0	13.0	16.0	32.0	37.0	21.0	19.0	24.0	16.0	5.0	14.0	15.0	5.0	26.0	35.0	26.0			
NC_060930.1	-3::NC_060930.1:56445117-56450658	5541	False	0.3757	2	89.0			28.0	9.0	44.0	39.0	12.0	18.0	52.0	51.0	49.0	27.0	9.0	28.0	35.0	28.0	19.0	14.0	52.0	13.0	81.0	11.0	45.0		39.0	16.0	34.0	33.0	27.0	6.0	5.0	13.0	26.0	27.0	8.0		44.0	7.0	26.0	65.0	29.0	28.0	109.0	31.0	25.0	2.0	1.0	15.0	16.0	32.0	46.0	132.0	12.0	3.0	1.0	1.0	2.0	31.0	50.0	39.0	48.0	19.0	46.0
NC_060930.1	-2::NC_060930.1:65442883-65449135	6252	False	0.4207	0					1.0	3.0	10.0	4.0		2.0	1368.0	2.0	1.0	3.0	1.0	2.0	1.0		1.0	1.0	8.0	1.0	1.0	107.0		5.0	3.0	6.0		24.0	2.0			3.0	4.0		3.0	2.0	6.0	1.0	2.0		2.0	3.0	447.0	1.0		2.0	1.0	5.0	21.0	2.0		1.0	2.0	1.0	7.0		3.0	2.0	2.0	2.0		2.0
NC_060930.1	-3::NC_060930.1:65442954-65448960	6006	False	0.4172	0							9.0	21.0	2.0		4.0	1.0				3.0					105.0		1.0	1357.0				2.0		448.0		1.0				1.0	5.0		21.0		5.0				1.0	1.0		1.0		2.0	4.0									1.0	1.0		5.0	
NC_060930.1	2::NC_060930.1:65442955-65449012	6057	False	0.419	0						1.0	4.0	3.0			1366.0	2.0		1.0	1.0		1.0			1.0	7.0	1.0		107.0				4.0		23.0	1.0			2.0	2.0		2.0		1.0	1.0	2.0			2.0	445.0			1.0		5.0	21.0				1.0	1.0	7.0		2.0		1.0			
NC_060930.1	1::NC_060930.1:88463436-88470609	7173	False	0.3796	1	76.0	22.0	48.0	42.0	31.0	37.0	140.0	45.0	13.0	30.0	34.0	65.0	15.0	42.0	61.0	66.0	58.0	64.0	54.0	64.0	135.0	60.0	11.0	71.0	63.0	44.0	20.0	44.0	30.0	73.0	59.0	11.0	17.0	32.0	54.0	40.0	1.0	22.0	51.0	27.0	137.0	46.0	43.0	8.0	19.0	17.0	5.0	5.0	20.0	31.0	14.0	14.0	13.0	35.0	8.0	5.0	8.0	15.0	7.0	54.0	15.0			
NC_060930.1	-2::NC_060930.1:143961847-143967352	5505	False	0.4979	2	50.0			62.0	17.0	35.0	36.0	15.0	26.0	38.0	48.0	26.0	37.0	13.0	19.0	30.0	20.0	24.0	24.0	41.0	21.0	20.0	31.0	29.0		42.0	31.0	21.0	11.0	40.0	15.0	3.0	36.0	30.0	50.0	37.0	8.0	80.0	12.0	23.0	31.0	25.0	28.0	36.0	35.0	13.0	7.0	14.0	29.0	44.0	66.0	68.0	65.0	23.0	11.0	7.0	13.0	11.0	58.0	31.0	31.0	56.0	12.0	20.0
NC_060930.1	3::NC_060930.1:152549237-152554313	5076	False	0.5028	2	17.0	7.0	19.0	14.0	42.0	14.0	83.0	139.0	18.0	34.0	17.0	24.0	4.0	24.0	38.0	35.0	43.0	51.0	36.0	35.0	163.0	16.0	30.0	61.0	37.0	10.0	13.0	6.0	3.0	61.0	33.0	13.0	33.0	13.0	48.0	52.0	6.0	21.0	53.0	39.0	9.0	28.0	20.0	11.0	25.0		4.0	10.0	37.0	41.0	11.0	9.0	10.0	18.0	3.0	3.0	5.0	1.0	8.0	6.0	28.0			
NC_060930.1	2::NC_060930.1:168126778-168132607	5829	False	0.7277	2	10.0	1.0		8.0		7.0	1.0	2.0	117.0	118.0	1.0		2.0	1.0	52.0	1.0		3.0	168.0	1.0	1.0	8.0	373.0		76.0	70.0	51.0	2.0		83.0	114.0		49.0		2.0	2.0	2.0	1.0	4.0	54.0		1.0	2.0	57.0	2.0		33.0	2.0	118.0		73.0	211.0	13.0	9.0			30.0		6.0		1.0			
NC_060930.1	1::NC_060930.1:168126855-168132705	5850	False	0.7285	2	10.0		1.0	11.0	1.0	6.0		4.0	119.0	133.0	1.0	1.0	3.0		47.0	1.0	1.0	1.0	175.0		2.0	10.0	367.0		81.0	64.0	54.0			73.0	119.0		43.0		2.0			3.0	5.0	50.0			1.0	57.0	1.0		30.0		113.0	2.0	76.0	208.0	12.0	1.0		5.0	43.0		13.0					
NC_060930.1	3::NC_060930.1:168126875-168132740	5865	False	0.7284	2	9.0	1.0		10.0		8.0		1.0	116.0	120.0	3.0		1.0		50.0	1.0			169.0	2.0	1.0	10.0	372.0	2.0	71.0	67.0	51.0			77.0	119.0		42.0		2.0	1.0	2.0	3.0	1.0	50.0	1.0		3.0	59.0		1.0	41.0	5.0	118.0	5.0	83.0	213.0	10.0			2.0	34.0		10.0		8.0			
NC_060930.1	-1::NC_060930.1:171253508-171258662	5154	False	0.5041	1				2.0	55.0	41.0	1.0	12.0	3.0	2.0	5.0	43.0	3.0	3.0	1.0	6.0	40.0	227.0	4.0	1.0	1.0	2.0	3.0	3.0		1.0	3.0	5.0	3.0	47.0	3.0	9.0	156.0	2.0	1.0	142.0	2.0	3.0	6.0	2.0	1.0	46.0	231.0	9.0		1.0	3.0		5.0	14.0	12.0	2.0	3.0	104.0		1.0	11.0	4.0	101.0	53.0	2.0	262.0	3.0	7.0
NC_060940.1	-2::NC_060940.1:1750834-1756534	5700	False	0.5935	0	1.0			4.0	69.0	2.0	1.0	96.0	3.0	93.0	5.0	16.0	5.0	5.0	19.0	1.0	5.0		7.0	5.0	1.0	1.0	11.0	3.0		84.0	11.0	4.0		1.0	47.0	3.0	2.0	2.0	9.0	302.0	31.0	26.0	36.0	75.0		3.0	26.0	56.0	76.0		8.0	123.0	9.0	2.0	1.0	8.0	9.0	2.0	170.0	2.0	2.0		4.0	193.0	73.0	145.0		2.0
NC_060940.1	-3::NC_060940.1:1751049-1756365	5316	False	0.5918	0	1.0			5.0	75.0			92.0	1.0	99.0	7.0	14.0	1.0	1.0	13.0			1.0	7.0	2.0		1.0	4.0	1.0		78.0	8.0	1.0	1.0	1.0	49.0	1.0			2.0	280.0	37.0	22.0	39.0	64.0		2.0	31.0	46.0	67.0		2.0	127.0	5.0	1.0	1.0	1.0	6.0	1.0	155.0	2.0	2.0	2.0	1.0	197.0	55.0	155.0		5.0
NC_060940.1	2::NC_060940.1:2781778-2788480	6702	False	0.548	2	11.0	6.0	10.0	29.0	17.0	19.0	54.0	38.0	36.0	101.0	129.0	52.0	6.0	16.0	199.0	29.0	58.0	28.0	88.0	40.0	49.0	9.0	49.0	26.0	101.0	19.0	13.0	18.0	4.0	50.0	120.0	11.0	28.0	7.0	47.0	36.0	5.0	21.0	49.0	41.0	15.0	8.0	28.0	6.0	58.0	3.0	19.0	20.0	54.0	25.0	83.0	17.0	4.0	22.0	31.0	58.0	48.0	47.0	5.0	6.0	8.0			
NC_060940.1	2::NC_060940.1:31463725-31469239	5514	False	0.6166	2	10.0	4.0	2.0	12.0	49.0	15.0	18.0	111.0	62.0	28.0	10.0	27.0	43.0	6.0	28.0	11.0	22.0	19.0	32.0	26.0	53.0		63.0	48.0	16.0	36.0	80.0	39.0	9.0	80.0	31.0	8.0	63.0	3.0	36.0	29.0	10.0	62.0	33.0	40.0	17.0	6.0	21.0	23.0	65.0	22.0	2.0	6.0	59.0	28.0	32.0	41.0	30.0	29.0	13.0	41.0	51.0	11.0	14.0	39.0	14.0			
NC_060940.1	-1::NC_060940.1:78611033-78616598	5565	False	0.5258	2	39.0			80.0	16.0	48.0	39.0	39.0	49.0	23.0	29.0	30.0	33.0	27.0	17.0	35.0	16.0	30.0	20.0	32.0	28.0	33.0	24.0	20.0		33.0	26.0	8.0	7.0	71.0	8.0	8.0	45.0	10.0	47.0	23.0	8.0	123.0	14.0	17.0	24.0	48.0	19.0	35.0	33.0	7.0	8.0	13.0	27.0	43.0	52.0	71.0	47.0	43.0	9.0	13.0	22.0	5.0	52.0	30.0	48.0	26.0	14.0	11.0
NC_060940.1	2::NC_060940.1:94495414-94507291	11877	False	0.6742	2	26.0	9.0	7.0	22.0	120.0	26.0	40.0	207.0	165.0	86.0	42.0	34.0	52.0	6.0	41.0	24.0	39.0	45.0	110.0	33.0	54.0	7.0	275.0	116.0	35.0	18.0	87.0	42.0	6.0	159.0	115.0	33.0	140.0	2.0	70.0	68.0	57.0	172.0	64.0	95.0	13.0	14.0	33.0	16.0	168.0	22.0	26.0	100.0	219.0	71.0	108.0	81.0	74.0	49.0	15.0	48.0	56.0	14.0	26.0	23.0	34.0			
NC_060940.1	-1::NC_060940.1:95358857-95366147	7290	False	0.5771	2	120.0			165.0	27.0	6.0	20.0	42.0	99.0	13.0	49.0	12.0	25.0	34.0	29.0	17.0	12.0	31.0	57.0	21.0	46.0	15.0	46.0	16.0		19.0	43.0	14.0	6.0	81.0	16.0	7.0	92.0	8.0	59.0	45.0	18.0	64.0	18.0	14.0	9.0	25.0	13.0	40.0	38.0	3.0	14.0	25.0	47.0	82.0	61.0	177.0	79.0	32.0	25.0	32.0	44.0	25.0	36.0	18.0	155.0	28.0	9.0	7.0
NC_060927.1	-1::NC_060927.1:39196908-39202569	5661	False	0.6075	2	13.0			62.0	31.0	35.0	26.0	37.0	86.0	27.0	22.0	30.0	33.0	8.0	23.0	12.0	7.0	37.0	34.0	29.0	12.0	8.0	58.0	15.0		28.0	50.0	16.0	7.0	86.0	16.0	4.0	78.0	6.0	53.0	38.0	17.0	121.0	15.0	24.0	8.0	18.0	17.0	26.0	43.0	3.0	8.0	27.0	43.0	35.0	55.0	109.0	41.0	41.0	7.0	4.0	9.0	3.0	56.0	36.0	53.0	22.0	16.0	3.0
NC_060927.1	3::NC_060927.1:49680605-49687502	6897	False	0.6219	2	20.0	17.0		27.0	65.0	21.0	11.0	151.0	78.0	64.0	13.0	45.0	10.0	11.0	35.0	24.0	38.0	26.0	82.0	29.0	28.0	12.0	93.0	52.0	34.0	16.0	31.0	16.0	23.0	143.0	71.0	18.0	56.0	4.0	63.0	49.0	10.0	90.0	47.0	58.0	8.0	9.0	43.0	37.0	67.0	33.0	7.0	10.0	94.0	25.0	33.0	39.0	19.0	38.0	21.0	31.0	54.0	12.0	10.0	6.0	22.0			
NC_060927.1	2::NC_060927.1:100575529-100581808	6279	False	0.3939	2	41.0	13.0	46.0	38.0	41.0	44.0	106.0	81.0	20.0	31.0	37.0	57.0	7.0	38.0	80.0	42.0	51.0	76.0	55.0	55.0	142.0	64.0	13.0	50.0	55.0	35.0	18.0	27.0	28.0	33.0	38.0	6.0	28.0	37.0	47.0	36.0	3.0	19.0	35.0	19.0	86.0	39.0	46.0	11.0	24.0	18.0	1.0	2.0	24.0	32.0	18.0	10.0	16.0	26.0	5.0	2.0	1.0	3.0	5.0	20.0	12.0			
NC_060927.1	-2::NC_060927.1:116376113-116382617	6504	False	0.4417	1	37.0			35.0	13.0	81.0	32.0	19.0	28.0	34.0	97.0	61.0	41.0	4.0	30.0	31.0	23.0	17.0	23.0	63.0	9.0	97.0	15.0	36.0		51.0	30.0	62.0	25.0	20.0	4.0	11.0	34.0	13.0	48.0	24.0	1.0	118.0	11.0	34.0	55.0	50.0	50.0	48.0	51.0	27.0	9.0	3.0	20.0	33.0	81.0	33.0	49.0	36.0	3.0	5.0	3.0	4.0	77.0	59.0	26.0	82.0	15.0	37.0
NC_060927.1	-2::NC_060927.1:124413632-124418822	5190	False	0.3979	1	111.0			84.0	11.0	76.0	18.0	24.0	18.0	18.0	41.0	25.0	38.0	4.0	27.0	33.0	10.0	15.0	25.0	41.0	5.0	38.0	5.0	49.0		32.0	24.0	25.0	29.0	33.0	4.0	3.0	2.0	11.0	34.0	7.0	4.0	89.0	4.0	12.0	38.0	28.0	24.0	57.0	39.0	16.0	3.0	1.0	4.0	17.0	8.0	93.0	197.0	14.0	3.0	4.0		2.0	13.0	31.0	24.0	14.0	33.0	38.0
NC_060927.1	2::NC_060927.1:198566581-198586597	20016	False	0.5742	2	12.0	8.0	12.0	446.0	310.0	1.0	11.0	23.0	29.0	705.0	9.0	22.0	2.0	106.0	114.0	21.0	408.0	20.0	654.0	212.0	24.0	8.0	21.0	9.0	428.0	51.0	199.0	28.0	1.0	73.0	35.0	40.0	19.0	16.0	120.0	36.0	5.0	12.0	228.0	873.0	14.0	22.0	22.0	28.0	159.0	6.0	27.0	14.0	205.0	34.0	12.0	14.0	15.0	345.0	18.0	1.0	4.0	2.0	11.0	1.0	367.0			
NC_060927.1	3::NC_060927.1:198576875-198585050	8175	False	0.584	0	32.0	28.0	1.0	141.0	4.0	16.0				8.0	1.0		3.0		1.0	1.0	130.0		199.0	2.0		2.0	114.0	2.0	169.0	110.0	3.0		45.0	313.0	378.0	101.0	2.0	2.0		54.0		146.0	12.0				32.0	3.0		3.0		102.0	65.0		19.0	157.0	169.0		3.0	17.0	9.0			13.0	113.0			
NC_060927.1	1::NC_060927.1:199530585-199537254	6669	False	0.6196	1	9.0	12.0		323.0	1.0			1.0		474.0		3.0	4.0		5.0	1.0	1.0	1.0	476.0		2.0	2.0	389.0		4.0	1.0	2.0	4.0					1.0	1.0	1.0	1.0		2.0		6.0	1.0	1.0	1.0	1.0	2.0	13.0		1.0	3.0		2.0	157.0	310.0	2.0			1.0		1.0					
NC_060927.1	3::NC_060927.1:199530596-199537127	6531	False	0.622	1	12.0	13.0		305.0		1.0	1.0	1.0		499.0					2.0				487.0	1.0	1.0		352.0						1.0	2.0	1.0				1.0	1.0	1.0			12.0						5.0				1.0		187.0	289.0								1.0			
NC_060927.1	2::NC_060927.1:199530610-199537132	6522	False	0.6225	1	14.0	5.0		287.0					2.0	462.0		1.0			1.0		1.0		503.0			1.0	364.0		1.0		1.0									1.0			1.0	13.0						12.0				1.0		185.0	315.0						1.0	1.0	1.0			
NC_060946.1	3::NC_060946.1:20758991-20765624	6633	False	0.6881	0		92.0	2.0		70.0	10.0	7.0	103.0	99.0	50.0			1.0		10.0	5.0	11.0	15.0	2.0	4.0	4.0	1.0	82.0	34.0	4.0	7.0	62.0	74.0	1.0	61.0	10.0	212.0	1.0		80.0	2.0	64.0	8.0	93.0	20.0	2.0	8.0	21.0	68.0	8.0		149.0	124.0	156.0	1.0	212.0	3.0		3.0	2.0	3.0	6.0	30.0	1.0		113.0			
NC_060946.1	-2::NC_060946.1:20759017-20765623	6606	False	0.6883	0					91.0		10.0	120.0	121.0	1.0	7.0	4.0	18.0		6.0	6.0	10.0	22.0	4.0	3.0	22.0	3.0	11.0	21.0		66.0	65.0	87.0	2.0	79.0	107.0		55.0		90.0	2.0	29.0		15.0	9.0		9.0		93.0	8.0	4.0	1.0	8.0	196.0	90.0	2.0	5.0		30.0	80.0	246.0	40.0	89.0	6.0	9.0	115.0	6.0		79.0
NC_060946.1	2::NC_060946.1:21797188-21802321	5133	False	0.6447	2	7.0	11.0	3.0	14.0	45.0	16.0	14.0	116.0	55.0	49.0	13.0	11.0	26.0	4.0	12.0	26.0	12.0	25.0	30.0	12.0	30.0	2.0	51.0	48.0	17.0	13.0	30.0	23.0	13.0	98.0	28.0	5.0	47.0	6.0	28.0	51.0	47.0	103.0	22.0	32.0	8.0	9.0	25.0	16.0	42.0	16.0	14.0	24.0	68.0	17.0	33.0	36.0	23.0	12.0	7.0	45.0	48.0	6.0	26.0	16.0	25.0			
NC_060946.1	-2::NC_060946.1:21959536-21964666	5130	False	0.645	2	14.0			48.0	24.0	26.0	7.0	36.0	68.0	17.0	12.0	11.0	22.0	16.0	13.0	16.0	16.0	16.0	33.0	11.0	23.0	7.0	46.0	14.0		25.0	52.0	9.0	6.0	103.0	25.0	7.0	50.0	13.0	42.0	30.0	44.0	98.0	27.0	11.0	2.0	24.0	13.0	26.0	28.0	4.0	6.0	49.0	56.0	49.0	32.0	115.0	29.0	32.0	5.0	48.0	24.0	14.0	28.0	12.0	45.0	17.0	11.0	3.0
NC_060946.1	-3::NC_060946.1:32176110-32181402	5292	False	0.4305	1	79.0			52.0	18.0	39.0	32.0	13.0	23.0	27.0	63.0	32.0	31.0	11.0	34.0	32.0	41.0	22.0	18.0	44.0	15.0	54.0	14.0	28.0		36.0	20.0	24.0	27.0	32.0	7.0	4.0	18.0	14.0	36.0	24.0	2.0	47.0	23.0	32.0	24.0	34.0	34.0	50.0	26.0	28.0	5.0	8.0	18.0	41.0	40.0	44.0	105.0	31.0	5.0	2.0	5.0	2.0	34.0	40.0	38.0	31.0	17.0	34.0
NC_060946.1	-1::NC_060946.1:42689051-42694844	5793	False	0.5156	2	47.0			66.0	10.0	50.0	28.0	16.0	33.0	45.0	57.0	30.0	36.0	22.0	31.0	16.0	14.0	14.0	34.0	53.0	17.0	44.0	40.0	21.0		42.0	32.0	24.0	9.0	34.0	11.0	6.0	37.0	28.0	51.0	28.0	6.0	114.0	6.0	49.0	21.0	31.0	30.0	38.0	47.0	11.0	7.0	22.0	52.0	47.0	78.0	58.0	57.0	27.0	6.0	6.0	9.0	6.0	60.0	23.0	31.0	35.0	12.0	16.0
NC_060946.1	-3::NC_060946.1:46741263-46748286	7023	False	0.4853	2	54.0			54.0	42.0	31.0	72.0	55.0	54.0	29.0	48.0	39.0	29.0	28.0	38.0	46.0	25.0	51.0	37.0	31.0	57.0	51.0	30.0	34.0		48.0	79.0	33.0	33.0	74.0	44.0	12.0	49.0	50.0	40.0	39.0	25.0	68.0	23.0	24.0	50.0	44.0	26.0	50.0	38.0	23.0	10.0	17.0	40.0	39.0	44.0	39.0	53.0	39.0	11.0	22.0	12.0	17.0	29.0	45.0	44.0	22.0	25.0	26.0
NC_060938.1	3::NC_060938.1:1281710-1287200	5490	False	0.2175	1	29.0	1.0	1.0			1.0	141.0				2.0	108.0			35.0	136.0	62.0	15.0		36.0	46.0	52.0	4.0	3.0	54.0	21.0	5.0	7.0	285.0	1.0	29.0	7.0		299.0		10.0		99.0	2.0	41.0	71.0		43.0	1.0	11.0	138.0		1.0			8.0	4.0	1.0	15.0						5.0				
NC_060938.1	-1::NC_060938.1:9180175-9185392	5217	False	0.4643	0	4.0			2.0	4.0	20.0	40.0	119.0	1.0	3.0	30.0	120.0	15.0	16.0	3.0	8.0	7.0	12.0		12.0	161.0	17.0		22.0		1.0	4.0	11.0	7.0	18.0	1.0	11.0	16.0	9.0	3.0	124.0	2.0	5.0	17.0	1.0	131.0	11.0	130.0	2.0	8.0	2.0	2.0		3.0	229.0	24.0	3.0	5.0	10.0		1.0	16.0	4.0	219.0	24.0	3.0	35.0	17.0	14.0
NC_060938.1	-2::NC_060938.1:9191928-9197229	5301	False	0.465	1	3.0			3.0	5.0	19.0	42.0	119.0	2.0	3.0	31.0	136.0	11.0	20.0	2.0	8.0	5.0	10.0		9.0	150.0	18.0		19.0		3.0	3.0	10.0	5.0	20.0	2.0	14.0	24.0	8.0	4.0	125.0		9.0	22.0	2.0	134.0	9.0	134.0	3.0	7.0	5.0	3.0		1.0	232.0	23.0	2.0	5.0	11.0		1.0	8.0	4.0	228.0	21.0	2.0	38.0	15.0	15.0
NC_060938.1	-2::NC_060938.1:99184539-99199485	14946	False	0.5867	2	180.0			327.0	79.0	39.0	38.0	131.0	198.0	75.0	100.0	64.0	56.0	5.0	39.0	26.0	11.0	38.0	45.0	47.0	90.0	8.0	123.0	43.0		164.0	319.0	35.0	23.0	224.0	17.0	1.0	260.0	1.0	119.0	46.0	9.0	183.0	8.0	47.0	42.0	12.0	14.0	144.0	75.0	15.0	7.0	22.0	157.0	131.0	83.0	246.0	115.0	38.0	20.0	51.0	51.0	42.0	102.0	75.0	257.0	39.0	12.0	14.0
NC_060938.1	3::NC_060938.1:99472982-99484097	11115	False	0.6759	1					108.0			217.0	110.0		110.0			109.0		216.0	3.0		217.0	109.0			2.0		109.0	1.0	217.0			218.0			218.0			1.0	109.0	219.0	108.0	110.0				111.0	217.0			106.0	217.0	110.0		1.0				109.0			108.0		215.0			
NC_060947.1	2::NC_060947.1:359725-366202	6477	False	0.3918	0	238.0		30.0	346.0	1.0		1.0	5.0	2.0	212.0	4.0	3.0	3.0		339.0	1.0	1.0	2.0	199.0	4.0	3.0	26.0	10.0	1.0	30.0	26.0	1.0	2.0	29.0	4.0		1.0	2.0	1.0	4.0	3.0		8.0	5.0	1.0	3.0	2.0	1.0	32.0	3.0				3.0	3.0	2.0	210.0	341.0	3.0					2.0	3.0	3.0			
NC_060947.1	1::NC_060947.1:359745-366177	6432	False	0.3905	0	226.0		29.0	352.0	1.0	1.0	2.0	5.0	2.0	192.0	4.0		3.0		350.0	1.0	1.0		208.0	1.0	3.0	31.0	14.0	1.0	27.0	30.0	3.0	1.0	28.0	5.0	2.0		2.0		3.0	2.0		3.0		1.0	2.0		1.0	27.0	5.0	1.0				4.0	1.0	196.0	353.0		1.0	1.0	1.0	2.0	6.0	6.0	3.0			
NC_060947.1	3::NC_060947.1:359918-366206	6288	False	0.3876	0	242.0	1.0	27.0	336.0	2.0			1.0		209.0		1.0			340.0	1.0			212.0	1.0		29.0	9.0		32.0	28.0	1.0		29.0	2.0	3.0				1.0	2.0		4.0	3.0	1.0				28.0			1.0		1.0	1.0	1.0	199.0	340.0						2.0	3.0	3.0			
NC_060947.1	-3::NC_060947.1:2933549-2938700	5151	False	0.4692	2	52.0			57.0	24.0	30.0	33.0	16.0	18.0	31.0	47.0	47.0	32.0	20.0	40.0	37.0	8.0	20.0	20.0	30.0	16.0	30.0	19.0	31.0		37.0	33.0	28.0	24.0	24.0	18.0	4.0	34.0	15.0	27.0	22.0	8.0	44.0	6.0	20.0	32.0	32.0	20.0	44.0	26.0	13.0	6.0	5.0	21.0	54.0	49.0	57.0	61.0	44.0	6.0	3.0	7.0	5.0	64.0	66.0	38.0	31.0	17.0	14.0
NC_060947.1	-3::NC_060947.1:3253016-3259088	6072	False	0.6174	1	1.0				2.0	2.0	9.0	5.0	1.0		25.0	2.0	5.0	12.0			8.0	179.0		2.0	80.0			76.0		8.0	1.0	2.0	2.0	4.0	1.0	2.0	460.0	19.0		168.0	1.0		6.0		3.0	1.0	169.0		1.0	5.0	1.0			156.0	84.0			171.0	1.0				236.0			82.0	22.0	9.0
NC_060947.1	-2::NC_060947.1:3253152-3259275	6123	False	0.6195	1	2.0			3.0	2.0	2.0	9.0	5.0	2.0		19.0	3.0	6.0	16.0	5.0	5.0	11.0	171.0	2.0	1.0	80.0	3.0	3.0	83.0		9.0	2.0	1.0	2.0	4.0			457.0	11.0	4.0	159.0	1.0	1.0	7.0		4.0	2.0	171.0	1.0		3.0		1.0		156.0	82.0		3.0	166.0	1.0		3.0	2.0	254.0	1.0		80.0	16.0	4.0
NC_060947.1	-1::NC_060947.1:3253387-3259066	5679	False	0.6378	1					2.0	1.0	1.0	2.0			8.0		5.0	11.0		1.0	2.0	159.0			75.0			79.0		6.0		2.0	1.0				457.0	5.0		153.0			7.0	1.0	3.0	1.0	163.0		1.0					157.0	82.0			175.0					239.0	1.0	1.0	79.0	13.0	
NC_060947.1	1::NC_060947.1:7722645-7734708	12063	False	0.6604	1	2.0	1.0		122.0	1.0	1.0			2.0	575.0	3.0				123.0	1.0	256.0		608.0	5.0	1.0	2.0	616.0		14.0	1.0	464.0	1.0	2.0	1.0	181.0	2.0				2.0		2.0	1.0	197.0	2.0		1.0	3.0	1.0			1.0	1.0	2.0	1.0	670.0	145.0			1.0			2.0	2.0	2.0			
NC_060947.1	2::NC_060947.1:7722679-7734679	12000	False	0.6609	1			3.0	122.0	1.0			2.0		662.0	1.0		1.0		145.0	2.0	235.0		587.0	3.0	1.0	3.0	587.0		12.0		450.0	2.0			214.0	1.0				1.0			1.0	227.0												608.0	123.0		1.0	1.0	1.0		2.0		1.0			
NC_060947.1	3::NC_060947.1:7722698-7735070	12372	False	0.6604	2	4.0	1.0	1.0	151.0	1.0		1.0	3.0	6.0	604.0	2.0	3.0	3.0		126.0	2.0	267.0	2.0	665.0	5.0	1.0		621.0	1.0	5.0	4.0	463.0	3.0	2.0	8.0	195.0	1.0	5.0		10.0	2.0	1.0	10.0	1.0	183.0	1.0	1.0		1.0	1.0				1.0	4.0	4.0	599.0	126.0	3.0	1.0	4.0	4.0		5.0	1.0	5.0			
NC_060947.1	-3::NC_060947.1:7724006-7730822	6816	False	0.6618	1				88.0						354.0					73.0		150.0		397.0	1.0			342.0				254.0	1.0			116.0									109.0												325.0	62.0											
NC_060947.1	-2::NC_060947.1:74174571-74180871	6300	False	0.419	2	122.0			80.0	17.0	47.0	52.0	13.0	36.0	30.0	52.0	31.0	50.0	18.0	35.0	42.0	47.0	20.0	12.0	31.0	23.0	61.0	21.0	45.0		32.0	39.0	24.0	39.0	29.0	21.0	11.0	20.0	48.0	24.0	26.0	5.0	54.0	17.0	26.0	54.0	39.0	24.0	71.0	39.0	25.0	7.0	9.0	18.0	17.0	34.0	62.0	112.0	17.0	4.0	35.0	10.0	4.0	51.0	32.0	38.0	42.0	22.0	34.0
NC_060947.1	3::NC_060947.1:99932555-99940049	7494	False	0.5458	1	23.0	9.0	11.0	25.0	34.0	32.0	50.0	127.0	44.0	60.0	32.0	63.0	10.0	11.0	69.0	21.0	36.0	64.0	57.0	61.0	58.0	43.0	24.0	90.0	15.0	14.0	6.0	21.0	11.0	97.0	17.0	7.0	180.0	18.0	209.0	65.0	2.0	12.0	55.0	40.0	91.0	55.0	47.0	11.0	15.0	12.0	1.0	2.0	108.0	68.0	53.0	8.0	14.0	63.0	5.0	2.0	6.0	3.0	56.0	20.0	35.0			
NC_060947.1	2::NC_060947.1:134652682-134658769	6087	False	0.4316	1	52.0	16.0	21.0	24.0	19.0	37.0	41.0	44.0	9.0	81.0	20.0	24.0	3.0	32.0	117.0	23.0	168.0	30.0	85.0	136.0	49.0	42.0	24.0	25.0	86.0	22.0	15.0	19.0	18.0	21.0	59.0	10.0	16.0	38.0	52.0	34.0	2.0	24.0	44.0	73.0	49.0	48.0	58.0	22.0	16.0	7.0	6.0	1.0	30.0	21.0	18.0	20.0	25.0	21.0	3.0		1.0	2.0	10.0	4.0	12.0			
NC_060947.1	-2::NC_060947.1:151389693-151396119	6426	False	0.596	2	30.0			62.0	21.0	14.0	15.0	16.0	161.0	27.0	45.0	73.0	53.0	21.0	17.0	13.0	12.0	16.0	102.0	15.0	7.0	9.0	30.0	22.0		22.0	27.0	16.0	6.0	95.0	25.0	16.0	27.0	4.0	37.0	38.0	46.0	37.0	33.0	72.0	81.0	16.0	19.0	23.0	44.0	2.0	19.0	30.0	73.0	22.0	69.0	33.0	29.0	42.0	27.0	19.0	10.0	5.0	110.0	22.0	78.0	74.0	6.0	7.0
NC_060947.1	3::NC_060947.1:151538903-151545329	6426	False	0.596	2	15.0	6.0	7.0	22.0	78.0	13.0	30.0	33.0	73.0	22.0	17.0	15.0	33.0	2.0	45.0	14.0	22.0	23.0	69.0	73.0	29.0	81.0	27.0	62.0	74.0	19.0	38.0	16.0	4.0	37.0	110.0	27.0	30.0	6.0	44.0	27.0	19.0	95.0	53.0	42.0	9.0	16.0	22.0	16.0	37.0	21.0	5.0	10.0	161.0	27.0	102.0	16.0	7.0	72.0	16.0	46.0	30.0	19.0	25.0	12.0	21.0			
NC_060947.1	1::NC_060947.1:151659219-151665822	6603	False	0.5594	1	2.0	1.0	1.0	1.0	1.0	2.0	4.0	6.0	1.0	2.0	3.0	2.0	76.0	1.0	1.0	1.0	446.0		3.0	39.0	1.0	3.0	8.0	2.0	43.0	82.0	722.0	9.0	1.0	4.0	168.0	39.0	3.0	9.0	4.0	5.0		5.0	123.0	192.0		1.0	77.0		3.0	9.0	3.0	2.0	6.0	2.0	3.0	40.0		2.0	1.0	32.0	1.0		3.0					
NC_060947.1	2::NC_060947.1:151659493-151665865	6372	False	0.5576	1	2.0		1.0		2.0	2.0				1.0	1.0		74.0	1.0		4.0	467.0			46.0	2.0		5.0	2.0	30.0	81.0	685.0	1.0		2.0	196.0	39.0		7.0	1.0			1.0	105.0	190.0			76.0		1.0	11.0	3.0	1.0	3.0			37.0	1.0	1.0	1.0	41.0								
NC_060947.1	3::NC_060947.1:151659503-151665851	6348	False	0.5573	1		1.0	2.0				1.0	1.0		1.0			77.0	1.0		10.0	469.0		3.0	34.0		1.0	4.0	1.0	36.0	86.0	701.0	4.0		1.0	190.0	30.0		6.0			2.0	2.0	111.0	165.0			74.0		3.0	9.0	1.0		3.0			43.0			1.0	42.0								
NC_060935.1	-1::NC_060935.1:206501-214061	7560	False	0.4058	0	2.0				83.0			4.0				243.0						250.0			4.0	246.0		2.0		6.0			241.0			2.0	7.0		1.0	110.0	4.0		124.0		2.0	20.0		120.0	107.0	120.0	3.0			219.0	114.0			118.0			10.0		107.0	125.0	6.0	6.0	113.0	1.0
NC_060935.1	1::NC_060935.1:206502-214065	7563	False	0.4059	0	2.0		134.0			132.0	4.0				113.0	4.0		117.0	4.0		126.0	109.0		77.0	116.0	268.0			116.0	114.0	10.0			1.0			114.0	108.0		357.0	106.0	1.0	1.0		1.0	6.0	123.0				6.0				2.0			124.0	3.0		6.0		103.0	7.0	6.0			
NC_060935.1	-3::NC_060935.1:1074441-1088730	14289	False	0.5618	2	36.0			31.0	62.0	40.0	18.0	42.0	190.0	19.0	153.0	244.0	57.0	6.0	15.0	28.0	3.0	108.0	35.0	92.0	94.0	9.0	77.0	32.0		79.0	66.0	29.0	14.0	24.0	5.0	3.0	151.0	26.0	167.0	257.0	4.0	71.0	2.0	32.0	39.0	44.0	75.0	1.0	18.0	2.0	5.0	4.0	50.0	280.0	200.0	3.0	31.0	634.0	95.0	13.0	28.0	25.0	277.0	416.0	1.0	145.0	48.0	8.0
NC_060935.1	2::NC_060935.1:1162462-1171780	9318	False	0.6165	2	7.0	6.0		9.0	13.0	7.0	4.0	15.0	98.0	24.0	4.0	18.0	14.0	3.0	13.0	5.0	390.0	8.0	60.0	112.0	6.0	9.0	225.0	15.0	10.0	2.0	7.0	9.0	1.0	103.0	367.0	141.0	10.0	9.0	6.0	107.0	1.0	23.0	9.0	869.0	9.0	4.0	23.0	112.0	59.0	3.0	23.0	27.0	25.0	14.0	5.0	9.0	6.0	8.0	1.0	1.0	1.0	2.0	14.0	12.0	9.0			
NC_060935.1	-3::NC_060935.1:1164372-1171398	7026	False	0.6268	1					272.0		5.0	13.0	4.0	3.0	1.0	1.0	1.0			5.0	95.0	5.0	11.0	2.0	1.0	1.0	297.0	2.0		109.0	640.0	315.0	4.0	22.0	2.0		1.0			2.0		1.0		202.0	3.0	1.0		26.0	9.0	72.0			3.0			9.0		97.0	4.0	1.0	79.0		14.0	1.0	3.0	3.0		
NC_060935.1	1::NC_060935.1:1164381-1171356	6975	False	0.6272	1					271.0		5.0	13.0	4.0	1.0	1.0	1.0	1.0			4.0	95.0	5.0	11.0	2.0	1.0	1.0	296.0	2.0		109.0	639.0	314.0	4.0	22.0	2.0		1.0			1.0				202.0	3.0			25.0	9.0	72.0			2.0			8.0		97.0	4.0	1.0	79.0		14.0	1.0	2.0			
NC_060935.1	2::NC_060935.1:1253320-1263772	10452	False	0.5765	1	10.0	2.0	1.0	7.0	42.0	8.0	25.0	60.0	34.0	82.0	32.0	22.0	80.0	5.0	207.0	10.0	373.0	7.0	211.0	136.0	35.0	6.0	123.0	36.0	27.0	18.0	31.0	44.0	5.0	85.0	56.0	30.0	29.0	19.0	90.0	79.0	2.0	34.0	19.0	450.0	7.0	44.0	15.0	65.0	311.0	23.0	17.0	24.0	108.0	55.0	26.0	27.0	24.0	47.0	11.0	12.0	24.0	16.0	23.0	12.0	21.0			
NC_060935.1	2::NC_060935.1:1312036-1323970	11934	False	0.6449	2	25.0	12.0	1.0	31.0	38.0	12.0	21.0	85.0	97.0	256.0	18.0	32.0	55.0	2.0	42.0	6.0	255.0	2.0	59.0	148.0	21.0	1.0	226.0	27.0	38.0	6.0	82.0	39.0	5.0	81.0	114.0	149.0	95.0	9.0	36.0	122.0	13.0	123.0	61.0	518.0	4.0	9.0	49.0	74.0	133.0	29.0	24.0	67.0	243.0	33.0	38.0	48.0	32.0	27.0	22.0	26.0	16.0	3.0	65.0	27.0	46.0			
NC_060935.1	-3::NC_060935.1:3699612-3705909	6297	False	0.4663	0	1.0				2.0	95.0	3.0				96.0		100.0		204.0	100.0	1.0		290.0	7.0		99.0	98.0			197.0	98.0	1.0	54.0		99.0			2.0				1.0		98.0				99.0		1.0		2.0	1.0			2.0	2.0		4.0	2.0				43.0	195.0	2.0	1.0	99.0
NC_060935.1	2::NC_060935.1:3701299-3707122	5823	False	0.4668	0	1.0	84.0	1.0	17.0	73.0		76.0			63.0		16.0	2.0	20.0	152.0	3.0	16.0	2.0	77.0	77.0		72.0	1.0	76.0	108.0	15.0	73.0	2.0	1.0	16.0	85.0	2.0		2.0				97.0	1.0	18.0	18.0	4.0		118.0	1.0	17.0	1.0	4.0	75.0			244.0	90.0			2.0				87.0	31.0			
NC_060935.1	1::NC_060935.1:3712779-3720252	7473	False	0.4698	0	3.0	81.0		71.0	45.0	2.0	46.0	2.0	1.0	276.0	1.0	71.0	3.0	71.0	97.0	3.0	68.0	1.0	54.0	44.0		42.0	3.0	45.0	188.0	70.0	49.0		3.0	69.0	113.0	3.0		1.0	1.0			149.0		74.0	72.0	6.0		72.0	1.0	71.0	2.0	6.0	45.0			208.0	119.0	1.0	1.0			1.0		111.0	25.0			
NC_060935.1	-1::NC_060935.1:6773051-6778619	5568	False	0.41	2	101.0			50.0	26.0	50.0	56.0	37.0	25.0	28.0	34.0	32.0	38.0	17.0	29.0	41.0	29.0	37.0	16.0	29.0	37.0	61.0	16.0	34.0		47.0	28.0	23.0	18.0	37.0	31.0	3.0	16.0	35.0	26.0	28.0	3.0	60.0	17.0	10.0	55.0	40.0	30.0	58.0	29.0	16.0	7.0	6.0	13.0	25.0	18.0	58.0	95.0	24.0	5.0	2.0	1.0	2.0	18.0	46.0	36.0	25.0	24.0	18.0
NC_060935.1	3::NC_060935.1:11331257-11336300	5043	False	0.5739	1	4.0		4.0	2.0	1.0	1.0	1.0		2.0	59.0	1.0	1.0	7.0	1.0	333.0	3.0	4.0	1.0	21.0	2.0	1.0	1.0	78.0		2.0	4.0	20.0		2.0	1.0	31.0	17.0		2.0	1.0	207.0	6.0	55.0		2.0	1.0	2.0	2.0			1.0	2.0	36.0	23.0	2.0	3.0	288.0	5.0	2.0	47.0	32.0				249.0	108.0			
NC_060935.1	-1::NC_060935.1:62506196-62523704	17508	False	0.4913	2	430.0			394.0	94.0	29.0	62.0	45.0	71.0	152.0	88.0	34.0	56.0	4.0	14.0	93.0	10.0	125.0	10.0	47.0	88.0	76.0	117.0	55.0		254.0	298.0	157.0	33.0	152.0	32.0	7.0	258.0	5.0	60.0	54.0	3.0	35.0	1.0	159.0	127.0	67.0	42.0	376.0	78.0	52.0	4.0	5.0	204.0	61.0	213.0	141.0	198.0	25.0	7.0	11.0	19.0	11.0	229.0	30.0	228.0	53.0	23.0	30.0
NC_060935.1	-2::NC_060935.1:108517030-108522412	5382	False	0.4216	2	78.0			35.0	16.0	38.0	48.0	11.0	19.0	28.0	65.0	39.0	23.0	11.0	57.0	19.0	16.0	14.0	39.0	49.0	26.0	72.0	18.0	24.0		28.0	17.0	20.0	16.0	20.0	12.0	3.0	31.0	22.0	42.0	21.0	2.0	49.0	6.0	20.0	30.0	40.0	32.0	50.0	32.0	22.0	8.0	1.0	19.0	34.0	46.0	47.0	88.0	20.0	3.0	1.0	3.0	5.0	44.0	53.0	38.0	77.0	16.0	31.0
NC_060932.1	2::NC_060932.1:1969750-1975381	5631	False	0.6745	1	5.0	1.0		172.0			1.0		3.0	431.0	1.0	2.0	3.0	1.0	1.0		1.0		427.0		1.0		407.0			1.0	1.0	1.0		1.0					1.0			3.0		1.0					1.0						1.0	234.0	170.0	1.0	1.0					2.0	1.0			
NC_060932.1	3::NC_060932.1:1969757-1975385	5628	False	0.6745	1	2.0			171.0				1.0		396.0			1.0	1.0	7.0		1.0	1.0	427.0	1.0			411.0	1.0	1.0						1.0		1.0		2.0	1.0			4.0		1.0	1.0		1.0	1.0	1.0	1.0		1.0			258.0	175.0						1.0	1.0	3.0			
NC_060932.1	-3::NC_060932.1:1969802-1975421	5619	False	0.6734	1	2.0			170.0				1.0	1.0	396.0	1.0		1.0	1.0	6.0	1.0	1.0	2.0	426.0	1.0		1.0	411.0	2.0		1.0			1.0		3.0					1.0			3.0		1.0	1.0				1.0			1.0			258.0	175.0							1.0	1.0	1.0		
NC_060932.1	1::NC_060932.1:1969824-1975374	5550	False	0.6762	1	2.0			171.0						428.0					4.0				403.0				404.0		1.0		1.0											1.0		1.0		1.0					1.0		1.0			260.0	171.0											
NC_060932.1	-2::NC_060932.1:1969830-1975482	5652	False	0.6707	1	4.0			171.0		1.0		2.0	1.0	427.0		1.0			4.0				403.0	1.0	1.0	3.0	405.0	1.0		1.0	2.0	1.0	2.0	1.0	1.0	1.0		2.0				2.0	1.0	1.0	2.0	1.0			1.0		1.0		2.0			260.0	172.0							1.0	1.0	3.0		
NC_060932.1	-1::NC_060932.1:1970125-1975417	5292	False	0.6769	1	4.0			163.0		1.0				404.0	1.0				1.0		1.0		398.0		1.0		397.0						1.0	1.0	1.0							1.0		2.0					1.0				1.0		1.0	218.0	162.0							1.0	1.0	1.0		1.0
NC_060932.1	2::NC_060932.1:9125497-9132238	6741	False	0.6247	2	7.0	4.0	17.0	16.0	67.0	9.0	23.0	232.0	73.0	47.0	20.0	34.0	26.0	18.0	38.0	36.0	28.0	29.0	42.0	27.0	134.0	4.0	59.0	30.0	39.0	11.0	24.0	15.0	6.0	118.0	72.0	20.0	106.0	11.0	38.0	46.0	16.0	72.0	52.0	38.0	6.0	13.0	22.0	7.0	62.0	5.0	15.0	23.0	115.0	51.0	49.0	28.0	14.0	38.0	2.0	13.0	21.0	8.0	22.0	12.0	17.0			
NC_060932.1	-2::NC_060932.1:31122999-31130376	7377	False	0.3516	2	156.0			65.0	15.0	58.0	65.0	7.0	17.0	33.0	80.0	61.0	40.0	20.0	40.0	40.0	44.0	18.0	21.0	70.0	24.0	119.0	12.0	52.0		35.0	26.0	46.0	62.0	28.0	15.0	4.0	8.0	47.0	30.0	28.0		49.0	23.0	20.0	83.0	54.0	45.0	96.0	42.0	32.0	6.0	1.0	7.0	38.0	28.0	55.0	157.0	18.0	9.0	3.0	5.0	5.0	34.0	64.0	44.0	73.0	25.0	57.0
NC_060932.1	1::NC_060932.1:55002072-55007814	5742	False	0.3685	1	52.0	18.0	40.0	35.0	36.0	36.0	99.0	60.0	13.0	19.0	35.0	65.0	19.0	23.0	63.0	48.0	41.0	76.0	30.0	52.0	111.0	51.0	10.0	45.0	56.0	32.0	12.0	41.0	37.0	34.0	32.0	4.0	8.0	36.0	39.0	28.0		11.0	36.0	19.0	102.0	33.0	43.0	19.0	16.0	8.0		1.0	12.0	31.0	16.0	14.0	16.0	36.0	2.0	3.0	2.0	5.0	9.0	31.0	13.0			
NC_060932.1	3::NC_060932.1:77279990-77285459	5469	False	0.473	2	42.0	15.0	24.0	20.0	40.0	31.0	85.0	33.0	25.0	33.0	16.0	35.0	13.0	11.0	47.0	68.0	33.0	58.0	61.0	23.0	82.0	27.0	37.0	46.0	19.0	20.0	27.0	29.0	18.0	89.0	78.0	19.0	17.0	15.0	34.0	21.0	7.0	36.0	41.0	28.0	45.0	21.0	41.0	21.0	33.0	24.0	5.0	19.0	28.0	22.0	15.0	29.0	25.0	16.0	7.0	9.0	12.0	9.0	8.0	16.0	15.0			
NC_060932.1	2::NC_060932.1:144819682-144825631	5949	False	0.5056	1	103.0	1.0	29.0		4.0	98.0	1.0	2.0	56.0	22.0	136.0	3.0	70.0		1.0	1.0	80.0	130.0		3.0	51.0	83.0	2.0	1.0		2.0	1.0	52.0		151.0	25.0		153.0	1.0	50.0	34.0	16.0	57.0	51.0	1.0		70.0	51.0	2.0	1.0	31.0		2.0	1.0	50.0	21.0		24.0	68.0		1.0	17.0		137.0	35.0	1.0			
NC_060932.1	-3::NC_060932.1:145014680-145031633	16953	False	0.6968	2	12.0			128.0	135.0	16.0	16.0	172.0	439.0	24.0	22.0	22.0	39.0	113.0	23.0	20.0	17.0	148.0	72.0	11.0	104.0	2.0	145.0	17.0		83.0	292.0	8.0	3.0	471.0	49.0	25.0	166.0	13.0	114.0	87.0	193.0	351.0	33.0	18.0	12.0	53.0	6.0	22.0	40.0	5.0	21.0	148.0	307.0	102.0	19.0	450.0	24.0	175.0	103.0	90.0	41.0	60.0	53.0	36.0	258.0	9.0	13.0	1.0
NC_060932.1	3::NC_060932.1:145018457-145024955	6498	False	0.7316	2				41.0	62.0	1.0	4.0	62.0	196.0	3.0	1.0	4.0	4.0	49.0	4.0	4.0	4.0	54.0	9.0		36.0		57.0			34.0	114.0		1.0	178.0	21.0	12.0	65.0		46.0	28.0	105.0	132.0	10.0	1.0		16.0		4.0	1.0		12.0	68.0	137.0	47.0		196.0	3.0	81.0	43.0	39.0	20.0	32.0	15.0		110.0			
NC_060932.1	-3::NC_060932.1:145074458-145080695	6237	False	0.6591	2	3.0			97.0	32.0	2.0	11.0	53.0	110.0	2.0	11.0	13.0	14.0	60.0	4.0	9.0	2.0	83.0	15.0	9.0	41.0	3.0	21.0	9.0		29.0	93.0	4.0		171.0	8.0	16.0	50.0	3.0	38.0	26.0	63.0	125.0	15.0	13.0	8.0	24.0	4.0	12.0	27.0	2.0	4.0	63.0	119.0	53.0	10.0	190.0	11.0	62.0	46.0	27.0	9.0	23.0	8.0	12.0	92.0	11.0	4.0	
NC_060932.1	3::NC_060932.1:145286249-145291868	5619	False	0.6074	1	1.0	28.0		1.0	64.0	14.0	4.0	56.0	34.0	1.0	5.0	4.0		33.0	20.0	4.0	33.0	3.0	8.0	10.0	69.0	62.0	70.0		1.0	2.0	5.0	16.0	71.0	61.0	2.0	19.0	24.0	51.0	1.0	60.0	63.0	11.0	7.0	70.0	45.0	1.0	1.0	3.0	38.0	49.0	12.0	116.0	54.0	157.0	56.0	16.0	40.0	36.0		38.0	123.0		50.0	50.0				
NC_060925.1	3::NC_060925.1:717338-722897	5559	False	0.6913	2		5.0		3.0	7.0	2.0	2.0	12.0	9.0	163.0	3.0	3.0	87.0	2.0	145.0	4.0	6.0		22.0	3.0	2.0	2.0	203.0	3.0	5.0	7.0	10.0	2.0	1.0	19.0	11.0	2.0	11.0		63.0	94.0	4.0	103.0	3.0	4.0			6.0	4.0	14.0	7.0	3.0	161.0	42.0	7.0	9.0	126.0	5.0	7.0	163.0	6.0	6.0	3.0	18.0	78.0	161.0			
NC_060925.1	-2::NC_060925.1:2194196-2200379	6183	False	0.6217	1					46.0	1.0		80.0	18.0	17.0	19.0	15.0	14.0	6.0	42.0	29.0	113.0	3.0	45.0	4.0	21.0	5.0	141.0	5.0		51.0	127.0	46.0		134.0	89.0	10.0	12.0	1.0	1.0	46.0	18.0	84.0	132.0	92.0	2.0	1.0	12.0	46.0	143.0	2.0	14.0	14.0	31.0	44.0	48.0	3.0	4.0	36.0	5.0	16.0	7.0	19.0	41.0	3.0	10.0	85.0	5.0	3.0
NC_060925.1	3::NC_060925.1:15369251-15377615	8364	False	0.5179	2	25.0	13.0	17.0	30.0	67.0	25.0	121.0	127.0	32.0	54.0	38.0	53.0	6.0	25.0	92.0	38.0	61.0	85.0	109.0	44.0	143.0	32.0	72.0	97.0	46.0	26.0	30.0	37.0	26.0	89.0	90.0	15.0	41.0	17.0	69.0	89.0	18.0	54.0	73.0	48.0	36.0	37.0	33.0	36.0	53.0	19.0	8.0	19.0	77.0	23.0	57.0	29.0	10.0	24.0	19.0	14.0	24.0	31.0	7.0	5.0	53.0			
NC_060925.1	-3::NC_060925.1:31283716-31289560	5844	False	0.5989	0	6.0			4.0	221.0	3.0	3.0	78.0	6.0	3.0	6.0	1.0	2.0	1.0	4.0	3.0	4.0	243.0	4.0	4.0	2.0	1.0	3.0	1.0		5.0	6.0	1.0	2.0	4.0	6.0		3.0	2.0	4.0	577.0		7.0	4.0	1.0	3.0	67.0	22.0	1.0	5.0	2.0			3.0	4.0	591.0	4.0	3.0	3.0	1.0		3.0		7.0	1.0	1.0	1.0	1.0	
NC_060925.1	2::NC_060925.1:31283980-31289470	5490	False	0.6027	0					219.0	1.0	1.0	75.0	2.0	1.0	6.0			1.0	1.0		1.0	241.0		1.0	1.0		1.0	1.0		3.0	2.0		2.0	1.0	2.0		1.0	2.0	1.0	575.0		1.0	2.0	1.0	1.0	64.0	21.0	1.0	3.0	1.0					590.0			1.0			1.0		1.0					
NC_060925.1	-1::NC_060925.1:31283991-31289457	5466	False	0.6032	0	1.0				1.0			73.0	1.0	1.0	2.0	6.0	1.0	1.0		1.0		21.0		1.0	1.0		2.0			2.0	1.0	1.0		219.0	3.0	1.0	1.0	1.0				1.0	1.0		1.0			1.0	1.0					532.0	1.0			634.0								2.0	306.0	
NC_060925.1	3::NC_060925.1:31284113-31289453	5340	False	0.6047	0			64.0					6.0			71.0						217.0										1.0						567.0	241.0						1.0										20.0									592.0					
NC_060925.1	1::NC_060925.1:39199092-39204573	5481	False	0.4176	2	32.0	27.0	39.0	35.0	30.0	36.0	85.0	60.0	22.0	24.0	46.0	32.0	10.0	28.0	50.0	50.0	48.0	58.0	32.0	43.0	127.0	63.0	11.0	50.0	25.0	26.0	14.0	24.0	10.0	58.0	22.0	5.0	19.0	32.0	32.0	46.0	1.0	38.0	45.0	18.0	46.0	32.0	36.0	24.0	20.0	5.0	2.0	3.0	26.0	42.0	18.0	19.0	19.0	29.0	4.0		5.0	5.0	6.0	17.0	16.0			
NC_060925.1	-1::NC_060925.1:41450250-41455464	5214	False	0.5712	2	45.0			67.0	19.0	19.0	18.0	33.0	52.0	17.0	39.0	19.0	27.0	28.0	18.0	25.0	8.0	29.0	27.0	30.0	26.0	5.0	32.0	23.0		28.0	36.0	13.0	4.0	57.0	6.0	3.0	85.0	5.0	68.0	39.0	18.0	66.0	11.0	13.0	11.0	13.0	21.0	16.0	24.0	8.0	5.0	15.0	37.0	78.0	57.0	88.0	53.0	44.0	9.0	3.0	18.0	3.0	64.0	31.0	23.0	46.0	4.0	9.0
NC_060925.1	2::NC_060925.1:110130430-110135794	5364	False	0.5889	0	4.0	10.0	1.0	3.0	3.0	2.0	3.0	1.0	1.0	3.0		5.0	3.0		6.0	8.0	18.0	1.0	9.0	28.0		4.0	4.0		80.0	50.0	175.0	31.0	1.0	5.0	346.0	2.0	2.0	5.0	1.0	2.0		4.0	30.0	634.0	2.0	1.0	3.0	162.0	50.0	11.0	1.0	6.0	38.0			4.0	5.0	1.0		1.0		1.0	2.0	5.0	10.0			
NC_060925.1	-2::NC_060925.1:151230956-151236629	5673	False	0.6064	1	48.0			58.0	4.0	75.0	5.0	29.0	12.0	6.0	2.0	2.0	3.0	13.0	58.0	5.0	3.0	5.0	106.0	8.0	32.0	3.0	9.0	6.0		2.0	8.0	2.0	1.0	122.0	18.0	31.0	5.0	8.0	12.0	14.0	159.0	274.0	3.0	2.0	2.0	2.0	6.0	16.0	6.0	1.0	15.0	62.0	8.0	5.0	4.0	367.0	155.0		7.0	2.0	10.0	2.0	8.0	3.0	39.0		15.0	3.0
NC_060925.1	-3::NC_060925.1:151336645-151357084	20439	False	0.5787	1	8.0			7.0	16.0	210.0	61.0	1.0	3.0	272.0	1030.0	24.0	7.0	127.0	21.0	27.0	35.0	3.0	60.0	133.0	15.0	5.0	329.0	4.0		1.0	3.0	2.0	3.0	8.0	42.0	93.0	15.0	117.0	366.0	309.0	66.0	448.0	3.0	426.0	1.0	10.0	350.0	11.0	29.0		131.0	13.0	707.0	418.0	61.0	113.0	49.0	30.0	2.0			56.0	58.0	35.0	19.0	394.0		26.0
NC_060925.1	-1::NC_060925.1:151438278-151451310	13032	False	0.5548	1	31.0			17.0	19.0	114.0	6.0	13.0	57.0	284.0	194.0	65.0	118.0	30.0	206.0	5.0	2.0	7.0	123.0	139.0	16.0	29.0	153.0	5.0		4.0	36.0	15.0	6.0	5.0	23.0	75.0	36.0	24.0	147.0	261.0	23.0	284.0		51.0	24.0	33.0	189.0	64.0	75.0	20.0	22.0	24.0	75.0	266.0	9.0	141.0	128.0	37.0	10.0	17.0	14.0	25.0	14.0	65.0	175.0	284.0	5.0	5.0
NC_060925.1	-2::NC_060925.1:151487162-151494230	7068	False	0.4948	1	13.0			12.0	13.0	137.0	50.0	2.0	16.0	198.0	147.0	86.0	7.0	15.0	96.0	7.0	21.0	2.0	36.0	93.0	5.0	12.0	68.0	3.0		4.0	13.0	14.0	13.0	6.0	8.0	3.0	4.0	46.0	34.0	88.0	2.0	107.0	3.0	83.0	9.0	12.0	159.0	24.0	13.0	4.0	7.0		135.0	86.0	7.0	58.0	53.0	20.0				4.0	16.0	82.0	25.0	171.0	1.0	3.0
NC_060925.1	1::NC_060925.1:200463003-200470914	7911	False	0.5462	2	24.0	8.0	38.0	18.0	35.0	37.0	32.0	110.0	84.0	27.0	51.0	62.0	9.0	15.0	79.0	15.0	23.0	127.0	69.0	16.0	89.0	6.0	16.0	99.0	99.0	11.0	13.0	3.0	54.0	47.0	31.0	5.0	224.0	25.0	78.0	35.0	5.0	29.0	93.0	10.0	39.0	12.0	84.0	9.0	47.0	11.0	3.0	1.0	32.0	146.0	119.0	12.0	15.0	201.0	1.0		7.0	6.0	33.0	3.0	5.0			
NC_060933.1	3::NC_060933.1:395486-400679	5193	False	0.6405	0		4.0	1.0	21.0						2.0		1.0		1.0					1.0	1.0		2.0	2.0		1.0	93.0	1284.0		2.0	17.0	4.0							1.0		7.0			1.0	2.0					2.0			264.0	10.0		1.0	5.0					1.0			
NC_060933.1	1::NC_060933.1:395493-400890	5397	False	0.6357	0	1.0	1.0	1.0							282.0			2.0		3.0				3.0	14.0		3.0	2.0		3.0	3.0	10.0			1.0	9.0	1.0						1.0		1290.0	2.0	1.0	1.0	105.0	19.0	5.0			5.0			3.0	23.0	1.0						1.0	3.0			
NC_060933.1	-2::NC_060933.1:395516-400868	5352	False	0.6373	0				23.0	1.0					3.0		1.0				2.0			3.0	1.0		2.0	2.0			103.0	1302.0		6.0	17.0	9.0									7.0			1.0	2.0		2.0			2.0			273.0	12.0		1.0	5.0				1.0	1.0		2.0	
NC_060933.1	2::NC_060933.1:395542-400771	5229	False	0.6395	0		5.0	2.0	10.0						1.0			1.0		11.0				279.0				1.0		110.0	2.0	6.0		1.0		1282.0			2.0	1.0				18.0								1.0	5.0	1.0			2.0	1.0		1.0									
NC_060933.1	-1::NC_060933.1:395577-400893	5316	False	0.6379	0	1.0									282.0					2.0				2.0	14.0		3.0	2.0			1.0	9.0				1.0	1.0						1.0		1290.0	2.0	1.0	1.0	105.0	19.0				5.0			3.0	22.0	1.0						1.0	2.0		1.0	
NC_060933.1	-2::NC_060933.1:32646296-32651810	5514	False	0.4639	2	69.0			76.0	19.0	26.0	41.0	17.0	28.0	34.0	36.0	30.0	30.0	17.0	14.0	34.0	18.0	37.0	16.0	25.0	23.0	34.0	33.0	34.0		51.0	38.0	24.0	11.0	40.0	20.0	14.0	25.0	36.0	16.0	16.0	16.0	58.0	9.0	22.0	43.0	28.0	26.0	99.0	36.0	10.0	14.0	25.0	22.0	23.0	45.0	83.0	93.0	19.0	6.0	3.0	1.0	3.0	47.0	35.0	35.0	28.0	15.0	12.0
NC_060933.1	2::NC_060933.1:35318932-35327653	8721	False	0.3919	2	91.0	29.0	71.0	57.0	54.0	55.0	135.0	108.0	20.0	52.0	43.0	96.0	9.0	37.0	117.0	66.0	53.0	125.0	62.0	78.0	156.0	60.0	26.0	78.0	109.0	49.0	14.0	57.0	32.0	80.0	78.0	7.0	38.0	48.0	48.0	31.0	1.0	24.0	47.0	32.0	122.0	50.0	35.0	20.0	31.0	13.0	4.0	2.0	31.0	34.0	19.0	19.0	38.0	38.0	7.0	2.0			18.0	37.0	14.0			
NC_060933.1	-3::NC_060933.1:40576219-40581328	5109	False	0.2842	0				1.0	11.0	15.0	152.0	98.0			112.0	8.0	3.0	5.0		3.0	8.0	180.0			160.0	16.0		10.0		7.0		2.0	9.0			5.0		45.0	1.0	7.0		2.0	1.0		162.0	1.0	277.0	2.0	2.0	2.0	1.0		1.0	14.0	9.0			6.0				8.0	5.0	8.0		300.0	2.0	42.0
NC_060933.1	-1::NC_060933.1:44806122-44812923	6801	False	0.285	0	1.0				8.0	18.0	222.0	132.0			142.0	7.0	4.0	8.0		4.0	17.0	232.0			190.0	12.0		14.0		14.0	1.0	4.0	9.0		1.0	3.0	2.0	68.0	4.0	20.0		3.0		1.0	210.0	4.0	390.0	3.0	1.0	3.0	1.0			14.0	6.0		1.0	6.0				7.0	11.0	16.0	1.0	411.0	6.0	35.0
NC_060933.1	2::NC_060933.1:77562595-77568433	5838	False	0.2855	0	178.0	5.0	38.0	11.0		3.0				12.0			1.0	3.0	128.0	12.0	11.0	3.0	3.0	5.0		190.0	3.0		357.0	337.0	14.0	5.0	55.0	3.0	11.0			6.0	1.0				3.0	4.0	7.0	1.0	11.0	204.0	3.0	6.0	4.0					112.0	164.0		5.0			1.0		14.0	12.0			
NC_060933.1	-3::NC_060933.1:79978486-79984003	5517	False	0.2857	0					12.0	14.0	181.0	111.0			129.0	4.0	3.0	4.0		4.0	11.0	171.0			150.0	12.0		10.0		12.0			8.0			3.0	5.0	46.0	3.0	14.0		3.0			174.0	4.0	309.0	1.0		4.0	1.0			12.0	3.0			6.0				5.0	12.0	11.0		339.0	8.0	40.0
NC_060933.1	-1::NC_060933.1:88861119-88867845	6726	False	0.472	2	44.0			44.0	16.0	45.0	40.0	20.0	33.0	33.0	83.0	38.0	49.0	14.0	23.0	30.0	16.0	21.0	17.0	55.0	23.0	74.0	34.0	23.0		34.0	34.0	26.0	25.0	41.0	38.0	3.0	37.0	20.0	49.0	28.0	3.0	57.0	15.0	51.0	35.0	44.0	32.0	108.0	37.0	17.0	8.0	4.0	23.0	52.0	58.0	99.0	136.0	26.0	6.0	8.0	7.0	6.0	70.0	55.0	79.0	61.0	16.0	19.0
NC_060933.1	3::NC_060933.1:119100341-119106158	5817	False	0.5016	2	35.0	12.0	8.0	15.0	44.0	30.0	55.0	77.0	27.0	52.0	23.0	17.0	33.0	11.0	35.0	26.0	21.0	37.0	30.0	36.0	52.0	20.0	56.0	70.0	29.0	24.0	62.0	51.0	32.0	76.0	58.0	15.0	20.0	18.0	38.0	39.0	3.0	43.0	26.0	39.0	48.0	20.0	49.0	43.0	38.0	48.0	7.0	17.0	38.0	16.0	29.0	22.0	37.0	21.0	6.0	12.0	15.0	13.0	10.0	30.0	25.0			
NC_060939.1	3::NC_060939.1:38426357-38431481	5124	False	0.3644	1	41.0	19.0	31.0	19.0	37.0	30.0	97.0	44.0	6.0	16.0	27.0	52.0	5.0	29.0	47.0	46.0	48.0	75.0	33.0	56.0	91.0	52.0	11.0	42.0	35.0	31.0	15.0	31.0	25.0	34.0	27.0	4.0	10.0	46.0	31.0	14.0	1.0	18.0	22.0	28.0	99.0	30.0	40.0	15.0	17.0	6.0	1.0	4.0	19.0	32.0	11.0	10.0	14.0	16.0	4.0		2.0	3.0	7.0	37.0	15.0			
NC_060939.1	3::NC_060939.1:40491107-40501358	10251	False	0.5165	2	46.0	24.0	37.0	45.0	77.0	53.0	67.0	142.0	62.0	74.0	58.0	77.0	34.0	35.0	112.0	62.0	64.0	91.0	110.0	77.0	134.0	23.0	74.0	77.0	74.0	49.0	63.0	45.0	23.0	156.0	105.0	9.0	57.0	16.0	83.0	55.0	8.0	82.0	66.0	58.0	60.0	44.0	46.0	28.0	98.0	18.0	5.0	11.0	76.0	51.0	105.0	53.0	39.0	42.0	13.0	5.0	3.0	11.0	32.0	39.0	34.0			
NC_060939.1	3::NC_060939.1:41328674-41337347	8673	False	0.5563	2	20.0	35.0	20.0	38.0	95.0	25.0	75.0	220.0	59.0	58.0	25.0	36.0	14.0	21.0	56.0	30.0	59.0	71.0	106.0	46.0	130.0	17.0	92.0	141.0	56.0	21.0	34.0	21.0	20.0	82.0	119.0	8.0	66.0	9.0	78.0	62.0	6.0	83.0	52.0	46.0	22.0	18.0	30.0	39.0	65.0	21.0	4.0	11.0	94.0	46.0	35.0	46.0	33.0	22.0	18.0	18.0	28.0	11.0	30.0	13.0	35.0			
NC_060944.1	1::NC_060944.1:1893108-1907463	14355	False	0.6485	1	2.0		2.0	6.0	2.0	2.0		3.0	3.0	617.0	2.0	1.0	5.0	138.0	4.0		4.0		213.0	2.0	1.0		1160.0	1.0	4.0	284.0	52.0	3.0	135.0	6.0	336.0		2.0	2.0	3.0	203.0		215.0	3.0	62.0	1.0		2.0	409.0	3.0	1.0	1.0	130.0	3.0		1.0	6.0	6.0	2.0	133.0				2.0	405.0	202.0			
NC_060944.1	-1::NC_060944.1:1893330-1907433	14103	False	0.6499	1				3.0	1.0	1.0		1.0	1.0	613.0	1.0		3.0	136.0	1.0		2.0		208.0	2.0	1.0		1157.0			284.0	52.0	1.0	135.0	2.0	334.0			2.0	1.0	202.0		211.0	1.0	61.0				409.0	2.0	1.0		129.0				1.0	3.0		133.0					405.0	201.0			
NC_060944.1	2::NC_060944.1:1893379-1907482	14103	False	0.6498	1	3.0			1.0	1.0		1.0	1.0		609.0	1.0			133.0	1.0		2.0		199.0				1169.0		3.0	277.0	61.0		139.0	1.0	337.0	1.0		1.0	1.0	206.0		205.0		53.0				418.0	1.0			129.0	1.0			4.0	1.0		128.0	1.0			1.0	413.0	198.0			
NC_060944.1	3::NC_060944.1:1893398-1907567	14169	False	0.6491	1	5.0	1.0		2.0	1.0	4.0	1.0	2.0	1.0	617.0	2.0	2.0	1.0	137.0			1.0		211.0	2.0		1.0	1154.0		1.0	277.0	62.0	1.0	133.0	5.0	336.0				3.0	206.0		197.0		59.0	1.0		1.0	414.0				133.0	1.0		4.0	2.0			128.0	1.0		1.0		412.0	200.0			
NC_060944.1	-2::NC_060944.1:1893422-1907585	14163	False	0.6493	1	5.0			2.0	1.0	4.0	1.0	2.0	2.0	616.0	2.0	2.0	2.0	137.0		1.0	1.0		211.0	2.0		1.0	1154.0	1.0		275.0	62.0	1.0	133.0	5.0	336.0				2.0	206.0		197.0	1.0	59.0	1.0			413.0				133.0	1.0		4.0	2.0			128.0	1.0		1.0		412.0	200.0			1.0
NC_060944.1	-3::NC_060944.1:1893463-1907521	14058	False	0.6502	1	3.0			1.0	1.0	2.0		1.0	1.0	608.0	1.0	1.0		133.0	1.0				197.0		1.0		1169.0	1.0		277.0	60.0		137.0	1.0	337.0	1.0				206.0		205.0		51.0		1.0		418.0	1.0			128.0	1.0			1.0		1.0	128.0					413.0	197.0	1.0		
NC_060944.1	-1::NC_060944.1:65507190-65514147	6957	False	0.6647	1				3.0	1.0	4.0		2.0	5.0	4.0	2.0	3.0	2.0	2.0	3.0	1.0	2.0	1.0	1.0	1.0	1.0		7.0			4.0	1598.0		1.0	9.0	5.0		8.0	1.0	5.0	1.0		7.0	2.0	4.0	1.0			1.0	6.0				4.0	1.0	3.0	597.0	2.0	2.0	1.0		2.0	1.0	3.0	2.0	1.0	1.0	1.0	
NC_060944.1	1::NC_060944.1:65507256-65514135	6879	False	0.6656	1				3.0	1.0	2.0		2.0	4.0	3.0	2.0	1.0	1.0	1.0	1.0	1.0	2.0	1.0	1.0	1.0	1.0		4.0			4.0	1598.0		1.0	8.0	5.0		8.0		4.0	1.0		7.0	2.0	2.0	1.0			1.0	3.0				4.0	1.0	1.0	597.0	2.0	2.0	1.0		2.0		3.0	2.0	1.0			
NC_060944.1	2::NC_060944.1:65507338-65514148	6810	False	0.6659	1				1.0	3.0	1.0			3.0	598.0		2.0	3.0			1.0			4.0	1.0	1.0		7.0		1.0	2.0		1.0		3.0		1.0	5.0			6.0		1.0	1.0	1595.0			3.0	4.0	7.0			1.0	2.0	3.0		3.0	2.0						1.0	3.0				
NC_060944.1	-3::NC_060944.1:65507362-65514208	6846	False	0.6656	1				1.0	3.0	1.0			3.0	598.0		2.0	3.0			1.0	1.0		6.0	2.0	1.0		8.0			3.0		1.0		3.0	1.0	1.0	6.0			5.0		2.0	2.0	1595.0			3.0	4.0	7.0			1.0	3.0	2.0		3.0	2.0	1.0	1.0				1.0	4.0				1.0
NC_060944.1	3::NC_060944.1:65507465-65514230	6765	False	0.6655	1				1.0				1.0		2.0			3.0		2.0	2.0			598.0	1.0			1.0	1.0	3.0		4.0	1.0			1601.0	1.0	4.0	1.0				4.0	6.0	2.0		1.0	2.0		2.0			1.0	2.0			1.0		1.0	1.0				1.0		4.0			
NC_060928.1	1::NC_060928.1:7835832-7842624	6792	False	0.5172	0	2.0		1.0	105.0	1.0		4.0		1.0	236.0			1.0		2.0	144.0	180.0		99.0	118.0		3.0	158.0	1.0	35.0	160.0	172.0	171.0		1.0	237.0			2.0	1.0				3.0	143.0	2.0		2.0	89.0	1.0	1.0			5.0	1.0		37.0	140.0		1.0					3.0	1.0			
NC_060928.1	-2::NC_060928.1:13578580-13584898	6318	False	0.4405	2	109.0			64.0	21.0	32.0	17.0	12.0	29.0	42.0	49.0	58.0	60.0	6.0	41.0	30.0	29.0	19.0	16.0	77.0	5.0	59.0	34.0	18.0		37.0	39.0	50.0	23.0	17.0	1.0	3.0	18.0	10.0	49.0	15.0	5.0	30.0	10.0	49.0	45.0	24.0	35.0	80.0	58.0	33.0	4.0	6.0	33.0	31.0	31.0	80.0	172.0	41.0	5.0	4.0	1.0	5.0	42.0	70.0	49.0	38.0	6.0	30.0
NC_060928.1	3::NC_060928.1:40264043-40269398	5355	False	0.5354	1	20.0	20.0	1.0	13.0			1.0	1.0		15.0	1.0		64.0		383.0	4.0	20.0	1.0	170.0	3.0	1.0	3.0	9.0		4.0	178.0	21.0	1.0	4.0	4.0	400.0		1.0	1.0	5.0	5.0		131.0	1.0	8.0	2.0		1.0	10.0		2.0		4.0	1.0	1.0		253.0	11.0		3.0				1.0	1.0	1.0			
NC_060928.1	2::NC_060928.1:40264093-40269565	5472	False	0.5355	1	6.0	8.0		5.0	1.0		1.0		1.0	414.0	2.0		1.0		334.0	2.0	6.0		85.0	3.0		21.0	4.0		10.0	9.0	9.0	1.0	5.0	1.0	196.0		1.0		8.0	2.0		65.0	1.0	45.0	3.0		1.0	376.0	4.0	17.0		4.0	130.0		1.0	23.0	6.0		1.0					6.0	5.0			
NC_060928.1	1::NC_060928.1:40264149-40269732	5583	False	0.532	1	4.0	23.0	2.0	6.0	1.0	3.0	1.0	1.0	1.0	197.0		4.0	134.0		92.0	2.0	2.0	1.0	8.0	3.0	5.0	9.0	9.0	2.0	4.0	382.0	43.0		11.0	8.0	15.0	1.0	3.0		3.0			7.0	1.0	20.0	6.0		1.0	186.0	2.0	10.0			63.0		1.0	535.0	35.0		2.0	3.0				4.0	5.0			
NC_060928.1	-2::NC_060928.1:102964705-102970135	5430	False	0.5985	2	43.0			64.0	28.0	14.0	11.0	36.0	77.0	31.0	30.0	16.0	41.0	19.0	15.0	10.0	8.0	26.0	35.0	37.0	31.0	15.0	53.0	12.0		29.0	54.0	5.0	6.0	60.0	10.0	8.0	72.0	7.0	63.0	19.0	19.0	83.0	10.0	14.0	20.0	35.0	9.0	22.0	52.0	8.0	7.0	27.0	50.0	71.0	42.0	82.0	36.0	60.0	9.0	11.0	12.0	10.0	31.0	28.0	47.0	22.0	5.0	3.0
NC_060928.1	2::NC_060928.1:116661703-116668063	6360	False	0.4574	2	30.0	17.0	26.0	25.0	56.0	20.0	117.0	110.0	22.0	45.0	29.0	52.0	9.0	36.0	82.0	46.0	73.0	85.0	71.0	49.0	163.0	29.0	33.0	55.0	66.0	17.0	25.0	8.0	12.0	46.0	56.0	8.0	22.0	20.0	46.0	37.0	4.0	25.0	33.0	41.0	18.0	42.0	29.0	22.0	46.0	6.0	8.0	9.0	22.0	23.0	24.0	19.0	16.0	27.0	7.0	4.0	6.0	10.0	4.0	11.0	21.0			
NC_060928.1	1::NC_060928.1:128618697-128623896	5199	False	0.4874	2	42.0	8.0	13.0	25.0	77.0	24.0	24.0	43.0	31.0	28.0	20.0	26.0		28.0	39.0	33.0	34.0	49.0	33.0	49.0	53.0	46.0	25.0	20.0	27.0	13.0	13.0	36.0	28.0	47.0	19.0	6.0	34.0	32.0	40.0	75.0	18.0	47.0	30.0	34.0	62.0	37.0	21.0	31.0	30.0	29.0	6.0	13.0	36.0	30.0	14.0	27.0	24.0	25.0	9.0	22.0	12.0	4.0	5.0	3.0	24.0			
NC_060928.1	-1::NC_060928.1:147012740-147018131	5391	False	0.5339	2	28.0			35.0	35.0	36.0	26.0	48.0	39.0	26.0	22.0	45.0	15.0	26.0	20.0	24.0	2.0	41.0	22.0	25.0	50.0	28.0	37.0	26.0		28.0	70.0	10.0	14.0	78.0	9.0	5.0	45.0	17.0	39.0	43.0	20.0	64.0	11.0	22.0	34.0	35.0	29.0	48.0	22.0	25.0	7.0	18.0	38.0	27.0	31.0	56.0	39.0	45.0	8.0	12.0	13.0	1.0	34.0	30.0	74.0	16.0	16.0	8.0
NC_060928.1	-1::NC_060928.1:169925786-169936622	10836	False	0.2805	0	195.0			51.0	1.0	154.0				72.0	1.0	118.0		388.0	26.0	26.0	97.0		26.0	144.0	27.0	55.0		99.0		11.0	27.0		540.0	25.0	26.0			371.0		78.0		25.0	29.0				124.0		35.0	126.0		1.0	72.0	1.0		26.0			1.0					443.0	72.0	72.0	26.0	1.0
NC_060928.1	-3::NC_060928.1:169925808-169937574	11766	False	0.281	0	172.0			144.0		159.0				38.0	1.0	124.0	1.0	404.0	71.0	26.0	110.0	1.0	73.0	75.0	72.0	53.0		63.0		29.0	25.0		652.0	72.0	72.0			402.0		169.0		26.0	13.0			1.0	138.0		36.0	91.0			36.0		1.0	26.0			1.0				1.0	396.0	38.0	37.0	72.0	1.0
NC_060928.1	2::NC_060928.1:169929235-169935583	6348	False	0.2807	0	71.0		3.0	2.0		145.0						44.0		147.0	1.0	72.0	1.0		1.0		1.0	143.0		72.0			72.0		295.0	1.0	1.0			219.0		75.0		71.0					72.0		101.0	144.0		1.0				72.0							1.0	288.0				
NC_060928.1	-1::NC_060928.1:192585953-192591416	5463	False	0.4955	0	77.0					129.0		11.0	1.0		2.0	95.0	113.0	71.0	52.0					8.0		20.0				26.0			2.0	32.0				1.0	53.0	257.0	2.0	59.0	57.0			107.0	2.0		5.0	2.0	1.0			8.0	12.0	50.0	6.0	158.0			2.0		160.0	172.0	1.0	1.0	65.0	1.0
NC_060929.1	1::NC_060929.1:72674949-72681645	6696	False	0.4758	2	29.0	11.0	20.0	18.0	64.0	17.0	110.0	135.0	31.0	54.0	16.0	36.0	9.0	21.0	92.0	29.0	45.0	74.0	72.0	52.0	154.0	30.0	41.0	113.0	50.0	12.0	18.0	14.0	34.0	38.0	66.0	7.0	20.0	15.0	52.0	54.0	4.0	28.0	37.0	63.0	32.0	22.0	38.0	32.0	30.0	27.0	6.0	12.0	53.0	32.0	15.0	28.0	24.0	24.0	6.0	4.0	3.0	12.0	7.0	9.0	31.0			
NC_060929.1	3::NC_060929.1:80212841-80223371	10530	False	0.4124	1	61.0	35.0	70.0	39.0	57.0	60.0	182.0	154.0	22.0	58.0	42.0	66.0	7.0	62.0	148.0	73.0	101.0	109.0	86.0	72.0	324.0	72.0	29.0	122.0	171.0	53.0	25.0	27.0	45.0	68.0	138.0	3.0	13.0	47.0	75.0	63.0	7.0	36.0	103.0	37.0	69.0	70.0	44.0	33.0	26.0	13.0	6.0	19.0	24.0	57.0	21.0	22.0	26.0	45.0	10.0	2.0	3.0	4.0	11.0	14.0	29.0			
NC_060929.1	1::NC_060929.1:84025701-84031098	5397	False	0.4225	2	49.0	10.0	34.0	13.0	37.0	17.0	42.0	64.0	17.0	21.0	18.0	43.0	2.0	31.0	77.0	40.0	97.0	62.0	49.0	80.0	163.0	46.0	22.0	22.0	54.0	24.0	13.0	16.0	20.0	28.0	53.0	10.0	12.0	31.0	40.0	33.0	3.0	21.0	47.0	32.0	31.0	36.0	26.0	21.0	20.0	11.0	4.0	2.0	16.0	32.0	15.0	11.0	21.0	24.0	4.0			2.0	10.0	2.0	18.0			
NC_060929.1	1::NC_060929.1:113348073-113354655	6582	False	0.4066	2	32.0	18.0	36.0	26.0	28.0	19.0	114.0	33.0	13.0	39.0	60.0	92.0	5.0	15.0	93.0	55.0	50.0	88.0	72.0	54.0	118.0	43.0	24.0	52.0	101.0	36.0	13.0	29.0	27.0	62.0	68.0	3.0	11.0	36.0	48.0	23.0	3.0	11.0	48.0	27.0	100.0	36.0	32.0	11.0	36.0	12.0	7.0	2.0	28.0	51.0	23.0	15.0	10.0	34.0	11.0	5.0	4.0	15.0	9.0	19.0	9.0			
NC_060926.1	-1::NC_060926.1:200980-207685	6705	False	0.6444	0					1.0	2.0	7.0	327.0	2.0	1.0	3.0	1.0	1.0	2.0	1.0	2.0	2.0			1.0	187.0	2.0		221.0		1.0	1.0	3.0	1.0	2.0	1.0		324.0	7.0				2.0		2.0	2.0	1.0	2.0		1.0					571.0	539.0		3.0		1.0			2.0	1.0	2.0		3.0		
NC_060926.1	2::NC_060926.1:201109-207667	6558	False	0.6507	0							5.0	326.0	2.0		2.0	1.0		1.0		1.0	1.0			1.0	185.0	1.0		217.0		1.0					1.0		324.0	2.0						2.0	1.0		2.0							570.0	537.0		1.0					2.0						
NC_060926.1	-2::NC_060926.1:201123-207753	6630	False	0.6463	0	2.0				2.0	1.0	9.0	323.0		1.0	3.0	2.0	1.0			3.0	1.0	2.0		1.0	216.0	1.0		216.0		4.0				2.0	3.0		354.0	1.0			2.0				2.0		1.0							507.0	542.0			1.0						1.0			2.0	4.0
NC_060926.1	1::NC_060926.1:201153-207540	6387	False	0.6535	0					1.0		4.0	314.0			2.0							1.0			207.0	1.0		213.0		1.0				2.0			348.0				2.0													501.0	531.0			1.0										
NC_060926.1	-3::NC_060926.1:201161-207728	6567	False	0.6502	0						1.0	4.0	359.0		2.0	2.0			2.0		1.0	1.0				214.0	1.0		185.0				1.0		1.0			323.0	1.0					3.0		1.0	1.0	1.0		2.0	1.0				539.0	538.0								1.0				1.0	3.0
NC_060926.1	3::NC_060926.1:202469-207686	5217	False	0.6546	0						1.0		285.0			1.0			1.0							166.0			150.0				1.0					260.0						2.0		1.0				2.0	1.0				436.0	431.0								1.0					
NC_060926.1	-1::NC_060926.1:21038236-21045901	7665	False	0.4078	1	124.0			76.0	35.0	56.0	76.0	36.0	38.0	45.0	61.0	47.0	50.0	30.0	30.0	36.0	7.0	58.0	20.0	48.0	65.0	92.0	21.0	53.0		38.0	31.0	42.0	35.0	75.0	21.0	11.0	19.0	47.0	29.0	33.0	5.0	63.0	3.0	13.0	78.0	69.0	36.0	82.0	63.0	30.0	6.0	6.0	30.0	45.0	33.0	64.0	85.0	54.0	9.0	2.0	2.0	5.0	33.0	60.0	50.0	52.0	42.0	50.0
NC_060926.1	1::NC_060926.1:21170667-21176472	5805	False	0.338	1	79.0	19.0	58.0	48.0	23.0	57.0	120.0	35.0	10.0	12.0	37.0	37.0	9.0	52.0	56.0	47.0	29.0	70.0	35.0	29.0	102.0	71.0	8.0	39.0	55.0	30.0	3.0	29.0	65.0	38.0	41.0	2.0	6.0	51.0	35.0	28.0	4.0	17.0	33.0	6.0	79.0	48.0	32.0	19.0	5.0	15.0	2.0	3.0	14.0	35.0	15.0	11.0	20.0	22.0	6.0	3.0	2.0	3.0	25.0	42.0	9.0			
NC_060926.1	3::NC_060926.1:27609683-27625610	15927	False	0.4389	2	80.0	77.0	100.0	90.0	35.0	148.0	261.0	220.0	28.0	57.0	112.0	104.0	29.0	104.0	262.0	264.0	117.0	112.0	113.0	107.0	180.0	65.0	67.0	140.0	170.0	108.0	62.0	61.0	47.0	163.0	257.0	9.0	124.0	85.0	40.0	136.0	13.0	64.0	71.0	69.0	76.0	53.0	135.0	41.0	66.0	10.0	13.0	10.0	26.0	91.0	82.0	34.0	60.0	77.0	12.0	19.0	13.0	20.0	29.0	45.0	46.0			
NC_060926.1	1::NC_060926.1:73461018-73467168	6150	False	0.4476	1	24.0	31.0	25.0	21.0	46.0	37.0	53.0	85.0	20.0	36.0	30.0	66.0	5.0	34.0	75.0	48.0	47.0	40.0	66.0	100.0	66.0	51.0	25.0	73.0	81.0	48.0	17.0	9.0	14.0	81.0	95.0	4.0	17.0	32.0	76.0	14.0	3.0	33.0	33.0	23.0	32.0	71.0	9.0	8.0	15.0	46.0	4.0	4.0	15.0	42.0	8.0	11.0	33.0	36.0	2.0		6.0	5.0	4.0	2.0	13.0			
NC_060926.1	-3::NC_060926.1:87368150-87373736	5586	False	0.2889	0					10.0	11.0	197.0	119.0			115.0	6.0	3.0	7.0		5.0	4.0	188.0		2.0	163.0	19.0		19.0		8.0		2.0	6.0	1.0		9.0		39.0	2.0	9.0		5.0	3.0		160.0	4.0	312.0	1.0	1.0	1.0				6.0	9.0			9.0				11.0	7.0	8.0		349.0	1.0	31.0
NC_060926.1	3::NC_060926.1:109223843-109229039	5196	False	0.4057	1	80.0	11.0	24.0	16.0	14.0	23.0	102.0	39.0	21.0	7.0	26.0	52.0	17.0	35.0	55.0	36.0	57.0	74.0	41.0	47.0	90.0	32.0	13.0	52.0	51.0	20.0	7.0	22.0	12.0	46.0	47.0	5.0	14.0	11.0	49.0	19.0	4.0	11.0	36.0	7.0	63.0	35.0	27.0	7.0	25.0	9.0	5.0	6.0	28.0	49.0	13.0	6.0	27.0	35.0	7.0	2.0	4.0	6.0	19.0	28.0	6.0			
NC_060926.1	3::NC_060926.1:167700443-167709851	9408	False	0.3874	2	73.0	22.0	45.0	51.0	45.0	32.0	205.0	81.0	21.0	44.0	67.0	65.0	11.0	39.0	88.0	109.0	105.0	118.0	62.0	82.0	246.0	92.0	30.0	109.0	60.0	57.0	24.0	42.0	42.0	77.0	66.0	6.0	19.0	62.0	45.0	43.0	4.0	34.0	49.0	49.0	91.0	70.0	60.0	45.0	27.0	11.0	9.0	6.0	21.0	55.0	30.0	21.0	20.0	38.0	12.0	4.0	5.0	13.0	24.0	19.0	34.0			
NC_060926.1	-1::NC_060926.1:179013022-179018686	5664	False	0.4387	1	92.0			61.0	33.0	31.0	38.0	23.0	20.0	24.0	48.0	41.0	34.0	31.0	53.0	12.0	11.0	36.0	25.0	32.0	22.0	23.0	15.0	23.0		34.0	36.0	38.0	15.0	34.0	15.0	17.0	12.0	49.0	17.0	24.0	16.0	40.0	7.0	26.0	45.0	21.0	21.0	49.0	47.0	30.0	14.0	14.0	14.0	22.0	29.0	68.0	118.0	46.0	8.0	3.0	4.0	4.0	55.0	56.0	37.0	43.0	10.0	22.0
NC_060926.1	-3::NC_060926.1:179042096-179059334	17238	False	0.4271	2	281.0			150.0	98.0	59.0	72.0	44.0	82.0	159.0	102.0	168.0	117.0	52.0	133.0	40.0	44.0	81.0	29.0	114.0	70.0	145.0	35.0	103.0		57.0	108.0	212.0	95.0	69.0	97.0	48.0	42.0	137.0	64.0	20.0	19.0	67.0	33.0	128.0	199.0	87.0	39.0	206.0	134.0	112.0	33.0	22.0	92.0	39.0	152.0	116.0	329.0	113.0	14.0	8.0	7.0	2.0	211.0	182.0	95.0	87.0	35.0	58.0
NC_060926.1	-3::NC_060926.1:179228387-179234963	6576	False	0.3799	2	104.0			41.0	14.0	70.0	77.0	6.0	16.0	39.0	70.0	56.0	41.0	17.0	54.0	16.0	27.0	22.0	21.0	51.0	21.0	61.0	18.0	33.0		42.0	36.0	41.0	43.0	17.0	11.0	10.0	21.0	55.0	19.0	14.0	2.0	39.0	6.0	34.0	64.0	23.0	41.0	65.0	34.0	34.0	6.0	4.0	8.0	28.0	46.0	76.0	191.0	17.0	5.0		3.0	1.0	57.0	60.0	38.0	51.0	26.0	49.0
NC_060926.1	3::NC_060926.1:186277688-186286643	8955	False	0.3479	2	90.0	32.0	87.0	63.0	58.0	65.0	194.0	51.0	16.0	36.0	49.0	66.0	10.0	42.0	98.0	91.0	76.0	85.0	51.0	69.0	186.0	114.0	12.0	91.0	96.0	48.0	22.0	53.0	51.0	42.0	56.0	9.0	15.0	72.0	62.0	34.0	3.0	22.0	53.0	37.0	132.0	66.0	64.0	34.0	35.0	18.0	4.0	1.0	23.0	32.0	23.0	25.0	20.0	21.0	7.0	1.0	2.0	3.0	9.0	36.0	22.0			
NC_060926.1	1::NC_060926.1:186288774-186298233	9459	False	0.3385	2	90.0	38.0	82.0	56.0	48.0	61.0	199.0	69.0	11.0	40.0	59.0	63.0	10.0	55.0	110.0	102.0	78.0	135.0	39.0	60.0	173.0	137.0	14.0	67.0	120.0	54.0	17.0	44.0	68.0	47.0	60.0	2.0	14.0	104.0	48.0	48.0	1.0	29.0	55.0	29.0	130.0	92.0	57.0	35.0	41.0	19.0	6.0	3.0	19.0	32.0	27.0	27.0	34.0	23.0	3.0		1.0	6.0	8.0	35.0	19.0			
NC_060926.1	2::NC_060926.1:206786578-206793505	6927	False	0.3919	1	53.0	14.0	26.0	48.0	40.0	35.0	128.0	65.0	10.0	22.0	37.0	65.0	8.0	40.0	99.0	60.0	26.0	133.0	62.0	45.0	140.0	60.0	24.0	91.0	59.0	57.0	20.0	35.0	40.0	56.0	36.0	4.0	10.0	34.0	52.0	40.0	7.0	32.0	25.0	13.0	72.0	73.0	32.0	9.0	28.0	11.0	7.0	5.0	15.0	18.0	20.0	3.0	10.0	37.0	15.0	4.0	10.0	7.0	13.0	43.0	26.0			
NC_060926.1	2::NC_060926.1:242515684-242521150	5466	False	0.5915	1	4.0		3.0	3.0	67.0	4.0	7.0	7.0	56.0	1.0		112.0	36.0	1.0	1.0	6.0	124.0	1.0	2.0		3.0	122.0	1.0	10.0	6.0	2.0	42.0	124.0	1.0	122.0	3.0	2.0	163.0			125.0	68.0	2.0	53.0	3.0	11.0	1.0	2.0	1.0		87.0		3.0	121.0	5.0	86.0	2.0	1.0			84.0	2.0	1.0	3.0	124.0	1.0			
NC_060926.1	-3::NC_060926.1:242515871-242521001	5130	False	0.6004	1					1.0	121.0						120.0	1.0				202.0		1.0	1.0	1.0					18.0	154.0	1.0		4.0	119.0	43.0	120.0		35.0	230.0	117.0		1.0	65.0	2.0		11.0			1.0	1.0		22.0	124.0	2.0			1.0	67.0	1.0	1.0		1.0	1.0		120.0		
NC_060926.1	-1::NC_060926.1:242515876-242520997	5121	False	0.6012	1	1.0				65.0			4.0	56.0			109.0	35.0			1.0	121.0				1.0	120.0		1.0		1.0	39.0	122.0		117.0	1.0	1.0	161.0			121.0	68.0	2.0	53.0		10.0					85.0			120.0	1.0	83.0					84.0		1.0	1.0	121.0	1.0			
NC_060926.1	-2::NC_060926.1:242515959-242521185	5226	False	0.5901	1	3.0			2.0			12.0	1.0			3.0	2.0	239.0	67.0	1.0	12.0	154.0	120.0	1.0	2.0	124.0	2.0				1.0	122.0	1.0	1.0	190.0	2.0		121.0	19.0		119.0	1.0	34.0	3.0	1.0	1.0	3.0	1.0	1.0				84.0		2.0			3.0	1.0	119.0		38.0	1.0	58.0	1.0	2.0	64.0		3.0
NC_060948.1	-2::NC_060948.1:325834-331447	5613	False	0.5897	0					21.0		7.0	300.0		1.0	121.0	1.0	4.0	1.0			18.0	2.0			198.0	1.0		202.0		1.0		1.0	2.0	19.0	1.0	5.0	135.0	1.0	1.0			1.0					2.0		2.0	2.0		1.0	2.0	405.0	398.0		1.0	1.0			6.0		3.0	1.0	1.0		1.0	1.0
NC_060948.1	-3::NC_060948.1:325911-331452	5541	False	0.5914	0					20.0		11.0	312.0			112.0	2.0			1.0	1.0	18.0	3.0			195.0			188.0			2.0			19.0		5.0	129.0	1.0				2.0	1.0		1.0		3.0							409.0	405.0						4.0		2.0				1.0	
NC_060948.1	2::NC_060948.1:374857-381433	6576	False	0.3905	0	240.0		32.0	354.0	1.0	1.0	1.0	5.0	1.0	198.0	2.0	2.0	2.0		346.0	2.0	1.0	2.0	212.0	4.0	3.0	28.0	13.0	1.0	28.0	26.0	2.0	1.0	28.0	6.0		1.0	4.0	1.0	3.0	4.0	1.0	5.0	3.0	1.0	3.0	1.0	1.0	31.0	2.0				2.0	4.0	2.0	208.0	361.0	1.0	1.0				2.0	4.0	4.0			
NC_060948.1	1::NC_060948.1:374877-381462	6585	False	0.3909	0	247.0	1.0	28.0	355.0	3.0		2.0	6.0	2.0	217.0	4.0	1.0	2.0		342.0	1.0			222.0	1.0	3.0	32.0	6.0		28.0	32.0	2.0	1.0	28.0	4.0	5.0				3.0	3.0		3.0	3.0	1.0	1.0		1.0	28.0	4.0	1.0	1.0		1.0	4.0	2.0	198.0	346.0	1.0		1.0	1.0	2.0	7.0	6.0	2.0			
NC_060948.1	3::NC_060948.1:375050-381458	6408	False	0.3869	0	241.0		27.0	347.0				1.0	1.0	214.0	2.0	1.0	2.0		354.0		1.0		201.0	1.0		29.0	13.0		34.0	27.0	1.0	1.0	31.0	1.0					1.0			6.0	1.0	1.0	1.0	2.0		27.0	2.0				1.0			206.0	352.0	2.0					1.0	1.0	2.0			
