clade	species	length	orf_valid	gc_content	gc_stretch_count	codon_TCG	codon_AGT	codon_AGC	codon_TTC	codon_AGG	codon_CCT	codon_CCA	codon_CAC	codon_TTG	codon_CCC	codon_TGC	codon_TTT	codon_GGG	codon_ATT	codon_ATG	codon_TGT	codon_GGT	codon_GAG	codon_CTT	codon_GAA	codon_ATC	codon_TCT	codon_AGA	codon_CAA	codon_ACT	codon_GCT	codon_CTC	codon_TCC	codon_GTA	codon_AAG	codon_GCG	codon_GCA	codon_GTT	codon_TGG	codon_CAT	codon_GTG	codon_ACG	codon_ACA	codon_GGA	codon_TGA	codon_AAT	codon_AAA	codon_CCG	codon_ACC	codon_CTG	codon_GCC	codon_CGG	codon_ATA	codon_GTC	codon_TAG	codon_GAT	codon_GGC	codon_AAC	codon_CAG	codon_GAC	codon_CGT	codon_TAT	codon_TAA	codon_TAC	codon_CGA	codon_CGC	codon_TCA	codon_CTA	codon_TTA
NC_073261.2	-2::NC_073261.2:98933633-98949680	16047	False	0.4401	2	17.0	105.0	40.0	177.0	107.0	84.0	29.0	135.0	270.0	123.0	74.0	262.0	74.0	74.0	115.0	117.0	70.0	32.0	142.0	61.0	113.0	116.0	267.0	146.0	111.0	71.0	220.0	94.0	10.0	93.0	26.0	25.0	60.0	260.0	138.0	62.0	15.0	42.0	55.0	172.0	66.0	79.0	11.0	77.0	166.0	28.0	7.0	47.0	36.0	78.0	41.0	25.0	51.0	68.0	44.0	10.0	81.0	99.0	102.0	16.0	13.0			
NC_073261.2	-1::NC_073261.2:124526784-124539129	12345	False	0.4889	0		2.0	41.0		409.0	2.0		164.0			118.0	1.0		1.0	139.0	3.0	1.0	29.0		509.0		1.0	253.0	1.0	3.0		1.0		5.0	382.0		372.0		2.0	147.0	2.0	80.0	215.0	262.0	26.0	6.0	292.0		2.0	3.0	2.0	1.0	4.0		1.0		143.0	125.0	276.0				2.0	2.0		85.0			
NC_073261.2	-3::NC_073261.2:124529242-124539751	10509	False	0.4889	0		1.0	32.0		342.0	1.0	1.0	144.0			97.0		1.0		122.0			29.0		440.0	1.0		216.0		1.0		1.0		6.0	321.0	1.0	325.0		1.0	130.0		71.0	182.0	220.0	18.0	4.0	259.0			3.0	2.0		3.0	1.0	3.0		133.0	93.0	229.0				1.0	2.0	1.0	65.0			
NC_073258.2	-2::NC_073258.2:3418513-3432796	14283	False	0.5602	2	1.0	252.0	20.0	36.0	192.0	28.0	5.0	63.0	37.0	72.0	63.0	37.0	149.0	9.0	69.0	405.0	637.0	43.0	36.0	101.0		16.0	158.0	28.0	100.0	163.0	6.0	16.0	10.0	33.0	1.0	2.0	32.0	290.0	74.0	262.0	3.0	3.0	284.0	140.0	50.0	18.0	7.0	32.0	68.0	51.0	32.0	30.0	5.0	38.0	98.0	188.0	23.0	19.0	66.0	97.0	11.0	14.0	3.0	25.0	10.0			
NC_073258.2	2::NC_073258.2:3593554-3605986	12432	False	0.5761	2	20.0	24.0	385.0	23.0	32.0	242.0	68.0	34.0	10.0	147.0	89.0	15.0	36.0	3.0	15.0	13.0	56.0	66.0	8.0	40.0	82.0	252.0	44.0	11.0	172.0	113.0	29.0	102.0	4.0	45.0	4.0	17.0	61.0	29.0	22.0	94.0	27.0	454.0	63.0		7.0	35.0	26.0	550.0	38.0	131.0	20.0	16.0	22.0		3.0	38.0	46.0	101.0	54.0	13.0	7.0		22.0	19.0	17.0	27.0	1.0	
NC_073258.2	2::NC_073258.2:3654547-3669328	14781	False	0.6433	2	23.0	43.0	150.0	37.0	40.0	51.0	139.0	90.0	13.0	279.0	59.0	33.0	118.0	7.0	61.0	25.0	28.0	98.0	41.0	26.0	94.0	50.0	17.0	5.0	199.0	54.0	60.0	345.0	2.0	24.0	12.0	85.0	11.0	74.0	2.0	155.0	194.0	338.0	38.0		10.0	30.0	87.0	704.0	147.0	306.0	23.0	13.0	55.0		3.0	119.0	43.0	85.0	37.0	21.0	6.0		29.0	4.0	29.0	41.0	14.0	1.0
NC_073258.2	-1::NC_073258.2:63743861-63761369	17508	False	0.4909	2	4.0	34.0	76.0	195.0	217.0	10.0	32.0	298.0	27.0	116.0	56.0	434.0	255.0	78.0	41.0	30.0	26.0	45.0	392.0	88.0	374.0	10.0	86.0	90.0	44.0	61.0	144.0	153.0	4.0	56.0	3.0	2.0	69.0	228.0	257.0	53.0	7.0	11.0	64.0	52.0	130.0	63.0	4.0	158.0	36.0	203.0	21.0	6.0	230.0	23.0	124.0	72.0	155.0	152.0	93.0	6.0	34.0	31.0	49.0	13.0	11.0			
NC_073258.2	1::NC_073258.2:133770660-133784037	13377	False	0.715	2	84.0	2.0	5.0	92.0	7.0	694.0	60.0	90.0	5.0	969.0	54.0	6.0	15.0	3.0	23.0	6.0	5.0	15.0	98.0	2.0	85.0	92.0	12.0	1.0	11.0	4.0	679.0	592.0		2.0	13.0	6.0	1.0	6.0	80.0	6.0	1.0	8.0	8.0				58.0	72.0	21.0	138.0	22.0	1.0	5.0		32.0	19.0	1.0	6.0	4.0	5.0	2.0		1.0	43.0	89.0	90.0	7.0	1.0
NC_073258.2	2::NC_073258.2:133770838-133784338	13500	False	0.7124	2	85.0	3.0	13.0	86.0	8.0	687.0	79.0	82.0	8.0	959.0	41.0	14.0	21.0	5.0	31.0	2.0	3.0	14.0	100.0	5.0	83.0	89.0	3.0	5.0	7.0	11.0	684.0	597.0	1.0	2.0	9.0	8.0	3.0	9.0	72.0	5.0	2.0	5.0	11.0		4.0	2.0	50.0	88.0	11.0	143.0	18.0	1.0	9.0		39.0	23.0	1.0	11.0	10.0	4.0	4.0		3.0	31.0	100.0	89.0	5.0	2.0
NC_073258.2	3::NC_073258.2:133771049-133783841	12792	False	0.7147	2	72.0		6.0	93.0	4.0	673.0	69.0	83.0	11.0	956.0	39.0	11.0	13.0	4.0	37.0	1.0	1.0	4.0	87.0		71.0	92.0	1.0	1.0	9.0	5.0	672.0	592.0		2.0	8.0	3.0		1.0	79.0	3.0	5.0	5.0	6.0				57.0	69.0	10.0	125.0	7.0		5.0		29.0	8.0	2.0	5.0	1.0	1.0	3.0		2.0	36.0	92.0	90.0	3.0	
NC_073258.2	1::NC_073258.2:134647137-134657814	10677	False	0.5626	0	106.0	2.0	3.0	3.0	1.0	125.0	21.0	383.0		107.0	80.0		3.0	1.0	87.0	1.0		2.0		38.0	74.0	6.0	49.0	32.0	1.0		127.0	82.0	2.0	2.0	71.0	238.0		1.0	238.0	1.0	161.0	285.0	2.0		5.0	126.0	36.0	91.0	3.0	2.0		85.0	144.0				66.0	53.0	14.0	143.0	2.0		80.0		224.0	149.0	1.0	
NC_073258.2	2::NC_073258.2:134647213-134657761	10548	False	0.5631	0	106.0					123.0	19.0	373.0		102.0	83.0			1.0	83.0	2.0			1.0	37.0	77.0	2.0	54.0	32.0			128.0	79.0			69.0	234.0	3.0	2.0	232.0		160.0	281.0	1.0		2.0	127.0	35.0	102.0		2.0		82.0	140.0				63.0	51.0	12.0	136.0			86.0		236.0	156.0	1.0	1.0
NC_073258.2	3::NC_073258.2:134647217-134657750	10533	False	0.5637	0	108.0	1.0		4.0		125.0	23.0	373.0		101.0	82.0				80.0			1.0		37.0	74.0		50.0	31.0			125.0	81.0			64.0	249.0	2.0		236.0		159.0	274.0	2.0		7.0	124.0	36.0	100.0		6.0		80.0	136.0				65.0	50.0	16.0	145.0			82.0	1.0	224.0	156.0		1.0
NC_073256.2	-1::NC_073256.2:47-11114	11067	False	0.5062	0						1279.0				511.0										14.0		1.0		8.0					1.0					1.0				1.0				2.0	48.0	1.0									1330.0				1.0	488.0		1.0	2.0			
NC_073256.2	1::NC_073256.2:48-11163	11115	False	0.5057	0						487.0	6.0			8.0					1.0	1.0				1.0	2.0	2.0		1.0					1.0		3.0	1.0			1.0				1.0		1.0	1.0	12.0	1330.0	1.0			2.0			1.0		512.0				1.0		1.0	47.0	1.0		1279.0	
NC_073256.2	-2::NC_073256.2:160452769-160474345	21576	False	0.7128	1	25.0	341.0	1.0	2.0	588.0	2.0			1.0	252.0	62.0	1.0	1339.0	1.0	1.0	360.0	41.0	955.0				6.0	2.0		1.0	5.0	4.0	207.0	4.0	4.0	34.0	55.0	1.0	8.0	2.0	752.0			646.0	374.0	2.0	3.0	313.0		12.0	71.0	9.0		273.0	1.0	3.0	70.0	1.0	40.0		285.0		2.0			30.0			
NC_073256.2	-1::NC_073256.2:160452803-160474382	21579	False	0.7131	1	23.0	271.0			726.0		2.0		2.0	205.0	75.0		1289.0	3.0	3.0	382.0	34.0	1022.0				7.0	4.0		1.0	2.0	7.0	248.0	3.0		39.0	59.0	2.0	14.0		732.0		1.0	577.0	296.0		4.0	326.0		8.0	60.0	7.0		289.0	3.0		45.0		56.0		344.0			1.0		21.0			
NC_073256.2	-3::NC_073256.2:160461576-160474362	12786	False	0.7131	1	18.0	188.0	1.0	1.0	468.0	3.0			2.0	137.0	44.0	1.0	780.0			175.0	26.0	522.0		3.0		2.0	2.0			5.0	3.0	164.0	1.0		18.0	23.0	1.0	7.0		479.0			346.0	205.0			155.0		1.0	41.0	1.0		131.0	1.0	1.0	36.0		35.0	1.0	221.0		1.0			12.0			
NC_073256.2	-2::NC_073256.2:161342506-161362642	20136	False	0.7031	2	27.0	24.0	45.0	23.0	19.0	74.0	58.0	345.0	15.0	181.0	49.0	13.0	198.0	2.0	5.0	35.0	212.0	194.0	146.0	122.0	26.0	26.0	19.0	21.0	10.0	136.0	535.0	22.0	140.0	17.0	245.0	33.0	62.0	62.0	100.0	109.0	23.0	20.0	129.0	9.0	13.0	19.0	176.0	15.0	427.0	375.0	51.0	11.0	314.0	11.0	171.0	537.0	15.0	569.0	159.0	116.0	3.0	1.0	5.0	76.0	117.0			
NC_073256.2	2::NC_073256.2:161342530-161355964	13434	False	0.7319	2	24.0	8.0	9.0	2.0	2.0	18.0	41.0	236.0		122.0	14.0	1.0	136.0				159.0	119.0	87.0	77.0	8.0	8.0		8.0		93.0	391.0	1.0	103.0	1.0	216.0	17.0	36.0	32.0	70.0	68.0	17.0	8.0	97.0			8.0	132.0		285.0	287.0	40.0		232.0		114.0	414.0	8.0	376.0	118.0	81.0	1.0			66.0	87.0			
NC_073255.2	-3::NC_073255.2:5417086-5429629	12543	False	0.6468	1		4.0		1.0	296.0	4.0	1.0		4.0	4.0	3.0	5.0	1031.0	2.0	153.0	200.0	6.0	292.0	4.0	5.0	189.0	190.0	5.0	2.0	2.0	3.0	2.0	4.0		1.0	3.0	6.0	2.0	150.0	2.0	212.0	44.0	3.0	484.0	199.0	6.0	2.0		1.0	188.0	3.0	48.0	3.0	3.0		335.0	5.0	1.0	8.0	53.0	3.0	2.0		1.0	1.0				
NC_073255.2	-1::NC_073255.2:5417109-5429478	12369	False	0.6483	1		3.0	2.0	1.0	291.0	1.0		1.0	4.0	2.0	2.0	2.0	1027.0	1.0	153.0	205.0	2.0	294.0	3.0	7.0	185.0	188.0	2.0			2.0	4.0		2.0	3.0	2.0	1.0		148.0	2.0	208.0	48.0	7.0	485.0	195.0	2.0	1.0	1.0	1.0	184.0		50.0	1.0			337.0	4.0		7.0	49.0	2.0	1.0							
NC_073255.2	-2::NC_073255.2:5417162-5429870	12708	False	0.6469	2	2.0	4.0	3.0	4.0	294.0	5.0	6.0	2.0	9.0	5.0	4.0	3.0	1037.0	1.0	156.0	206.0	2.0	293.0	6.0	6.0	186.0	191.0	6.0	4.0		6.0	4.0	3.0	1.0	6.0	1.0	4.0	2.0	153.0	2.0	208.0	49.0	7.0	488.0	197.0	2.0	1.0	1.0	2.0	193.0	4.0	46.0	1.0	3.0	1.0	336.0	5.0	1.0	11.0	55.0	2.0	2.0		1.0	1.0	2.0			
NC_073255.2	2::NC_073255.2:118855474-118866310	10836	False	0.5066	1	29.0	140.0	134.0	85.0	18.0	81.0	73.0	79.0	43.0	164.0	3.0	30.0	9.0	28.0	65.0	6.0	23.0	86.0	24.0	42.0	151.0	209.0	14.0	10.0	347.0	21.0	55.0	134.0	19.0	17.0	4.0	27.0	17.0	7.0	17.0	46.0	40.0	278.0	14.0		32.0	9.0	10.0	505.0	27.0	57.0		15.0	42.0		5.0	18.0	21.0	19.0	21.0		13.0		30.0	5.0	2.0	175.0	5.0	12.0
NC_073255.2	1::NC_073255.2:118884714-118942548	57834	False	0.5079	2	228.0	977.0	925.0	730.0	106.0	414.0	193.0	699.0	358.0	781.0	11.0	116.0	92.0	284.0	204.0	12.0	43.0	616.0	62.0	94.0	1117.0	1054.0	48.0	31.0	1980.0	81.0	140.0	516.0	24.0	190.0	76.0	108.0	44.0	20.0	66.0	127.0	144.0	744.0	19.0		175.0	24.0	46.0	2949.0	83.0	438.0	6.0	79.0	101.0		23.0	135.0	112.0	90.0	71.0	12.0	37.0		116.0	5.0	38.0	1134.0	13.0	117.0
NC_073255.2	1::NC_073255.2:118971987-118996437	24450	False	0.558	1	57.0	242.0	649.0	184.0	2.0	338.0	281.0	320.0	17.0	157.0		47.0	15.0	6.0	23.0	2.0	81.0	112.0	63.0	350.0	38.0	225.0	29.0	72.0	279.0	27.0	174.0	292.0	8.0	9.0	21.0	192.0	84.0	18.0	8.0	30.0	141.0	916.0	88.0		3.0	39.0	37.0	596.0	67.0	223.0	14.0	36.0	90.0		33.0	397.0	10.0	67.0	120.0	51.0	5.0		67.0	15.0	83.0	500.0	28.0	72.0
NC_073255.2	3::NC_073255.2:119022050-119046509	24459	False	0.4862	0	6.0	509.0	597.0	2.0	32.0	552.0	276.0	2.0	29.0	11.0		22.0	4.0	34.0	214.0	4.0	119.0	125.0	172.0	394.0	67.0	443.0	60.0	6.0	730.0	262.0	9.0	58.0	32.0	12.0	4.0	48.0	127.0		29.0	210.0	96.0	523.0	92.0		44.0	24.0	67.0	637.0	32.0	219.0		135.0	218.0		54.0	24.0	70.0	4.0	116.0	32.0	51.0		8.0	2.0	1.0	361.0	5.0	137.0
NC_073255.2	3::NC_073255.2:196298633-196309001	10368	False	0.4984	0		1.0		3.0	1252.0		1.0		1.0	1.0	2.0	6.0	448.0		2.0	2.0		1.0	6.0			5.0	1.0		1.0	1.0	3.0	2.0					1251.0	2.0	1.0	2.0		1.0			1.0	1.0			3.0			1.0					2.0	1.0			1.0					1.0	2.0	447.0
NC_073255.2	-3::NC_073255.2:196298770-196309006	10236	False	0.5005	0					447.0			1.0			1.0		1.0			1.0	1250.0					1.0		1.0		2.0			1.0				447.0	1.0		2.0			1.0					1.0					2.0	1251.0				1.0										
NC_085926.1	-3::NC_085926.1:193694170-193705456	11286	False	0.5676	2	1.0	91.0	116.0	16.0	364.0	8.0	7.0	8.0	9.0	11.0	63.0	9.0	19.0	5.0	25.0	248.0	464.0	12.0	6.0	13.0	17.0	10.0	109.0	1.0	19.0	77.0	16.0	20.0	4.0	202.0	2.0	2.0	27.0	32.0	9.0	94.0	2.0		402.0	229.0	5.0	5.0	3.0	193.0	31.0	12.0	6.0	1.0	194.0	12.0	12.0	115.0	11.0	11.0	207.0	15.0	7.0	12.0	133.0	3.0	5.0			
NC_085926.1	3::NC_085926.1:195330128-195348608	18480	False	0.5798	1		50.0	3.0	1.0	391.0	6.0	862.0	2.0		3.0	3.0		1296.0	243.0	3.0	4.0	1.0	149.0	1.0	6.0	1.0	870.0	857.0	5.0	561.0		2.0		2.0	3.0	1.0	3.0	2.0	3.0		4.0		12.0	43.0		13.0	5.0	1.0	1.0	4.0		5.0	1.0	1.0			4.0	5.0	4.0	716.0		3.0		2.0	1.0		1.0		
NC_085926.1	-2::NC_085926.1:195330260-195348617	18357	False	0.5794	0		50.0	1.0	1.0	390.0	4.0	860.0			1.0		1.0	1296.0	243.0	3.0	1.0		148.0		6.0	1.0	869.0	855.0	5.0	561.0		1.0		2.0	2.0	1.0	1.0	2.0	3.0		3.0		11.0	42.0	1.0	13.0	4.0		1.0	1.0		4.0	1.0				2.0	4.0	2.0	716.0		3.0		2.0	1.0				
NC_085926.1	-1::NC_085926.1:195330324-195344922	14598	False	0.5882	0			1.0	1.0	17.0	1.0		12.0			1.0	166.0		13.0					478.0	30.0			74.0		1.0			1.0		3.0		1.0	37.0				442.0	159.0	1355.0	2.0		2.0			696.0							3.0		685.0	684.0			1.0						
NC_085926.1	-3::NC_085926.1:195330346-195348511	18165	False	0.5811	0		3.0	1.0	864.0	851.0	1.0							20.0				1.0	1027.0		15.0			1.0			1.0				6.0				3.0	1.0		5.0	3.0		863.0	2.0			858.0	1.0	3.0	462.0				240.0		37.0	253.0	532.0			1.0						
NC_085926.1	1::NC_085926.1:195330360-195348504	18144	False	0.5813	0			1.0		19.0			14.0			1.0	241.0	1.0	13.0				2.0	561.0	41.0			131.0	1.0	1.0			1.0		1.0		1.0	49.0				461.0	253.0	1680.0			2.0			866.0							2.0		851.0	851.0				1.0	1.0			1.0	
NC_073252.2	2::NC_073252.2:810883-833707	22824	False	0.49	1	1.0		8.0	24.0		114.0	741.0	1316.0		183.0	144.0			17.0	123.0	6.0			10.0	2.0	601.0	252.0	4.0	24.0	18.0	1.0	183.0	552.0	7.0		1.0	118.0			751.0		9.0	1259.0			9.0	13.0	5.0	244.0	30.0	30.0		184.0	11.0		5.0		22.0	14.0	6.0	10.0	170.0		187.0	4.0	13.0	14.0	166.0	2.0
NC_073252.2	1::NC_073252.2:812607-826149	13542	False	0.4884	1			2.0	16.0		82.0	414.0	772.0		107.0	71.0			11.0	75.0	6.0			6.0	3.0	370.0	146.0	5.0	18.0	13.0		96.0	345.0				75.0			443.0		11.0	746.0			1.0	6.0	5.0	152.0	16.0	21.0		114.0	4.0		2.0		9.0	10.0	1.0	8.0	103.0		111.0	2.0	4.0	14.0	98.0	
NC_073252.2	3::NC_073252.2:822293-840473	18180	False	0.4918	1			4.0	16.0		91.0	580.0	1061.0		148.0	113.0			7.0	101.0	4.0			12.0	2.0	487.0	196.0	3.0	11.0	11.0		146.0	442.0	5.0			97.0			612.0		7.0	1014.0			3.0	7.0	3.0	205.0	19.0	28.0		138.0	6.0		3.0		18.0	10.0	3.0	7.0	136.0		150.0	5.0	9.0	9.0	131.0	
NC_073252.2	1::NC_073252.2:829581-841455	11874	False	0.4933	0	1.0	2.0	4.0	9.0	1.0	62.0	380.0	703.0		97.0	75.0			4.0	67.0	5.0	1.0		10.0	1.0	325.0	126.0	3.0	10.0	3.0	1.0	90.0	292.0	2.0		1.0	63.0			386.0		7.0	654.0			1.0	3.0	4.0	134.0	13.0	16.0		97.0	4.0		2.0	2.0	9.0	9.0	4.0	5.0	87.0		87.0		2.0	9.0	84.0	1.0
NC_073252.2	-3::NC_073252.2:182690975-182707829	16854	False	0.6185	0		519.0	2.0	1.0	235.0	1.0	9.0	2.0	4.0	1.0	386.0	3.0	576.0	4.0	497.0	4.0	32.0	373.0	3.0	5.0	3.0	4.0	3.0	3.0	13.0	13.0	3.0	1.0	3.0	5.0	3.0	323.0	3.0	63.0	3.0	486.0	3.0	4.0	463.0	398.0	3.0	1.0	142.0	2.0	16.0	198.0	128.0	2.0	1.0	1.0	356.0	8.0	1.0	290.0	3.0	1.0	1.0	2.0	2.0	3.0				
NC_073252.2	-1::NC_073252.2:182690989-182707708	16719	False	0.6201	0		441.0	1.0		330.0		8.0	3.0	1.0		530.0	1.0	477.0		425.0	6.0	44.0	522.0		5.0	2.0	3.0	5.0	1.0		14.0	1.0		2.0	2.0		284.0	2.0	64.0	3.0	407.0		1.0	395.0	333.0	3.0		130.0		14.0	152.0	206.0				495.0	3.0	1.0	234.0	13.0		3.0	1.0	3.0	2.0				
NC_073252.2	-2::NC_073252.2:182691084-182707728	16644	False	0.6215	0		372.0	2.0		289.0		4.0				445.0		420.0		357.0	4.0	34.0	440.0	1.0	2.0		1.0	5.0			15.0	2.0	1.0	1.0	2.0	11.0	230.0		65.0		553.0	2.0	2.0	541.0	486.0	1.0		196.0		20.0	137.0	145.0	1.0	1.0		423.0	2.0		332.0				1.0		2.0				
NC_085927.1	1::NC_085927.1:60287118-60298359	11241	False	0.6066	0		2.0	182.0		4.0	157.0	85.0	561.0	1.0	25.0	2.0	1.0	98.0		1.0	2.0	1.0	2.0	2.0	2.0	115.0	13.0	2.0	1.0	156.0		321.0	2.0		1.0	6.0	167.0		2.0	120.0	2.0	166.0	184.0	132.0		2.0	8.0		234.0	1.0	20.0	179.0		16.0		1.0	33.0	1.0	168.0	139.0	10.0			1.0	1.0	3.0	411.0	1.0	
NC_085927.1	2::NC_085927.1:60287209-60298258	11049	False	0.6068	0			164.0	1.0	2.0	157.0	93.0	566.0		26.0		1.0	102.0		1.0			1.0			120.0	14.0	1.0		142.0	1.0	320.0	1.0			14.0	182.0	1.0		107.0		161.0	167.0	151.0			6.0		225.0	1.0	16.0	160.0		11.0			25.0	5.0	164.0	130.0	4.0			1.0	1.0	4.0	433.0		1.0
NC_085927.1	3::NC_085927.1:60287306-60298430	11124	False	0.608	0			165.0		2.0	171.0	79.0	582.0	1.0	24.0			104.0	1.0	2.0						105.0	17.0			131.0		314.0			1.0	9.0	169.0			116.0	1.0	182.0	166.0	139.0		1.0	2.0		223.0		16.0	156.0		5.0			25.0		184.0	154.0	17.0	1.0		1.0		3.0	437.0	1.0	1.0
NC_073269.2	-1::NC_073269.2:13913131-13935868	22737	False	0.4878	2	4.0	360.0	119.0	235.0	303.0	85.0	45.0	180.0	74.0	82.0	121.0	103.0	120.0	78.0	96.0	551.0	471.0	64.0	81.0	65.0	102.0	102.0	427.0	99.0	139.0	214.0	222.0	98.0	20.0	102.0	5.0	1.0	70.0	195.0	236.0	69.0	3.0	2.0	378.0	376.0	95.0	73.0	4.0	74.0	93.0	65.0	14.0	32.0	135.0	33.0	148.0	133.0	89.0	126.0	101.0	39.0	90.0	56.0	47.0	17.0	18.0			
NC_073267.2	2::NC_073267.2:98196862-98208751	11889	False	0.6709	2	23.0	35.0	166.0	74.0	106.0	106.0	121.0	86.0	29.0	277.0	54.0	26.0	135.0	7.0	34.0	23.0	50.0	208.0	26.0	53.0	15.0	44.0	42.0	24.0	35.0	70.0	77.0	82.0	5.0	120.0	57.0	66.0	13.0	25.0	20.0	68.0	32.0	42.0	70.0		12.0	41.0	89.0	98.0	166.0	219.0	54.0	2.0	37.0		44.0	162.0	41.0	163.0	123.0	14.0	6.0		22.0	17.0	50.0	37.0	13.0	7.0
NC_073249.2	2::NC_073249.2:97537285-97547398	10113	False	0.5523	1	17.0	108.0	113.0	15.0	90.0	11.0	13.0	196.0	5.0	26.0		5.0	117.0	21.0	4.0	2.0	37.0	106.0	4.0	110.0	6.0	156.0	160.0	92.0	52.0	55.0	10.0	199.0	15.0	17.0	16.0	88.0	14.0	13.0	138.0	26.0	4.0	51.0	215.0		23.0	25.0	9.0	30.0	4.0	49.0	27.0	6.0	10.0		49.0	59.0	29.0	216.0	139.0	59.0	21.0		23.0	19.0	23.0	215.0	2.0	7.0
NC_073249.2	1::NC_073249.2:97600755-97611663	10908	False	0.5724	1	37.0	79.0	189.0	6.0	37.0	35.0	34.0	154.0	10.0	10.0	5.0	30.0	162.0	1.0	4.0	19.0	185.0	63.0	6.0	23.0	3.0	529.0	18.0	134.0	12.0	20.0	1.0	221.0	2.0	10.0		3.0	2.0	12.0	186.0	4.0		17.0	143.0		14.0	8.0	2.0	12.0	5.0	6.0	15.0	3.0	7.0		12.0	413.0	8.0	219.0	7.0	55.0	83.0		60.0	55.0	20.0	214.0		12.0
NC_073249.2	3::NC_073249.2:227246636-227262338	15702	False	0.626	1	4.0	3.0	1.0	12.0	3.0	501.0	673.0	692.0	1.0	487.0	9.0	6.0	1.0	4.0	3.0	3.0	1.0	4.0	9.0		284.0	8.0	3.0	24.0	10.0	7.0	481.0	789.0	1.0	2.0		9.0	1.0	2.0	310.0	4.0	5.0	333.0			4.0	20.0	11.0	391.0	8.0	7.0	2.0	14.0	4.0		2.0	4.0	14.0	5.0	7.0	2.0	6.0		12.0		12.0	9.0	10.0	
NC_073249.2	1::NC_073249.2:227246718-227262249	15531	False	0.6284	1	2.0	1.0	3.0	10.0	2.0	509.0	670.0	711.0	2.0	485.0	5.0		1.0	1.0	1.0		4.0		9.0		298.0	9.0	2.0	20.0	7.0	7.0	497.0	761.0			1.0	8.0	1.0	4.0	283.0	1.0	5.0	323.0			3.0	21.0	5.0	387.0	10.0	9.0	2.0	18.0	3.0			3.0	17.0	6.0	2.0	2.0	15.0		7.0	1.0	14.0	4.0	5.0	
NC_073249.2	2::NC_073249.2:227247043-227262286	15243	False	0.6274	1	1.0	1.0	1.0	7.0		478.0	659.0	698.0		487.0	7.0			6.0	1.0	2.0			6.0	1.0	287.0	10.0	3.0	17.0	3.0	3.0	499.0	785.0				4.0			277.0		3.0	353.0			5.0	12.0	4.0	373.0	6.0	6.0		7.0	1.0				21.0	2.0	3.0	1.0	17.0		4.0	2.0	5.0	4.0	9.0	
NC_073249.2	-3::NC_073249.2:227694502-227704597	10095	False	0.5001	0					34.0				1.0				2.0				1646.0																35.0																	1647.0														
NC_073249.2	3::NC_073249.2:227694503-227704598	10095	False	0.5	0					1647.0							1.0	34.0				2.0																1646.0	1.0																														34.0
NC_073254.2	2::NC_073254.2:188264023-188289880	25857	False	0.6916	1	41.0	3.0		3.0	537.0	352.0	120.0	467.0	2.0	114.0	239.0	1.0	742.0		6.0	1.0	235.0	3.0	5.0	9.0	118.0	3.0	3.0	1.0	115.0	114.0	118.0	345.0	3.0	3.0	229.0	349.0		232.0	117.0	121.0	227.0	573.0	341.0		4.0	1.0			343.0	115.0	155.0	1.0	232.0			351.0	1.0	538.0	340.0	118.0			114.0		223.0	73.0	118.0	
NC_073254.2	3::NC_073254.2:188264078-188289713	25635	False	0.693	0	39.0			1.0	537.0	343.0	113.0	460.0	2.0	116.0	237.0		735.0		4.0		238.0		1.0	4.0	115.0	1.0			111.0	115.0	118.0	348.0		1.0	231.0	347.0		230.0	114.0	119.0	228.0	578.0	340.0		6.0		1.0		342.0	116.0	156.0		232.0			346.0		537.0	333.0	115.0			116.0		226.0	77.0	116.0	
NC_073254.2	1::NC_073254.2:188264100-188289723	25623	False	0.6929	0	41.0		1.0		537.0	347.0	115.0	458.0		117.0	230.0		727.0		6.0		237.0		2.0	3.0	114.0	1.0	1.0	1.0	110.0	116.0	116.0	347.0			231.0	345.0		236.0	119.0	124.0	222.0	578.0	346.0		4.0				338.0	117.0	156.0		228.0			347.0		536.0	337.0	115.0			116.0		228.0	77.0	114.0	
NC_073254.2	2::NC_073254.2:188832130-188842537	10407	False	0.6059	0	122.0		190.0	198.0	160.0	194.0		207.0		5.0	2.0	2.0	184.0					130.0	194.0		7.0	212.0	193.0	2.0	3.0	1.0	1.0	579.0					1.0	63.0	184.0	2.0	36.0		196.0		1.0		189.0	1.0	192.0									4.0		2.0			2.0		1.0	1.0	8.0	
NC_073264.2	-1::NC_073264.2:106122691-106140052	17361	False	0.5884	2	7.0	78.0	95.0	121.0	105.0	45.0	17.0	383.0	38.0	136.0	74.0	206.0	309.0	10.0	16.0	72.0	43.0	161.0	403.0	106.0	152.0	41.0	111.0	32.0	64.0	127.0	285.0	86.0	6.0	42.0	10.0	10.0	8.0	105.0	194.0	53.0	2.0	9.0	160.0	44.0	44.0	37.0	20.0	50.0	218.0	183.0	59.0	2.0	333.0	18.0	50.0	232.0	43.0	271.0	89.0	22.0	30.0	15.0	16.0	45.0	44.0			
NC_073264.2	-3::NC_073264.2:106655927-106666913	10986	False	0.68	2	5.0	8.0	120.0	3.0	176.0	12.0	8.0	9.0	4.0	29.0	10.0	1.0	493.0	1.0	4.0	498.0	180.0	162.0	3.0	112.0	7.0	3.0	10.0	4.0	1.0	10.0	10.0	3.0	4.0	117.0	202.0	12.0	2.0	112.0	3.0	664.0	1.0	2.0	178.0	79.0	1.0	2.0	15.0	5.0	15.0	16.0	173.0		6.0	1.0	3.0	102.0	2.0	18.0	11.0	6.0	2.0	2.0	3.0	10.0	7.0			
NC_073260.2	3::NC_073260.2:1800275-1811402	11127	False	0.6143	1	1.0	153.0	54.0	95.0	68.0	201.0	70.0	364.0		133.0	1.0		280.0				2.0	146.0	158.0	2.0		8.0	194.0	2.0		79.0	84.0	123.0				16.0				2.0	13.0	239.0	114.0			2.0	82.0	128.0	1.0		29.0		95.0			12.0	1.0	330.0	159.0	2.0				1.0	1.0	264.0		
NC_073257.2	1::NC_073257.2:144334761-144356142	21381	False	0.5526	1	2.0	6.0	4.0	6.0		69.0	366.0	880.0		708.0	13.0	4.0	1.0		12.0		2.0	1.0	533.0		182.0	234.0	6.0		262.0	82.0	197.0	331.0	6.0			28.0	5.0	1.0	103.0		267.0	1126.0				1.0	58.0	545.0	1.0	76.0		3.0	3.0		1.0	1.0		7.0	5.0	37.0	4.0		449.0	7.0	178.0	11.0	112.0	191.0
NC_073257.2	2::NC_073257.2:144335674-144356113	20439	False	0.5472	1		1.0	4.0	1.0		243.0	877.0	1124.0	2.0	483.0	12.0			3.0	10.0		1.0		321.0		80.0	140.0	2.0	1.0	125.0	50.0	109.0	205.0	4.0			22.0	6.0	1.0	318.0		153.0	699.0	1.0				28.0	305.0	2.0	76.0	1.0	4.0	20.0				1.0	10.0	13.0	7.0	3.0		254.0	8.0	288.0	42.0	215.0	538.0
NC_073257.2	3::NC_073257.2:144339164-144356156	16992	False	0.5423	1		5.0	5.0	1.0		147.0	501.0	1250.0		215.0	11.0	3.0		4.0	8.0	2.0			110.0		258.0	55.0	1.0		360.0	126.0	227.0	70.0	1.0			8.0		1.0	179.0	2.0	61.0	234.0	1.0				23.0	402.0	1.0	114.0	1.0	3.0	3.0				1.0	13.0	9.0	8.0			651.0	4.0	152.0	23.0	111.0	299.0
NC_073257.2	-3::NC_073257.2:144829198-144851365	22167	False	0.5388	1		51.0	34.0	1.0	4.0	1.0	4.0	39.0	3.0		679.0	1.0	5.0		284.0	1921.0	33.0	90.0		3.0		4.0	3.0		37.0	695.0	4.0	3.0	2.0	1.0	50.0	56.0	4.0	3.0	3.0	1989.0	1.0	1.0	2.0	349.0		4.0		1.0	717.0	3.0	21.0	1.0	2.0		248.0	2.0	1.0	4.0	3.0		3.0				19.0			
NC_073257.2	-2::NC_073257.2:144829265-144851387	22122	False	0.5389	1		57.0	31.0	2.0	4.0	2.0	1.0	56.0	2.0	2.0	693.0	1.0	4.0	1.0	252.0	1924.0	24.0	95.0		1.0		7.0	2.0		37.0	652.0	4.0		1.0	2.0	40.0	40.0	4.0	6.0	2.0	2001.0	3.0	1.0	1.0	369.0			1.0	1.0	731.0	1.0	36.0				255.0	2.0	1.0	3.0	1.0	1.0	1.0		2.0		14.0			
NC_073257.2	-1::NC_073257.2:144834291-144845871	11580	False	0.5402	0		24.0	18.0	1.0				12.0	1.0		399.0		1.0		141.0	1004.0	29.0	39.0				2.0			24.0	332.0	1.0		1.0		31.0	19.0	1.0	3.0		1057.0				173.0					366.0		20.0	1.0			150.0				1.0	1.0					8.0			
NC_073253.2	3::NC_073253.2:1838615-1855418	16803	False	0.6376	2	119.0	119.0	2.0	119.0	120.0	240.0	355.0		1.0	356.0	238.0	2.0	3.0	2.0	118.0	120.0	1.0	2.0			118.0	355.0			3.0		345.0	120.0				1.0	118.0	121.0	236.0	237.0		119.0	2.0			1.0	118.0	120.0	123.0	472.0	1.0	1.0	6.0			236.0		238.0	119.0	118.0			118.0	118.0	1.0		118.0	1.0
NC_073253.2	1::NC_073253.2:1838673-1855491	16818	False	0.6371	2	119.0	120.0		119.0	118.0	237.0	355.0	1.0		356.0	237.0	3.0	4.0		118.0	123.0	5.0		4.0	2.0	118.0	352.0	2.0	1.0			348.0	118.0		1.0	1.0		120.0	119.0	238.0	236.0		118.0					119.0	118.0	125.0	474.0	1.0		1.0		2.0	237.0		237.0	119.0	118.0			119.0	119.0			121.0	3.0
NC_073253.2	2::NC_073253.2:1838689-1855381	16692	False	0.6383	2	118.0	118.0		119.0	118.0	236.0	355.0			356.0	236.0		1.0		119.0	124.0			1.0		119.0	349.0					348.0	119.0					118.0	118.0	236.0	237.0		118.0					118.0	118.0	120.0	474.0			5.0			236.0		237.0	119.0	119.0			119.0	118.0			118.0	
NC_073253.2	-3::NC_073253.2:35561075-35571605	10530	False	0.4123	1	4.0	72.0	75.0	322.0	83.0	21.0	12.0	65.0	74.0	12.0	104.0	179.0	29.0	67.0	53.0	97.0	36.0	22.0	124.0	27.0	110.0	41.0	145.0	59.0	66.0	24.0	152.0	59.0	12.0	39.0	3.0	7.0	29.0	137.0	43.0	26.0	10.0	14.0	60.0	172.0	74.0	63.0	3.0	44.0	71.0	22.0	17.0	47.0	61.0	36.0	31.0	23.0	68.0	36.0	30.0	4.0	49.0	69.0	63.0	7.0	6.0			
NC_073253.2	1::NC_073253.2:175115667-175127595	11928	False	0.6128	1			2.0	109.0		166.0	540.0	427.0	1.0	581.0	1.0	3.0		4.0	3.0	3.0			108.0	1.0	255.0	77.0	1.0	14.0	75.0	4.0	193.0	336.0	3.0			4.0			246.0		2.0	10.0			1.0		5.0	450.0	1.0	4.0		5.0	2.0		2.0		13.0	2.0	8.0		3.0		96.0	4.0	14.0	102.0	95.0	
NC_073253.2	1::NC_073253.2:175130688-175145835	15147	False	0.6098	1		1.0	3.0	130.0		218.0	713.0	525.0	3.0	722.0	2.0	1.0		10.0	6.0	3.0			139.0	1.0	324.0	106.0	1.0	19.0	101.0	7.0	246.0	416.0	3.0			9.0			329.0		4.0	10.0			3.0		4.0	547.0	2.0	4.0		5.0	4.0		2.0		17.0	2.0	7.0	1.0	9.0		113.0	5.0	22.0	124.0	126.0	
NC_073253.2	3::NC_073253.2:175138052-175157858	19806	False	0.6129	1	8.0	2.0	6.0	163.0		376.0	1027.0	703.0	1.0	867.0	4.0	1.0		5.0	2.0	3.0			157.0		374.0	180.0	1.0	16.0	179.0	3.0	260.0	593.0	5.0			11.0			429.0		13.0	4.0			2.0		27.0	682.0	2.0	17.0		3.0	4.0				26.0	9.0	1.0	5.0	14.0		124.0	4.0	15.0	135.0	139.0	
NC_073262.2	-1::NC_073262.2:81206979-81224217	17238	False	0.4274	2	34.0	172.0	134.0	329.0	152.0	29.0	97.0	104.0	58.0	34.0	119.0	281.0	41.0	146.0	38.0	180.0	109.0	44.0	150.0	70.0	208.0	133.0	101.0	40.0	115.0	64.0	119.0	159.0	52.0	104.0	19.0	33.0	85.0	211.0	58.0	21.0	48.0	44.0	40.0	86.0	196.0	73.0	22.0	129.0	66.0	92.0	8.0	137.0	91.0	36.0	83.0	82.0	210.0	68.0	103.0	14.0	91.0	58.0	115.0	3.0	8.0			
NC_073265.2	2::NC_073265.2:31934332-31944568	10236	False	0.5139	2	4.0	77.0	97.0	39.0	104.0	106.0	107.0	67.0	55.0	72.0	37.0	45.0	55.0	23.0	46.0	40.0	42.0	144.0	47.0	133.0	28.0	112.0	58.0	69.0	80.0	83.0	51.0	73.0	35.0	75.0	6.0	70.0	45.0	32.0	49.0	56.0	9.0	67.0	49.0		60.0	67.0	11.0	59.0	81.0	74.0	3.0	15.0	34.0		92.0	59.0	45.0	149.0	76.0	12.0	21.0		18.0	10.0	3.0	73.0	24.0	39.0
NC_073272.2	-3::NC_073272.2:2115597-2126412	10815	False	0.6375	0		1.0	2.0	8.0	95.0	214.0	20.0	485.0	2.0	206.0	92.0		103.0	1.0	7.0	8.0	2.0		3.0	1.0	6.0	116.0	3.0	14.0	9.0	2.0	217.0	204.0		4.0	17.0	91.0		3.0	15.0	7.0	76.0	509.0	112.0	5.0	4.0	3.0	99.0	113.0	103.0		2.0	8.0	88.0	2.0	1.0	2.0	10.0	111.0	186.0	94.0	2.0	2.0	3.0	89.0	23.0			
NC_073259.2	-1::NC_073259.2:53665422-53676795	11373	False	0.492	0	1.0	274.0	253.0	131.0	19.0	19.0	3.0	245.0	32.0	309.0	74.0	36.0	2.0	25.0	1.0	590.0	20.0	5.0	3.0	1.0	10.0	77.0	60.0	12.0	29.0	4.0	53.0	435.0	4.0	6.0		1.0	1.0	136.0	10.0		1.0		7.0	411.0	43.0	12.0	6.0	42.0	7.0	10.0	1.0	3.0		109.0	3.0	4.0	55.0	10.0	12.0	7.0	70.0	42.0	43.0	6.0	6.0			
NC_073259.2	3::NC_073259.2:139659914-139669955	10041	False	0.5487	0		1.0	3.0	2.0		91.0	3.0	102.0	1.0	3.0	224.0	5.0		1.0	3.0	478.0		4.0	1.0	2.0	2.0	567.0		1.0	137.0	57.0	257.0	3.0	54.0		44.0	91.0	2.0		1.0	120.0	1.0	4.0					2.0	1.0	584.0	78.0		1.0	312.0					1.0		2.0	9.0		52.0		34.0		6.0	
NC_073263.2	-2::NC_073263.2:22947221-22958780	11559	False	0.376	1	19.0	68.0	66.0	186.0	78.0	31.0	44.0	55.0	70.0	21.0	92.0	214.0	27.0	136.0	66.0	83.0	27.0	37.0	93.0	56.0	157.0	80.0	79.0	96.0	73.0	33.0	70.0	69.0	35.0	131.0	8.0	37.0	44.0	89.0	73.0	33.0	13.0	50.0	29.0	75.0	126.0	138.0	6.0	35.0	88.0	25.0	3.0	79.0	66.0	47.0	49.0	32.0	100.0	52.0	21.0	7.0	70.0	99.0	52.0	10.0	5.0			
NC_073263.2	-2::NC_073263.2:104248388-104269379	20991	False	0.381	2	11.0	139.0	58.0	414.0	122.0	83.0	37.0	74.0	266.0	60.0	173.0	507.0	62.0	200.0	136.0	216.0	41.0	59.0	272.0	73.0	224.0	163.0	167.0	99.0	158.0	74.0	205.0	118.0	43.0	120.0	3.0	31.0	112.0	176.0	164.0	64.0	19.0	74.0	56.0	249.0	173.0	122.0	7.0	87.0	172.0	47.0	9.0	86.0	99.0	93.0	68.0	38.0	100.0	94.0	44.0	11.0	153.0	147.0	104.0	14.0	7.0			
