clade	species	length	orf_valid	gc_content	gc_stretch_count	codon_GCT	codon_GGG	codon_GAA	codon_CAA	codon_GGC	codon_CCA	codon_ACA	codon_AGG	codon_ACT	codon_TGC	codon_TTG	codon_GCC	codon_GCG	codon_GCA	codon_TAG	codon_GTG	codon_CCC	codon_AGA	codon_GGA	codon_GAG	codon_TGG	codon_AAA	codon_CGC	codon_CTG	codon_GGT	codon_CAG	codon_TCC	codon_GAT	codon_CAC	codon_ACC	codon_AAG	codon_AGT	codon_CAT	codon_ATG	codon_CTT	codon_TGA	codon_CGT	codon_TGT	codon_TAC	codon_CGG	codon_CCG	codon_CGA	codon_CCT	codon_TTT	codon_GAC	codon_AAC	codon_TCG	codon_AAT	codon_TAT	codon_AGC	codon_ATA	codon_ATT	codon_GTT	codon_TTC	codon_TCT	codon_GTA	codon_GTC	codon_TAA	codon_CTC	codon_ACG	codon_ATC	codon_TCA	codon_CTA	codon_TTA
NC_073233.2	-1::NC_073233.2:7462739-7476872	14133	False	0.5658	2	158.0	138.0	86.0	30.0	194.0	9.0	5.0	191.0	97.0	61.0	41.0	52.0	2.0	3.0	46.0	270.0	83.0	139.0	294.0	55.0	268.0	15.0	4.0	75.0	648.0	21.0	20.0	116.0	72.0	29.0	30.0	217.0	66.0	68.0	36.0	137.0	80.0	397.0	5.0	35.0	8.0	22.0	38.0	45.0	55.0	28.0	3.0	39.0	15.0	19.0	28.0	11.0	30.0	33.0	21.0	4.0	2.0	1.0	12.0	3.0	1.0			
NC_073233.2	3::NC_073233.2:7640486-7654049	13563	False	0.5791	2	133.0	37.0	40.0	14.0	44.0	56.0	540.0	36.0	179.0	89.0	10.0	144.0	4.0	19.0		99.0	175.0	53.0	70.0	68.0	28.0	24.0	14.0	33.0	58.0	102.0	108.0	1.0	37.0	611.0	44.0	19.0	26.0	15.0	5.0		17.0	13.0	23.0	23.0	28.0	18.0	306.0	13.0	56.0	56.0	13.0	4.0	4.0	427.0	5.0	3.0	68.0	24.0	295.0	8.0	17.0		31.0	17.0	93.0	23.0	1.0	
NC_073233.2	3::NC_073233.2:7703066-7715603	12537	False	0.6397	2	41.0	92.0	19.0	4.0	110.0	136.0	289.0	35.0	162.0	57.0	14.0	256.0	8.0	70.0		136.0	251.0	8.0	27.0	81.0	64.0	29.0	32.0	126.0	30.0	86.0	283.0	2.0	70.0	555.0	30.0	27.0	5.0	65.0	32.0		13.0	29.0	32.0	18.0	62.0	4.0	48.0	29.0	43.0	29.0	24.0	15.0	6.0	134.0	16.0	1.0	8.0	36.0	51.0	2.0	36.0		35.0	146.0	87.0	32.0	10.0	1.0
NC_073233.2	3::NC_073233.2:17639276-17663846	24570	False	0.5694	2	2.0	2.0			1.0		3.0			439.0		11.0	438.0	1.0		790.0	196.0				1.0		9.0	384.0		2.0	70.0	1.0	4.0	2.0	2.0		1.0	2.0	19.0		393.0	815.0	3.0		55.0		30.0		1.0	1.0		2.0		1.0	1.0	1.0	2.0	23.0	2217.0	4.0	484.0		1776.0			1.0		
NC_073233.2	2::NC_073233.2:17639302-17663854	24552	False	0.5694	2	2.0	1.0	2.0	1.0		4.0	2.0	1.0	1.0	439.0	5.0	12.0	355.0			804.0	195.0		1.0	1.0	1.0	2.0	13.0	443.0	2.0		72.0		4.0				2.0	1.0	15.0		489.0	789.0	1.0		47.0		28.0	3.0								1.0	4.0	20.0	2149.0	2.0	489.0		1777.0		2.0	1.0		1.0
NC_073233.2	-3::NC_073233.2:17639316-17663802	24486	False	0.5694	1	1.0					1.0	3.0	1.0	1.0	358.0		10.0	438.0			738.0	174.0						11.0	488.0	1.0	1.0	84.0		2.0	1.0			1.0	1.0	19.0		482.0	815.0			64.0		35.0	6.0					3.0		1.0		3.0	16.0	2197.0		464.0	1.0	1740.0		1.0			
NC_073233.2	-1::NC_073233.2:17639321-17663885	24564	False	0.5693	1	2.0	2.0			2.0		3.0	1.0		439.0		11.0	438.0	1.0	1.0	789.0	194.0				1.0		9.0	384.0	1.0	1.0	70.0	1.0	4.0	1.0	2.0	2.0	1.0	1.0	21.0	1.0	393.0	813.0	2.0		55.0		30.0			2.0		2.0	1.0	1.0			2.0	23.0	2217.0	5.0	483.0		1776.0					
NC_073233.2	-2::NC_073233.2:17639341-17663782	24441	False	0.5696	1	2.0			1.0		1.0				436.0	4.0	11.0	355.0			804.0	193.0		1.0		1.0	1.0	13.0	442.0			72.0							1.0	15.0		489.0	789.0			47.0		27.0	3.0									4.0	19.0	2148.0	1.0	488.0		1777.0		2.0			
NC_073233.2	1::NC_073233.2:17639364-17663817	24453	False	0.5696	1	1.0						2.0	1.0	1.0	357.0		9.0	438.0			738.0	175.0						11.0	486.0	1.0		84.0		2.0	1.0			1.0	1.0	19.0		482.0	813.0			64.0		35.0	4.0					3.0		1.0		3.0	16.0	2197.0		465.0		1739.0			1.0		
NC_073233.2	-1::NC_073233.2:70434983-70452491	17508	False	0.4905	2	61.0	252.0	90.0	89.0	70.0	34.0	10.0	216.0	46.0	54.0	28.0	202.0	3.0	2.0	20.0	52.0	116.0	86.0	65.0	43.0	233.0	62.0	12.0	37.0	27.0	160.0	153.0	124.0	297.0	159.0	58.0	34.0	252.0	46.0	392.0	52.0	7.0	30.0	49.0	18.0	3.0	11.0	10.0	434.0	96.0	158.0	2.0	128.0	32.0	78.0	5.0	76.0	64.0	202.0	10.0	4.0	228.0	32.0	139.0	5.0	378.0			
NC_073233.2	-2::NC_073233.2:143597515-143608078	10563	False	0.5727	0	26.0	17.0		15.0	10.0			725.0		1.0	9.0	427.0		2.0	290.0		2.0	25.0	9.0	7.0	14.0	6.0		11.0	538.0	276.0	27.0	12.0	4.0		10.0	41.0	6.0	13.0	3.0	2.0	1.0	220.0	5.0	5.0	4.0			322.0	6.0		5.0		24.0	6.0		4.0	37.0	20.0	11.0	13.0	220.0	4.0	70.0	10.0	6.0			
NC_073236.2	-3::NC_073236.2:18460955-18847313	386358	False	0.5228	1		8573.0	14984.0	32.0	19.0		2.0	1582.0	75.0	35.0	53.0		24.0	30.0	116.0	6865.0	1.0	524.0	22505.0	7823.0	15213.0	7380.0		92.0	157.0	4.0		110.0			1007.0	6867.0		8301.0		10.0	16.0	8.0	1.0	5864.0	1.0	1.0		1.0	77.0	5813.0	3.0	8304.0	44.0	2.0	113.0	45.0	6.0	1.0		153.0	1.0	110.0		5834.0	4.0			
NC_073236.2	-2::NC_073236.2:18461034-18586215	125181	False	0.5193	1		2784.0	4841.0	10.0	7.0		2.0	617.0	20.0	7.0	23.0		11.0	9.0	52.0	2235.0		157.0	7272.0	2540.0	4974.0	2452.0		14.0	64.0	3.0		44.0		1.0	435.0	2240.0		2728.0		8.0	8.0	5.0	1.0	1723.0	1.0	1.0			19.0	1765.0	2.0	2696.0	16.0	2.0	48.0	21.0	4.0	2.0		72.0		51.0		1739.0	1.0			
NC_073236.2	-1::NC_073236.2:18461140-19049575	588435	False	0.5241	1		12971.0	22694.0	186.0	75.0		8.0	2289.0	122.0	172.0	71.0		23.0	234.0	129.0	10404.0		826.0	34118.0	12072.0	22965.0	11162.0	2.0	108.0	196.0	55.0		129.0		2.0	1288.0	10419.0		12603.0		12.0	20.0	11.0	1.0	9144.0	5.0	4.0		3.0	102.0	9172.0	2.0	12558.0	65.0	2.0	128.0	69.0	10.0			212.0	1.0	138.0		9162.0	1.0			
NC_073236.2	3::NC_073236.2:18521804-18540476	18672	False	0.5247	1		414.0	723.0		3.0			78.0	4.0		4.0		2.0			338.0		27.0	1084.0	380.0	738.0	350.0		4.0	10.0			3.0			30.0	324.0		406.0			3.0			289.0					8.0	306.0		398.0	2.0		8.0	3.0				10.0	1.0			274.0				
NC_073236.2	2::NC_073236.2:18541138-18553663	12525	False	0.5244	0		280.0	478.0		1.0			46.0	2.0		2.0		2.0			226.0		23.0	735.0	255.0	494.0	237.0		6.0	2.0						27.0	211.0		269.0			6.0	1.0		189.0					3.0	192.0		271.0	2.0		3.0	6.0				11.0				195.0				
NC_073236.2	1::NC_073236.2:18541485-18554649	13164	False	0.5246	0		295.0	514.0		2.0			57.0	7.0		2.0		6.0			231.0		14.0	760.0	271.0	517.0	249.0		3.0	9.0			3.0			21.0	237.0		284.0				2.0		201.0					2.0	210.0		285.0	2.0		2.0	1.0				2.0				199.0				
NC_073236.2	3::NC_073236.2:18556250-18567926	11676	False	0.5254	1		259.0	456.0					61.0	3.0		2.0		4.0			208.0		13.0	673.0	233.0	447.0	215.0		6.0	9.0			5.0			22.0	214.0		240.0				2.0		191.0					1.0	181.0		260.0	2.0		3.0					5.0				177.0				
NC_073236.2	1::NC_073236.2:18581556-18597183	15627	False	0.524	0		349.0	609.0					67.0	2.0		1.0			1.0		267.0		23.0	917.0	323.0	598.0	311.0		3.0	2.0			5.0			22.0	267.0		328.0				1.0		256.0					2.0	252.0		343.0	1.0		2.0	3.0				3.0				250.0				1.0
NC_073236.2	-2::NC_073236.2:18586218-19032354	446136	False	0.5253	1		9843.0	17259.0	129.0	39.0		13.0	1583.0	88.0	153.0	44.0		15.0	182.0	74.0	7857.0		670.0	25885.0	9192.0	17355.0	8361.0	2.0	87.0	136.0	49.0		84.0		3.0	807.0	7839.0		9502.0		12.0	16.0	6.0	1.0	7149.0	3.0	3.0			101.0	7119.0	1.0	9561.0	42.0	3.0	78.0	47.0	1.0			124.0		87.0		7106.0	1.0			
NC_073236.2	3::NC_073236.2:18592775-18616097	23322	False	0.5246	0		519.0	912.0					96.0	5.0		3.0					392.0		37.0	1373.0	489.0	897.0	462.0		2.0	2.0			5.0			35.0	394.0		498.0						384.0					4.0	377.0		502.0	2.0		3.0	4.0				5.0				372.0				
NC_073236.2	3::NC_073236.2:18618668-18629369	10701	False	0.5242	0		239.0	418.0					35.0	1.0		2.0					177.0		19.0	631.0	225.0	418.0	207.0		1.0				1.0			21.0	179.0		231.0						173.0					2.0	172.0		230.0	2.0		3.0	3.0				3.0				174.0				
NC_073236.2	1::NC_073236.2:18627546-18639555	12009	False	0.5244	0		266.0	472.0					44.0	2.0		2.0					197.0		16.0	707.0	257.0	470.0	234.0		1.0				2.0			19.0	208.0		252.0						196.0					2.0	194.0		259.0	2.0		2.0	3.0				3.0				192.0	1.0			
NC_073236.2	3::NC_073236.2:18673940-18688697	14757	False	0.5242	0		332.0	572.0	1.0	1.0			55.0	3.0	3.0	3.0			2.0		272.0		25.0	859.0	297.0	583.0	271.0		2.0	4.0			4.0			23.0	259.0		320.0			1.0			227.0					6.0	235.0		324.0	3.0		6.0	1.0				8.0				217.0				
NC_073236.2	1::NC_073236.2:18689988-18701328	11340	False	0.5249	0		255.0	441.0	1.0				44.0		2.0			1.0	3.0		208.0		13.0	654.0	230.0	453.0	210.0		1.0	7.0			4.0			23.0	205.0		249.0			2.0			175.0					3.0	173.0		247.0			3.0	2.0				6.0				165.0				
NC_073236.2	3::NC_073236.2:18707651-18718583	10932	False	0.5247	1		250.0	419.0	2.0				34.0	4.0	2.0	3.0					199.0		19.0	641.0	227.0	434.0	203.0			1.0			1.0			12.0	188.0		241.0			1.0			167.0					4.0	181.0		234.0	2.0		6.0	1.0				7.0				161.0				
NC_073236.2	1::NC_073236.2:18717834-18729276	11442	False	0.5245	0		253.0	442.0	2.0				42.0	4.0	3.0	2.0					213.0		15.0	670.0	229.0	457.0	211.0		1.0	4.0			4.0			17.0	202.0		246.0						176.0					5.0	189.0		244.0	1.0		6.0	1.0				7.0				168.0				
NC_073236.2	2::NC_073236.2:18807499-18817717	10218	False	0.5247	0		227.0	394.0	2.0				36.0	2.0	2.0	1.0		1.0	1.0		187.0		14.0	596.0	205.0	409.0	187.0		2.0	4.0			3.0			18.0	182.0		222.0				1.0		159.0					4.0	164.0		223.0	1.0		4.0					5.0				150.0				
NC_073236.2	-3::NC_073236.2:18847316-18977078	129762	False	0.5261	1		2851.0	5028.0	24.0	4.0		2.0	458.0	26.0	27.0	18.0		2.0	27.0	14.0	2281.0		254.0	7575.0	2714.0	5045.0	2422.0	1.0	30.0	29.0	6.0		13.0		2.0	205.0	2252.0		2739.0		3.0		1.0	3.0	2101.0		1.0			30.0	2106.0		2752.0	20.0		13.0	16.0				33.0		16.0		2110.0				
NC_073236.2	1::NC_073236.2:18868818-18887247	18429	False	0.5264	0		412.0	718.0	1.0				70.0	5.0	2.0	1.0			3.0		321.0		44.0	1072.0	391.0	708.0	345.0		3.0	5.0	1.0		4.0			30.0	307.0		392.0						297.0		1.0			5.0	306.0		390.0	2.0		4.0					4.0				299.0				
NC_073236.2	2::NC_073236.2:18873340-18912373	39033	False	0.5269	0		851.0	1513.0	4.0	1.0			152.0	11.0	1.0	2.0		1.0	4.0		662.0		70.0	2286.0	847.0	1517.0	734.0	2.0	8.0	7.0	1.0		3.0			63.0	670.0		821.0						636.0		1.0			10.0	650.0		814.0	2.0		8.0	5.0				14.0				640.0				
NC_073236.2	3::NC_073236.2:18878117-18890426	12309	False	0.5271	0		273.0	481.0	1.0	1.0			56.0	2.0		2.0		1.0	2.0		209.0		25.0	719.0	265.0	461.0	233.0	1.0	4.0							18.0	212.0		256.0						204.0					3.0	203.0		259.0	3.0		2.0	1.0				2.0				204.0				
NC_073236.2	1::NC_073236.2:18887382-18911676	24294	False	0.5271	0		537.0	950.0					85.0	4.0	2.0	3.0		1.0	3.0		421.0		52.0	1414.0	511.0	929.0	456.0	1.0	8.0	9.0			4.0			44.0	420.0		514.0				1.0	1.0	406.0		1.0			7.0	398.0		510.0	3.0			2.0				2.0				399.0				
NC_073236.2	3::NC_073236.2:18910421-18925187	14766	False	0.5261	0		320.0	573.0	1.0				54.0	4.0	2.0	1.0					266.0		39.0	869.0	304.0	573.0	283.0		2.0	1.0			3.0			25.0	250.0		302.0						242.0					6.0	244.0		307.0	1.0		2.0	2.0				6.0				240.0				
NC_073236.2	2::NC_073236.2:18913384-18924823	11439	False	0.5268	0		250.0	447.0					52.0	1.0					1.0		196.0		21.0	667.0	237.0	431.0	218.0		5.0	4.0			2.0			22.0	204.0		242.0						192.0					3.0	192.0		236.0				1.0				1.0				188.0				
NC_073236.2	2::NC_073236.2:18924826-18973396	48570	False	0.5257	0		1066.0	1878.0	17.0	4.0		2.0	164.0	9.0	10.0	14.0			17.0		849.0		91.0	2821.0	1024.0	1887.0	898.0		9.0	12.0	4.0		1.0			61.0	850.0		1060.0						790.0	1.0				8.0	783.0		1039.0	14.0			11.0				16.0				780.0				
NC_073236.2	1::NC_073236.2:18929280-18969027	39747	False	0.5256	0		864.0	1543.0	3.0				135.0	8.0	6.0	7.0			4.0		677.0		65.0	2325.0	862.0	1577.0	730.0		7.0	12.0	1.0				1.0	44.0	701.0		849.0						637.0	2.0				9.0	638.0		868.0	7.0			14.0				14.0				639.0				
NC_073236.2	3::NC_073236.2:18932732-18969911	37179	False	0.5254	0		802.0	1436.0	9.0	1.0			108.0	6.0	6.0	10.0			6.0		653.0		84.0	2167.0	787.0	1489.0	688.0		8.0	14.0	3.0				2.0	51.0	636.0		815.0					1.0	597.0					8.0	593.0		797.0	10.0			7.0				8.0				591.0				
NC_073236.2	2::NC_073236.2:18974266-18984871	10605	False	0.5259	0		225.0	397.0	12.0	10.0		1.0	29.0		13.0				10.0		174.0		16.0	615.0	227.0	408.0	209.0			1.0	9.0		1.0			9.0	195.0		257.0						171.0					1.0	171.0		208.0					1.0			5.0				160.0				
NC_073236.2	-3::NC_073236.2:18977081-19025996	48915	False	0.527	0		1042.0	1833.0	83.0	25.0		3.0	162.0		80.0	2.0		2.0	107.0		865.0		85.0	2764.0	1017.0	1848.0	909.0			6.0	24.0				1.0	45.0	844.0		1024.0		1.0				804.0	1.0				6.0	826.0		1059.0		3.0		1.0				5.0		9.0		819.0				
NC_073236.2	1::NC_073236.2:18977394-18992334	14940	False	0.5261	0		338.0	570.0	14.0	6.0		6.0	47.0		15.0	1.0		1.0	26.0		259.0		28.0	847.0	296.0	559.0	267.0			5.0	18.0					23.0	256.0		334.0						243.0					1.0	232.0		344.0								2.0				242.0				
NC_073236.2	2::NC_073236.2:18992116-19003213	11097	False	0.5283	0		244.0	416.0	17.0	6.0		1.0	37.0		12.0			1.0	23.0		192.0		20.0	628.0	229.0	406.0	204.0			2.0	9.0					10.0	196.0		240.0						191.0						189.0		240.0								1.0				185.0				
NC_073236.2	3::NC_073236.2:18996569-19009145	12576	False	0.5284	0		265.0	472.0	20.0	9.0		1.0	44.0		23.0			1.0	19.0		219.0		25.0	721.0	263.0	456.0	236.0			1.0	6.0					9.0	212.0		276.0						216.0	1.0				1.0	214.0		264.0		2.0						2.0				214.0				
NC_073236.2	-3::NC_073236.2:19029263-19042622	13359	False	0.5261	0		272.0	485.0	30.0	8.0		2.0	36.0		31.0				36.0	1.0	244.0		20.0	746.0	272.0	495.0	253.0			4.0	5.0				1.0	9.0	239.0		294.0						231.0				2.0	1.0	232.0		275.0								7.0		5.0		217.0				
NC_073236.2	-3::NC_073236.2:19042625-19058126	15501	False	0.5268	0		339.0	580.0	23.0	4.0		2.0	46.0		23.0				34.0		278.0		25.0	869.0	317.0	579.0	286.0			7.0	9.0				1.0	16.0	272.0		316.0						257.0				1.0	2.0	264.0		337.0				2.0				2.0		8.0		268.0				
NC_073236.2	-2::NC_073236.2:19046178-19081059	34881	False	0.5261	0		727.0	1268.0	80.0	21.0		3.0	82.0		65.0				82.0		627.0		53.0	1957.0	714.0	1290.0	656.0			12.0	19.0				2.0	43.0	621.0		759.0				1.0		596.0	4.0			6.0	1.0	580.0	1.0	738.0				4.0				16.0		9.0		590.0				
NC_073236.2	1::NC_073236.2:19048095-19058127	10032	False	0.5266	0		216.0	368.0	19.0	5.0		2.0	25.0		10.0				18.0		175.0		16.0	569.0	207.0	370.0	186.0			5.0	8.0					16.0	178.0		218.0				1.0		171.0	1.0			2.0		161.0		218.0				1.0				5.0				173.0				
NC_073236.2	-3::NC_073236.2:19076540-19099589	23049	False	0.5259	0		479.0	840.0	54.0	12.0		1.0	54.0		55.0				73.0		422.0		31.0	1272.0	471.0	851.0	431.0			8.0	9.0				5.0	19.0	412.0		499.0		1.0				389.0	1.0			4.0	2.0	389.0		491.0				1.0				9.0		8.0		389.0	1.0			
NC_073236.2	-1::NC_073236.2:19079566-19106236	26670	False	0.5258	0		564.0	972.0	61.0	14.0			67.0		67.0				72.0		484.0		35.0	1482.0	542.0	968.0	489.0			12.0	18.0				1.0	16.0	489.0		571.0		1.0				452.0	3.0			1.0	1.0	451.0		585.0				5.0				9.0		13.0		445.0				
NC_073236.2	-3::NC_073236.2:19107752-19139135	31383	False	0.5264	0		650.0	1150.0	63.0	18.0		4.0	78.0		57.0			1.0	69.0		567.0		50.0	1765.0	639.0	1191.0	588.0			7.0	15.0					29.0	555.0		687.0						530.0	1.0			2.0	3.0	531.0		654.0		1.0		1.0				17.0		12.0		525.0	1.0			
NC_073236.2	-2::NC_073236.2:19108908-19119870	10962	False	0.5268	0		231.0	409.0	18.0	4.0		1.0	27.0		25.0				33.0		199.0		13.0	608.0	224.0	411.0	202.0			3.0	5.0				1.0	9.0	197.0		228.0						186.0				1.0	1.0	188.0		235.0								3.0		6.0		186.0				
NC_073236.2	-1::NC_073236.2:19113328-19287679	174351	False	0.5267	1		3745.0	6658.0	159.0	36.0		17.0	548.0	2.0	159.0	16.0		1.0	247.0	11.0	3016.0	2.0	344.0	9957.0	3663.0	6551.0	3262.0		1.0	29.0	72.0	1.0	11.0		3.0	160.0	2986.0	2.0	3662.0		18.0	3.0	6.0	1.0	2941.0	6.0	8.0		1.0	21.0	3001.0	1.0	3703.0	7.0	1.0	9.0	17.0	3.0	1.0		23.0		29.0		2991.0	5.0			
NC_073236.2	-2::NC_073236.2:19119873-19172223	52350	False	0.527	1		1105.0	1956.0	74.0	29.0		5.0	198.0		81.0			1.0	74.0		907.0		85.0	2992.0	1092.0	1939.0	970.0			14.0	32.0			1.0	3.0	55.0	932.0	2.0	1128.0						882.0	2.0	1.0			11.0	879.0	1.0	1105.0				2.0				21.0		20.0		851.0				
NC_073236.2	-3::NC_073236.2:19139138-19176983	37845	False	0.5267	1		821.0	1422.0	48.0	14.0		17.0	113.0		27.0				51.0	3.0	631.0		78.0	2157.0	804.0	1440.0	693.0		1.0	18.0	32.0		4.0		2.0	68.0	647.0		802.0				2.0		632.0					4.0	603.0		830.0					2.0			9.0		7.0		633.0				
NC_073236.2	3::NC_073236.2:19160282-19170887	10605	False	0.5277	1		232.0	401.0	13.0	4.0		5.0	32.0		7.0				16.0		177.0		28.0	603.0	227.0	400.0	196.0		1.0	4.0	6.0		1.0			18.0	175.0		222.0						181.0					1.0	174.0		230.0								2.0				179.0				
NC_073236.2	1::NC_073236.2:19164753-19176456	11703	False	0.5268	1		262.0	452.0	4.0	1.0		2.0	55.0		7.0				14.0		188.0		23.0	671.0	251.0	429.0	212.0			2.0	7.0		2.0			14.0	200.0	4.0	250.0						193.0					5.0	195.0		255.0			2.0	1.0				3.0				195.0				2.0
NC_073236.2	-2::NC_073236.2:19178703-19287357	108654	False	0.5271	1		2285.0	4192.0	72.0	25.0		4.0	346.0		92.0	8.0		2.0	121.0	6.0	1893.0		242.0	6253.0	2290.0	4057.0	2070.0		1.0	5.0	18.0		17.0		4.0	91.0	1844.0		2277.0		4.0	2.0	5.0		1900.0	4.0	10.0				1910.0	1.0	2250.0	3.0		8.0	14.0				5.0		6.0		1880.0	1.0			
NC_073236.2	-3::NC_073236.2:19183310-19287365	104055	False	0.5277	1		2191.0	3996.0	90.0	34.0		1.0	351.0	1.0	87.0	14.0			89.0		1783.0		203.0	6011.0	2214.0	3816.0	1966.0				27.0		12.0		5.0	86.0	1809.0	1.0	2164.0		4.0	4.0	5.0	1.0	1839.0	3.0	6.0				1829.0	4.0	2170.0		2.0	3.0	7.0			1.0	5.0		4.0		1846.0	1.0			
NC_073236.2	1::NC_073236.2:19183311-19257468	74157	False	0.5279	1		1557.0	2858.0	52.0	16.0			219.0		52.0	4.0		2.0	79.0		1318.0		152.0	4277.0	1555.0	2780.0	1420.0		1.0	2.0	13.0		5.0			56.0	1277.0		1532.0				2.0		1317.0	1.0	6.0				1324.0	1.0	1522.0	3.0		4.0	10.0				3.0				1298.0	1.0			
NC_073236.2	2::NC_073236.2:19190800-19275301	84501	False	0.5285	1		1792.0	3236.0	72.0	17.0		1.0	233.0		60.0	9.0		1.0	90.0		1434.0		167.0	4870.0	1822.0	3152.0	1605.0			2.0	29.0		4.0		2.0	56.0	1464.0		1723.0						1510.0	2.0	4.0				1524.0	1.0	1751.0	1.0			10.0				3.0				1518.0	2.0			
NC_073236.2	3::NC_073236.2:19191956-19215290	23334	False	0.5285	1		499.0	887.0	27.0	11.0			79.0	1.0	24.0	2.0			29.0		378.0		38.0	1343.0	516.0	848.0	440.0				9.0		2.0			23.0	409.0		494.0			1.0	2.0		409.0						398.0	1.0	490.0		2.0										415.0	1.0			
NC_073236.2	3::NC_073236.2:19215293-19254029	38736	False	0.5286	0		794.0	1493.0	22.0	13.0		1.0	98.0		24.0	3.0			26.0		703.0		50.0	2255.0	799.0	1438.0	743.0				5.0		3.0			19.0	705.0		801.0						711.0		1.0				706.0		784.0				4.0								711.0				
NC_073236.2	3::NC_073236.2:19270778-19286483	15705	False	0.5284	0		338.0	593.0	19.0	5.0			61.0		18.0	3.0			12.0		262.0		34.0	909.0	340.0	560.0	296.0				7.0		2.0		2.0	14.0	267.0		321.0						276.0		1.0				278.0	2.0	330.0				2.0				3.0				280.0				
NC_073236.2	-2::NC_073236.2:20055615-20205381	149766	False	0.5261	0		3267.0	5760.0	98.0	24.0		7.0	529.0	21.0	93.0	24.0		3.0	140.0	4.0	2598.0		276.0	8619.0	3140.0	5717.0	2777.0		16.0	32.0	40.0		3.0		2.0	200.0	2594.0		3212.0		4.0		5.0	3.0	2462.0	5.0	1.0	2.0		25.0	2449.0	1.0	3227.0	18.0	4.0	4.0	17.0	1.0	1.0		27.0		17.0		2450.0	3.0			
NC_073236.2	-1::NC_073236.2:20055694-20154544	98850	False	0.5257	0		2163.0	3839.0	15.0	3.0		4.0	345.0	19.0	10.0	15.0			19.0	4.0	1725.0		203.0	5769.0	2077.0	3859.0	1842.0		23.0	27.0	5.0		3.0		4.0	159.0	1700.0		2098.0		2.0		4.0	1.0	1595.0		3.0			20.0	1607.0	1.0	2116.0	14.0		2.0	17.0		2.0		30.0		6.0		1600.0				
NC_073236.2	-3::NC_073236.2:20055800-20216210	160410	False	0.5262	0		3468.0	6142.0	123.0	42.0		6.0	519.0	16.0	131.0	18.0		3.0	170.0	5.0	2789.0	1.0	295.0	9226.0	3382.0	6143.0	2986.0		19.0	27.0	36.0		3.0		6.0	210.0	2790.0		3422.0		8.0	1.0	4.0	4.0	2631.0	4.0	1.0		3.0	25.0	2639.0		3426.0	16.0	3.0	3.0	23.0	1.0			44.0		18.0		2638.0				
NC_073236.2	2::NC_073236.2:20061346-20074342	12996	False	0.5267	0		278.0	507.0		2.0			52.0	1.0		2.0					224.0		23.0	758.0	278.0	506.0	246.0		1.0	5.0						23.0	231.0		275.0				1.0		219.0		1.0			5.0	214.0		269.0	2.0			2.0				3.0				204.0				
NC_073236.2	1::NC_073236.2:20062689-20074824	12135	False	0.5267	0		267.0	473.0					38.0	1.0		3.0					210.0		27.0	712.0	257.0	465.0	228.0		5.0	2.0	1.0					24.0	208.0		256.0				3.0	2.0	202.0					2.0	191.0		255.0	3.0			2.0				3.0				205.0				
NC_073236.2	1::NC_073236.2:20074827-20092686	17859	False	0.5271	0		384.0	697.0		1.0			73.0	3.0		2.0			2.0		311.0		32.0	1038.0	380.0	691.0	340.0		2.0	8.0						28.0	315.0		376.0				1.0		302.0		1.0			7.0	297.0		369.0	2.0			2.0				3.0				286.0				
NC_073236.2	3::NC_073236.2:20076170-20091428	15258	False	0.5271	0		336.0	599.0					50.0	1.0	1.0	4.0					260.0		34.0	893.0	326.0	582.0	284.0		6.0	2.0						33.0	263.0		322.0				2.0	3.0	256.0					3.0	243.0		318.0	4.0			2.0				2.0				257.0				
NC_073236.2	2::NC_073236.2:20079490-20093383	13893	False	0.527	0		307.0	533.0	3.0				50.0	6.0		2.0					246.0		29.0	818.0	297.0	533.0	263.0		3.0	2.0			1.0			24.0	235.0		289.0						226.0					1.0	229.0		290.0	2.0			3.0				7.0				232.0				
NC_073236.2	2::NC_073236.2:20094394-20106148	11754	False	0.5265	0		260.0	456.0	1.0				46.0	2.0							204.0		24.0	690.0	247.0	450.0	224.0		4.0	2.0						20.0	205.0		243.0						190.0					3.0	200.0		244.0			1.0	2.0				4.0				196.0				
NC_073236.2	1::NC_073236.2:20106027-20150913	44886	False	0.5258	0		991.0	1746.0	6.0	1.0		1.0	160.0	12.0	8.0	13.0			9.0		774.0		77.0	2613.0	961.0	1743.0	830.0		6.0	9.0	2.0		1.0			53.0	791.0		968.0						727.0	1.0				9.0	731.0		961.0	13.0		1.0	10.0				12.0				722.0				
NC_073236.2	2::NC_073236.2:20106151-20150029	43878	False	0.5259	0		962.0	1699.0	6.0				142.0	9.0	3.0	10.0			6.0		772.0		98.0	2565.0	929.0	1723.0	817.0		12.0	13.0	2.0				2.0	54.0	750.0		944.0					1.0	708.0					6.0	710.0		941.0	10.0		1.0	8.0				10.0				713.0				
NC_073236.2	3::NC_073236.2:20113853-20154545	40692	False	0.5256	0		885.0	1572.0	12.0	3.0		2.0	131.0	5.0	8.0	6.0			9.0		695.0		77.0	2373.0	870.0	1612.0	746.0		7.0	13.0	6.0				1.0	50.0	708.0		884.0				1.0		656.0	2.0				11.0	653.0		886.0	6.0			13.0				15.0				646.0				
NC_073236.2	1::NC_073236.2:20151783-20161980	10197	False	0.5261	0		223.0	384.0	12.0	6.0		3.0	35.0		6.0	1.0			14.0		175.0		22.0	583.0	209.0	389.0	189.0			3.0	9.0					15.0	174.0		233.0						167.0					1.0	161.0		221.0					1.0			3.0				160.0				
NC_073236.2	-1::NC_073236.2:20154547-20222041	67494	False	0.5269	0		1433.0	2502.0	126.0	43.0		6.0	198.0		128.0	2.0		5.0	143.0	1.0	1169.0		109.0	3810.0	1397.0	2487.0	1261.0			16.0	45.0		1.0		3.0	48.0	1193.0		1483.0		1.0				1147.0	2.0			1.0	3.0	1141.0		1437.0		3.0		3.0	1.0			14.0		15.0		1121.0				
NC_073236.2	2::NC_073236.2:20156611-20167165	10554	False	0.5265	0		220.0	397.0	12.0	11.0		1.0	33.0		12.0			1.0	8.0		171.0		14.0	613.0	223.0	404.0	207.0			1.0	11.0		1.0			7.0	194.0		251.0						173.0					1.0	175.0		207.0								4.0				166.0				
NC_073236.2	1::NC_073236.2:20161983-20173368	11385	False	0.5271	0		250.0	431.0	16.0	4.0		1.0	42.0		16.0				24.0		205.0		19.0	644.0	230.0	423.0	202.0			2.0	10.0				1.0	16.0	190.0		245.0						186.0	1.0				1.0	181.0		263.0		1.0						1.0				190.0				
NC_073236.2	3::NC_073236.2:20166947-20187137	20190	False	0.5279	0		433.0	753.0	35.0	14.0		1.0	61.0		34.0			2.0	36.0		347.0		35.0	1151.0	424.0	747.0	379.0			3.0	14.0				1.0	13.0	352.0		446.0						339.0	1.0					342.0		426.0		2.0						4.0				335.0				
NC_073236.2	2::NC_073236.2:20181004-20192848	11844	False	0.5279	0		256.0	437.0	26.0	5.0		1.0	37.0		24.0			1.0	24.0		205.0		25.0	672.0	248.0	430.0	217.0			2.0	7.0				1.0	8.0	201.0		249.0						201.0	1.0					203.0		261.0		1.0						1.0				204.0				
NC_073236.2	3::NC_073236.2:20187140-20200328	13188	False	0.5277	0		274.0	489.0	27.0	7.0			39.0		23.0	1.0			38.0		228.0		25.0	736.0	279.0	496.0	252.0			1.0	5.0					11.0	228.0		280.0					1.0	228.0						228.0		273.0		1.0						2.0				224.0				
NC_073236.2	-2::NC_073236.2:20211759-20242713	30954	False	0.5264	0		658.0	1146.0	53.0	15.0		4.0	82.0		52.0				70.0	1.0	551.0		45.0	1735.0	633.0	1146.0	573.0			14.0	20.0				1.0	40.0	554.0		655.0				1.0		525.0	3.0			3.0	2.0	513.0		667.0				5.0				12.0		12.0		527.0				
NC_073236.2	-3::NC_073236.2:20225597-20237528	11931	False	0.5267	0		263.0	444.0	19.0	3.0		1.0	34.0		20.0				28.0		217.0		20.0	667.0	241.0	449.0	219.0			6.0	7.0				1.0	10.0	209.0		243.0						194.0					2.0	205.0		260.0				2.0				1.0		8.0		204.0				
NC_073236.2	1::NC_073236.2:20227497-20237529	10032	False	0.5267	0		216.0	368.0	19.0	5.0		2.0	25.0		10.0				18.0		175.0		16.0	569.0	207.0	370.0	186.0			5.0	8.0					16.0	178.0		218.0				1.0		171.0	1.0			2.0	1.0	160.0		218.0				1.0				5.0				173.0				
NC_073236.2	-1::NC_073236.2:20234590-20247031	12441	False	0.5262	0		264.0	456.0	26.0	6.0		2.0	32.0		24.0				25.0		224.0		21.0	700.0	254.0	465.0	231.0			5.0	8.0				2.0	14.0	219.0		266.0						210.0				2.0		208.0		267.0				1.0				5.0		4.0		206.0				
NC_073236.2	-3::NC_073236.2:20239367-20250278	10911	False	0.5262	0		228.0	397.0	25.0	6.0			22.0		28.0				28.0		194.0		11.0	610.0	224.0	399.0	204.0			3.0	8.0				1.0	10.0	202.0		234.0		1.0				187.0	2.0			1.0		183.0		234.0				1.0				5.0		4.0		185.0				
NC_073236.2	-2::NC_073236.2:20242716-20254800	12084	False	0.5261	0		244.0	435.0	34.0	7.0			26.0		30.0				38.0		222.0		16.0	669.0	246.0	447.0	230.0			2.0	3.0				1.0	10.0	218.0		265.0						209.0	2.0			2.0	1.0	208.0	1.0	248.0				1.0				5.0		4.0		204.0				
NC_073236.2	-3::NC_073236.2:20250281-20273942	23661	False	0.5262	0		490.0	865.0	51.0	11.0		2.0	59.0		60.0				75.0		433.0		29.0	1308.0	487.0	870.0	441.0			8.0	9.0				6.0	21.0	425.0		502.0						405.0				4.0	1.0	400.0		508.0				1.0				8.0		9.0		398.0	1.0			
NC_073236.2	-1::NC_073236.2:20253307-20277223	23916	False	0.5262	0		500.0	868.0	60.0	13.0			53.0		59.0			1.0	62.0		434.0		33.0	1333.0	488.0	876.0	446.0			9.0	12.0				1.0	15.0	435.0		515.0		1.0				408.0	3.0			1.0	2.0	407.0		509.0				4.0				8.0		11.0		405.0				
NC_073236.2	-2::NC_073236.2:20265972-20299017	33045	False	0.526	0		702.0	1204.0	75.0	15.0			87.0		78.0				99.0		603.0		41.0	1829.0	668.0	1204.0	603.0			14.0	23.0				2.0	20.0	603.0		703.0		3.0				557.0	5.0			2.0		560.0		731.0		2.0		5.0				11.0		13.0		553.0				
NC_073236.2	-1::NC_073236.2:20277226-20292370	15144	False	0.5261	0		313.0	548.0	40.0	9.0			34.0		33.0	1.0		1.0	42.0		276.0		23.0	843.0	309.0	564.0	284.0			4.0	5.0				2.0	11.0	269.0		337.0		1.0				255.0	1.0			2.0	2.0	255.0		317.0								7.0		5.0		255.0				
NC_073236.2	-2::NC_073236.2:20299020-20312634	13614	False	0.5263	0		283.0	497.0	32.0	10.0			29.0		31.0			1.0	32.0		246.0		16.0	761.0	278.0	506.0	255.0			5.0	7.0				1.0	10.0	248.0		293.0						231.0	1.0			1.0	1.0	234.0		287.0				2.0				5.0		6.0		229.0				
NC_073236.2	-1::NC_073236.2:20300533-20513077	212544	False	0.5285	1		4644.0	8154.0	170.0	109.0	1.0	8.0	791.0	6.0	192.0	8.0		9.0	283.0	9.0	3646.0	1.0	465.0	12139.0	4416.0	7946.0	3969.0		6.0	47.0	76.0		30.0		4.0	197.0	3535.0		4533.0		6.0	8.0	9.0	2.0	3632.0	5.0	9.0		2.0	12.0	3633.0	1.0	4466.0	5.0	1.0	9.0	13.0	1.0			19.0		29.0		3590.0	2.0			
NC_073236.2	-3::NC_073236.2:20306126-20353712	47586	False	0.5266	0		1019.0	1767.0	78.0	21.0		12.0	132.0		72.0				109.0		837.0		72.0	2669.0	981.0	1789.0	874.0			19.0	33.0				1.0	64.0	835.0		1028.0		2.0		1.0		793.0	1.0			3.0	7.0	778.0		1030.0		1.0		1.0				20.0		12.0		800.0	1.0			
NC_073236.2	-2::NC_073236.2:20312637-20331198	18561	False	0.5265	0		388.0	688.0	32.0	10.0		2.0	54.0		35.0				43.0		327.0		27.0	1044.0	385.0	709.0	340.0			4.0	11.0				2.0	21.0	334.0		403.0						310.0					1.0	306.0	1.0	393.0		1.0						8.0		11.0		297.0				
NC_073236.2	-2::NC_073236.2:20333598-20356551	22953	False	0.5256	0		494.0	860.0	32.0	12.0		4.0	100.0		25.0	1.0			25.0	1.0	401.0		32.0	1316.0	471.0	846.0	427.0			6.0	16.0				2.0	28.0	403.0		508.0			1.0	2.0		377.0		1.0			4.0	368.0		497.0	3.0		3.0	1.0				11.0		5.0		368.0				
NC_073236.2	-3::NC_073236.2:20353715-20510927	157212	False	0.5295	1		3569.0	6069.0	86.0	49.0			555.0	1.0	88.0	10.0		6.0	172.0	6.0	2597.0		380.0	9035.0	3327.0	5898.0	2911.0	1.0	5.0	27.0	70.0		27.0		4.0	115.0	2554.0	1.0	3272.0		14.0	7.0	9.0		2680.0	2.0	7.0			1.0	2753.0	1.0	3349.0	3.0	1.0	8.0	9.0	2.0		1.0	5.0	1.0	2.0		2711.0	3.0			
NC_073236.2	-2::NC_073236.2:20358339-20510919	152580	False	0.53	1		3420.0	5898.0	91.0	74.0		1.0	569.0	5.0	85.0	9.0		6.0	133.0	3.0	2511.0	1.0	317.0	8809.0	3243.0	5591.0	2808.0		1.0	27.0	79.0		21.0		1.0	134.0	2528.0	1.0	3240.0		6.0	8.0	8.0		2649.0	2.0	3.0			2.0	2631.0	4.0	3231.0	1.0	4.0	5.0	6.0				2.0		2.0		2689.0	1.0			
NC_073236.2	2::NC_073236.2:20358340-20402653	44313	False	0.5278	1		934.0	1696.0	42.0	18.0			171.0		47.0	1.0		2.0	55.0		751.0		95.0	2537.0	959.0	1621.0	851.0		1.0	2.0	9.0		4.0			42.0	760.0		942.0						781.0	1.0	4.0				761.0	1.0	913.0	2.0		2.0	3.0				2.0				760.0	1.0			
NC_073236.2	3::NC_073236.2:20362922-20444732	81810	False	0.5286	1		1777.0	3120.0	84.0	15.0			273.0		80.0	5.0		3.0	125.0		1366.0		231.0	4685.0	1767.0	3046.0	1541.0			3.0	29.0		5.0			54.0	1332.0		1665.0			1.0	2.0		1420.0	1.0	6.0				1470.0	1.0	1720.0			1.0	6.0				2.0	1.0			1430.0	3.0			
NC_073236.2	1::NC_073236.2:20364078-20412699	48621	False	0.5286	1		1053.0	1848.0	56.0	15.0			152.0	2.0	48.0	5.0			61.0		796.0		107.0	2799.0	1072.0	1772.0	910.0			1.0	21.0		3.0		1.0	41.0	827.0		1017.0			1.0	2.0		846.0		1.0				847.0	3.0	1025.0		2.0		1.0				1.0				870.0	1.0			
NC_073236.2	2::NC_073236.2:20402656-20443735	41079	False	0.5287	1		857.0	1569.0	41.0	22.0			182.0		40.0	3.0			58.0		712.0		114.0	2352.0	871.0	1479.0	792.0		2.0	1.0	5.0		6.0			37.0	672.0		861.0				2.0		737.0		3.0				725.0		830.0				5.0								715.0				
NC_073236.2	1::NC_073236.2:20412702-20428050	15348	False	0.5288	0		328.0	586.0	15.0	7.0			54.0	1.0	18.0	1.0			20.0		245.0		32.0	883.0	342.0	548.0	291.0				6.0		2.0			12.0	261.0		325.0			2.0			272.0						268.0	1.0	319.0												277.0				
NC_073236.2	1::NC_073236.2:20428053-20465889	37836	False	0.5309	1		862.0	1464.0	18.0	12.0			144.0	1.0	18.0	1.0		3.0	20.0		645.0		52.0	2200.0	778.0	1361.0	689.0			6.0	31.0		3.0			39.0	650.0		796.0			1.0	4.0		670.0	1.0					650.0		808.0	1.0		1.0	5.0								678.0				
NC_073236.2	2::NC_073236.2:20443738-20501890	58152	False	0.533	1		1363.0	2284.0	3.0	37.0			214.0	4.0	3.0	2.0		3.0	38.0		961.0		129.0	3352.0	1192.0	2216.0	1067.0		2.0	13.0	29.0		12.0		2.0	43.0	921.0		1230.0			5.0	4.0		1023.0		1.0				1023.0		1199.0	2.0		3.0	1.0								1003.0				
NC_073236.2	3::NC_073236.2:20444735-20459378	14643	False	0.5325	0		342.0	574.0		3.0			40.0		2.0	1.0		1.0	9.0		247.0		18.0	849.0	305.0	564.0	271.0	1.0		2.0	5.0		2.0		1.0	9.0	256.0		294.0				2.0		255.0						266.0		300.0				1.0								261.0				
NC_073236.2	3::NC_073236.2:20459381-20474693	15312	False	0.5326	1		377.0	600.0		9.0			53.0	1.0				1.0	18.0		254.0		23.0	879.0	312.0	577.0	275.0		1.0	3.0	9.0		7.0		1.0	9.0	254.0		316.0			2.0			255.0					1.0	259.0		336.0	1.0		1.0									270.0				
NC_073236.2	1::NC_073236.2:20465892-20493519	27627	False	0.5331	1		654.0	1083.0		23.0			108.0	1.0				1.0	18.0		452.0		71.0	1593.0	568.0	1052.0	502.0		1.0	8.0	10.0		9.0			20.0	424.0		609.0			2.0			475.0	1.0				2.0	482.0		570.0			1.0									469.0				
NC_073236.2	3::NC_073236.2:20474696-20497661	22965	False	0.5336	1		555.0	893.0		17.0			99.0					1.0	6.0		366.0		51.0	1339.0	471.0	841.0	412.0		3.0	10.0	19.0		5.0			17.0	359.0		496.0			1.0			402.0	1.0					402.0		493.0		1.0										395.0				
NC_073236.2	1::NC_073236.2:20493537-20504793	11256	False	0.5352	1		262.0	441.0	1.0	12.0			58.0					1.0	7.0		177.0		23.0	655.0	237.0	392.0	203.0			10.0	8.0					5.0	177.0		231.0						203.0						202.0		236.0		1.0										210.0				
NC_073236.2	3::NC_073236.2:20498309-20509073	10764	False	0.5331	1		260.0	421.0	1.0	5.0			41.0						11.0		166.0		33.0	614.0	228.0	405.0	202.0			8.0	5.0		1.0			7.0	165.0		221.0			2.0			191.0						187.0		227.0												187.0				
NC_073236.2	-1::NC_073236.2:20527465-20641495	114030	False	0.5262	1		2479.0	4359.0	90.0	25.0		6.0	373.0	9.0	98.0	10.0		5.0	141.0	6.0	1968.0	1.0	212.0	6546.0	2392.0	4386.0	2102.0		15.0	22.0	34.0		2.0		3.0	140.0	1977.0		2425.0		3.0		2.0	1.0	1857.0	4.0		1.0		21.0	1875.0		2481.0	8.0	3.0	1.0	16.0				26.0		15.0		1869.0	1.0			
NC_073236.2	-2::NC_073236.2:20528097-20589384	61287	False	0.5259	0		1344.0	2378.0	9.0	1.0		2.0	213.0	14.0	8.0	10.0			17.0	2.0	1073.0		126.0	3569.0	1297.0	2388.0	1143.0		15.0	20.0	4.0		1.0		2.0	84.0	1051.0		1310.0					1.0	996.0			1.0		11.0	994.0		1319.0	10.0		2.0	9.0				10.0		4.0		991.0				
NC_073236.2	-3::NC_073236.2:20528105-20658155	130050	False	0.5265	1		2832.0	4939.0	137.0	40.0		9.0	419.0	15.0	130.0	18.0		4.0	167.0	2.0	2271.0		232.0	7441.0	2713.0	4894.0	2404.0		8.0	31.0	53.0		2.0		4.0	138.0	2273.0		2809.0		3.0		1.0		2162.0	3.0			1.0	16.0	2145.0		2809.0	15.0	3.0	1.0	13.0	2.0			27.0		19.0		2145.0				
NC_073236.2	2::NC_073236.2:20529421-20541352	11931	False	0.5264	0		261.0	463.0	1.0				49.0	2.0							209.0		25.0	701.0	248.0	455.0	230.0		4.0	1.0			1.0			19.0	209.0		248.0						195.0					4.0	202.0		244.0			1.0	2.0				5.0				198.0				
NC_073236.2	3::NC_073236.2:20540867-20585753	44886	False	0.5258	0		991.0	1746.0	6.0	1.0		1.0	160.0	12.0	8.0	13.0			9.0		774.0		77.0	2613.0	961.0	1743.0	830.0		6.0	9.0	2.0		1.0			53.0	791.0		968.0						727.0	1.0				9.0	731.0		961.0	13.0		1.0	10.0				12.0				722.0				
NC_073236.2	1::NC_073236.2:20540991-20584869	43878	False	0.5259	0		962.0	1699.0	6.0				142.0	9.0	3.0	10.0			6.0		772.0		98.0	2565.0	929.0	1723.0	817.0		12.0	13.0	2.0				2.0	54.0	750.0		944.0					1.0	708.0					6.0	710.0		941.0	10.0		1.0	8.0				10.0				713.0				
NC_073236.2	2::NC_073236.2:20548693-20589385	40692	False	0.5256	0		885.0	1571.0	12.0	3.0		2.0	131.0	5.0	8.0	6.0			9.0		695.0		77.0	2373.0	870.0	1612.0	747.0		7.0	13.0	6.0				1.0	50.0	708.0		884.0				1.0		656.0	2.0				11.0	653.0		886.0	6.0			13.0				15.0				646.0				
NC_073236.2	-2::NC_073236.2:20589387-20652324	62937	False	0.527	1		1310.0	2330.0	119.0	45.0		3.0	181.0		120.0	1.0		3.0	139.0		1095.0		103.0	3551.0	1317.0	2363.0	1197.0			8.0	32.0		1.0		3.0	52.0	1099.0		1385.0		2.0			1.0	1061.0	3.0			3.0	3.0	1064.0		1309.0		4.0			1.0			20.0		8.0		1043.0				
NC_073236.2	1::NC_073236.2:20591451-20602650	11199	False	0.5267	0		230.0	418.0	16.0	13.0		1.0	36.0		11.0				11.0		190.0		17.0	646.0	236.0	430.0	216.0			2.0	8.0		1.0			12.0	197.0		264.0						186.0					1.0	183.0		225.0		1.0						5.0				177.0				
NC_073236.2	3::NC_073236.2:20600546-20612372	11826	False	0.5275	0		267.0	448.0	17.0	4.0		2.0	30.0		13.0			1.0	22.0		204.0		24.0	672.0	244.0	448.0	217.0			3.0	9.0				1.0	12.0	201.0		263.0				1.0		193.0	1.0					193.0		258.0		1.0						1.0				192.0				
NC_073236.2	1::NC_073236.2:20602653-20623251	20598	False	0.5279	0		438.0	774.0	30.0	15.0		1.0	69.0		36.0			2.0	32.0		353.0		33.0	1177.0	433.0	764.0	388.0			2.0	14.0				1.0	17.0	357.0		454.0						346.0	2.0					345.0		435.0		2.0						5.0				341.0				
NC_073236.2	3::NC_073236.2:20617118-20628962	11844	False	0.528	1		257.0	437.0	26.0	5.0		1.0	36.0		24.0			1.0	24.0		205.0		25.0	672.0	248.0	430.0	217.0			2.0	7.0				1.0	8.0	201.0		249.0						201.0	1.0					203.0		261.0		1.0						1.0				204.0				
NC_073236.2	1::NC_073236.2:20623254-20636442	13188	False	0.5278	1		275.0	489.0	27.0	7.0			39.0		23.0	1.0			38.0		228.0		25.0	735.0	279.0	496.0	252.0			1.0	5.0					11.0	228.0		280.0					1.0	228.0						228.0		273.0		1.0						2.0				224.0				
NC_073236.2	-1::NC_073236.2:20647873-20678827	30954	False	0.5264	0		658.0	1146.0	53.0	15.0		4.0	82.0		52.0				70.0	1.0	551.0		45.0	1735.0	633.0	1146.0	573.0			14.0	20.0				1.0	40.0	554.0		655.0				1.0		525.0	3.0			3.0	2.0	513.0		667.0				5.0				12.0		12.0		527.0				
NC_073236.2	-2::NC_073236.2:20661711-20673642	11931	False	0.5267	0		263.0	444.0	19.0	3.0		1.0	34.0		20.0				28.0		217.0		20.0	667.0	241.0	449.0	219.0			6.0	7.0				1.0	10.0	209.0		243.0						194.0					2.0	205.0		260.0				2.0				1.0		8.0		204.0				
NC_073236.2	2::NC_073236.2:20663611-20673643	10032	False	0.5267	0		216.0	368.0	19.0	5.0		2.0	25.0		10.0				18.0		175.0		16.0	569.0	207.0	370.0	186.0			5.0	8.0					16.0	178.0		218.0				1.0		171.0	1.0			2.0	1.0	160.0		218.0				1.0				5.0				173.0				
NC_073236.2	-3::NC_073236.2:20670704-20683145	12441	False	0.5262	0		264.0	456.0	26.0	6.0		2.0	32.0		24.0				25.0		224.0		21.0	700.0	254.0	465.0	231.0			5.0	8.0				2.0	14.0	219.0		266.0						210.0				2.0		208.0		267.0				1.0				5.0		4.0		206.0				
NC_073236.2	-2::NC_073236.2:20675481-20686392	10911	False	0.5261	0		228.0	397.0	25.0	6.0			22.0		28.0				28.0		194.0		11.0	610.0	224.0	400.0	204.0			3.0	8.0				1.0	10.0	202.0		234.0		1.0				186.0	2.0			1.0		183.0		234.0				1.0				5.0		4.0		185.0				
NC_073236.2	-1::NC_073236.2:20678830-20690914	12084	False	0.526	0		244.0	435.0	34.0	7.0			26.0		30.0				38.0		222.0		16.0	669.0	246.0	447.0	230.0			2.0	3.0				1.0	10.0	218.0		265.0						209.0	2.0			2.0	1.0	207.0	1.0	249.0				1.0				5.0		4.0		204.0				
NC_073236.2	-2::NC_073236.2:20686395-20710056	23661	False	0.5262	0		490.0	865.0	51.0	11.0		2.0	59.0		60.0				75.0		433.0		29.0	1308.0	487.0	870.0	441.0			8.0	9.0				6.0	21.0	425.0		502.0						405.0				4.0	1.0	400.0		508.0				1.0				8.0		9.0		398.0	1.0			
NC_073236.2	-3::NC_073236.2:20689421-20713337	23916	False	0.5262	0		500.0	868.0	60.0	13.0			53.0		59.0			1.0	62.0		434.0		33.0	1333.0	488.0	876.0	446.0			9.0	12.0				1.0	15.0	435.0		515.0		1.0				408.0	3.0			1.0	2.0	407.0		509.0				4.0				8.0		11.0		405.0				
NC_073236.2	-1::NC_073236.2:20702086-20735131	33045	False	0.526	0		702.0	1204.0	75.0	15.0			87.0		78.0				99.0		603.0		41.0	1829.0	668.0	1204.0	603.0			14.0	23.0				2.0	20.0	603.0		703.0		3.0				557.0	5.0			2.0		560.0		731.0		2.0		5.0				11.0		13.0		553.0				
NC_073236.2	-3::NC_073236.2:20713340-20728484	15144	False	0.5261	0		313.0	548.0	40.0	9.0			34.0		33.0	1.0		1.0	42.0		276.0		23.0	843.0	309.0	564.0	284.0			4.0	5.0				2.0	11.0	269.0		337.0		1.0				255.0	1.0			2.0	2.0	255.0		317.0								7.0		5.0		255.0				
NC_073236.2	-1::NC_073236.2:20735134-20748748	13614	False	0.5263	0		283.0	497.0	32.0	10.0			29.0		31.0			1.0	32.0		246.0		16.0	761.0	278.0	506.0	255.0			5.0	7.0				1.0	10.0	248.0		293.0						231.0	1.0			1.0	1.0	234.0		287.0				2.0				5.0		6.0		229.0				
NC_073236.2	-3::NC_073236.2:20736647-20941634	204987	False	0.5284	1		4576.0	7856.0	167.0	75.0	1.0	8.0	705.0	5.0	186.0	8.0		13.0	286.0	12.0	3481.0	1.0	460.0	11701.0	4278.0	7690.0	3793.0	1.0	4.0	50.0	90.0		27.0		4.0	175.0	3385.0		4317.0		6.0	9.0	7.0	2.0	3442.0	7.0	7.0		2.0	13.0	3514.0	1.0	4391.0	4.0	1.0	8.0	13.0	1.0			21.0	1.0	28.0		3493.0	3.0			
NC_073236.2	-2::NC_073236.2:20742240-20789826	47586	False	0.5266	0		1019.0	1767.0	78.0	21.0		12.0	132.0		72.0				109.0		837.0		72.0	2669.0	981.0	1789.0	874.0			19.0	33.0				1.0	64.0	835.0		1028.0		2.0		1.0		793.0	1.0			3.0	7.0	778.0		1030.0		1.0		1.0				20.0		12.0		800.0	1.0			
NC_073236.2	-1::NC_073236.2:20748751-20767312	18561	False	0.5265	0		388.0	688.0	32.0	10.0		2.0	54.0		35.0				43.0		327.0		27.0	1044.0	385.0	709.0	340.0			4.0	11.0				2.0	21.0	334.0		403.0						310.0					1.0	306.0	1.0	393.0		1.0						8.0		11.0		297.0				
NC_073236.2	-1::NC_073236.2:20769712-20792665	22953	False	0.5256	0		494.0	860.0	32.0	12.0		4.0	100.0		25.0	1.0			25.0	1.0	401.0		32.0	1316.0	471.0	846.0	427.0			6.0	16.0				2.0	28.0	403.0		508.0			1.0	2.0		377.0		1.0			4.0	368.0		497.0	3.0		3.0	1.0				11.0		5.0		368.0				
NC_073236.2	-2::NC_073236.2:20789829-20939484	149655	False	0.5295	1		3366.0	5772.0	83.0	63.0			551.0	4.0	85.0	10.0		5.0	134.0	5.0	2451.0		323.0	8624.0	3181.0	5519.0	2773.0		4.0	27.0	77.0		25.0		3.0	140.0	2472.0		3197.0		13.0	9.0	9.0		2592.0	2.0	3.0			1.0	2568.0	3.0	3169.0	3.0	1.0	9.0	6.0	2.0		1.0	4.0		4.0		2591.0	1.0			
NC_073236.2	-1::NC_073236.2:20794453-20939476	145023	False	0.53	1		3202.0	5615.0	85.0	83.0		1.0	596.0	3.0	82.0	6.0		5.0	144.0	2.0	2432.0	1.0	334.0	8347.0	3050.0	5368.0	2706.0	1.0	4.0	24.0	47.0		25.0		3.0	119.0	2369.0	1.0	3055.0		8.0	6.0	10.0		2526.0	1.0	8.0			1.0	2534.0	1.0	3009.0	3.0	4.0	7.0	6.0				1.0		1.0		2504.0	1.0			
NC_073236.2	3::NC_073236.2:20794454-20878304	83850	False	0.5283	1		1816.0	3203.0	82.0	19.0			281.0	1.0	81.0	5.0		5.0	111.0		1403.0		223.0	4811.0	1815.0	3104.0	1585.0			5.0	26.0		4.0			59.0	1380.0		1725.0			1.0	2.0		1453.0	1.0	6.0				1493.0	1.0	1756.0	2.0		3.0	9.0				4.0	1.0			1472.0	2.0			
NC_073236.2	1::NC_073236.2:20799036-20846271	47235	False	0.5287	1		1009.0	1800.0	48.0	13.0			144.0	1.0	43.0	5.0			67.0		784.0		109.0	2710.0	1037.0	1740.0	899.0		1.0		14.0		3.0		1.0	40.0	805.0		981.0			1.0			839.0		1.0				829.0	2.0	979.0								1.0				838.0	1.0			
NC_073236.2	2::NC_073236.2:20800192-20836225	36033	False	0.5289	1		766.0	1374.0	40.0	10.0			129.0		39.0				44.0		610.0		72.0	2073.0	776.0	1317.0	680.0				13.0		3.0			28.0	619.0		744.0				2.0		640.0	1.0	2.0				641.0	1.0	749.0		2.0										635.0	1.0			
NC_073236.2	2::NC_073236.2:20836228-20877307	41079	False	0.5287	1		857.0	1569.0	41.0	22.0			182.0		40.0	3.0			59.0		712.0		114.0	2351.0	871.0	1479.0	792.0		2.0	1.0	5.0		6.0			37.0	672.0		862.0				2.0		737.0		3.0				725.0		830.0				5.0								714.0				
NC_073236.2	1::NC_073236.2:20846274-20861622	15348	False	0.5288	0		328.0	586.0	15.0	7.0			54.0	1.0	18.0	1.0			20.0		245.0		32.0	883.0	342.0	548.0	291.0				6.0		2.0			12.0	261.0		325.0			2.0			272.0						268.0	1.0	319.0												277.0				
NC_073236.2	1::NC_073236.2:20861625-20894208	32583	False	0.5307	1		744.0	1259.0	18.0	13.0			138.0	1.0	18.0			3.0	19.0		547.0		48.0	1889.0	673.0	1164.0	591.0			6.0	26.0		4.0			38.0	554.0		699.0			1.0	4.0		573.0	1.0	1.0				554.0		695.0	1.0		2.0	4.0								573.0				
NC_073236.2	2::NC_073236.2:20877310-20908543	31233	False	0.5328	1		734.0	1222.0	2.0	24.0			112.0	3.0	2.0	1.0		3.0	20.0		514.0		63.0	1807.0	638.0	1207.0	576.0	1.0	2.0	6.0	13.0		8.0		3.0	24.0	504.0		659.0			3.0	4.0		534.0		1.0				548.0		636.0	3.0		4.0	1.0								529.0				
NC_073236.2	3::NC_073236.2:20887700-20903012	15312	False	0.5326	1		377.0	600.0		9.0			53.0	1.0				1.0	18.0		254.0		23.0	879.0	312.0	577.0	275.0		1.0	3.0	9.0		7.0		1.0	9.0	254.0		316.0			2.0			255.0					1.0	259.0		336.0	1.0		1.0									270.0				
NC_073236.2	1::NC_073236.2:20894211-20926218	32007	False	0.5334	1		767.0	1245.0		25.0			125.0	1.0				2.0	14.0		511.0		76.0	1859.0	657.0	1197.0	580.0		2.0	12.0	23.0		8.0			24.0	500.0		691.0			1.0			560.0	1.0				1.0	561.0		676.0		1.0	1.0									548.0				
NC_073236.2	3::NC_073236.2:20903015-20930447	27432	False	0.5336	1		665.0	1081.0	1.0	13.0			114.0	1.0	1.0			1.0	21.0		447.0		75.0	1567.0	562.0	1026.0	504.0		2.0	8.0	16.0		6.0			21.0	412.0		587.0			3.0			484.0	1.0					477.0		572.0												476.0				
NC_073236.2	2::NC_073236.2:20908546-20922076	13530	False	0.5329	1		322.0	533.0		10.0			62.0						7.0		223.0		30.0	782.0	281.0	507.0	242.0			5.0	5.0		4.0			8.0	208.0		298.0			1.0			229.0					1.0	236.0		285.0												231.0				
NC_073236.2	2::NC_073236.2:20922094-20933350	11256	False	0.5353	1		262.0	441.0	1.0	12.0			58.0					1.0	7.0		177.0		23.0	655.0	238.0	392.0	203.0			10.0	8.0					5.0	177.0		230.0						203.0						202.0		236.0		1.0										210.0				
NC_073236.2	1::NC_073236.2:20926866-20937630	10764	False	0.5331	1		260.0	421.0	1.0	5.0			41.0						11.0		166.0		34.0	614.0	228.0	405.0	202.0			8.0	5.0		1.0			7.0	164.0		221.0			2.0			191.0						187.0		227.0												187.0				
NC_073236.2	-2::NC_073236.2:112334532-112350717	16185	False	0.44	2	65.0	72.0	60.0	148.0	27.0	31.0	46.0	111.0	114.0	75.0	270.0	30.0	22.0	28.0	79.0	59.0	127.0	272.0	56.0	35.0	269.0	83.0	14.0	170.0	67.0	70.0	94.0	43.0	135.0	75.0	94.0	106.0	140.0	114.0	140.0	172.0	7.0	119.0	106.0	10.0	12.0	12.0	84.0	260.0	44.0	50.0	20.0	67.0	83.0	41.0	45.0	82.0	63.0	176.0	113.0	12.0	36.0	97.0	220.0	11.0	112.0			
NC_086017.1	2::NC_086017.1:1-10147	10146	False	0.4971	0	1.0		3.0	1.0		1.0	3.0	1.0	1.0	1.0		1.0					3.0	1.0	3.0		2.0	4.0	1.0	3.0		1.0			3.0	14.0			4.0	3.0	1.0			2.0	3.0		2.0		1636.0	1.0		1641.0		2.0	6.0	1.0	3.0	2.0		1.0	5.0						3.0		17.0	1.0
NC_086017.1	3::NC_086017.1:77-10082	10005	False	0.498	0	2.0		2.0			4.0	4.0			1.0									2.0	1.0	1.0	2.0	1.0	1.0					2.0	1641.0				2.0	2.0			2.0	3.0		1.0			1.0		2.0		2.0	2.0	1.0	4.0				4.0	2.0					3.0		1638.0	2.0
NC_086017.1	-3::NC_086017.1:137318519-137331521	13002	False	0.5447	1			1.0			5.0	95.0		90.0	91.0	3.0	86.0				5.0	462.0				1.0		1.0	428.0			94.0		100.0	2.0			1.0	2.0	82.0	1.0	6.0	337.0	5.0	1.0	1.0		177.0	85.0	2.0	87.0			1.0					80.0	902.0	95.0	251.0	92.0	662.0					
NC_086017.1	-2::NC_086017.1:137324298-137336481	12183	False	0.5448	1						1.0	84.0		95.0	84.0	4.0	89.0				3.0	429.0				1.0	1.0		401.0	1.0		84.0		91.0	7.0					80.0	1.0	1.0	318.0	2.0		5.0		172.0	75.0	1.0	86.0								73.0	851.0	84.0	240.0	88.0	607.0		2.0			
NC_086017.1	-3::NC_086017.1:137345834-137356823	10989	False	0.5447	1	1.0					1.0	76.0		80.0	80.0	1.0	77.0					391.0							368.0		1.0	76.0		84.0	2.0			1.0		70.0		4.0	288.0			2.0		141.0	68.0	1.0	77.0								71.0	774.0	76.0	212.0	80.0	560.0					
NC_086017.1	-1::NC_086017.1:137349379-137360929	11550	False	0.5429	1						5.0	85.0		87.0	75.0	1.0	84.0				1.0	381.0							383.0			85.0		78.0	3.0					79.0	1.0	2.0	309.0	1.0		5.0		174.0	74.0		83.0								69.0	799.0	85.0	227.0	76.0	597.0		1.0			
NC_086017.1	-2::NC_086017.1:137350197-137369193	18996	False	0.544	1	1.0					7.0	135.0		131.0	137.0	3.0	127.0		2.0		3.0	664.0					2.0		634.0	1.0		137.0		144.0	6.0			1.0	1.0	120.0		6.0	492.0	4.0	1.0	6.0		260.0	125.0	4.0	127.0			1.0				1.0	118.0	1327.0	136.0	375.0	137.0	954.0		2.0			
NC_086017.1	-3::NC_086017.1:137369438-137382548	13110	False	0.5441	1	2.0					7.0	93.0		95.0	92.0	3.0	90.0		1.0		5.0	458.0					2.0	1.0	432.0			95.0		95.0	5.0			1.0		89.0	2.0	4.0	337.0	7.0		5.0		184.0	85.0	3.0	90.0	1.0		2.0					78.0	908.0	95.0	259.0	92.0	651.0		1.0			
NC_086017.1	-3::NC_086017.1:137422334-137438567	16233	False	0.5471	1	2.0		3.0			6.0	124.0		115.0	107.0	4.0	117.0	1.0			3.0	599.0					3.0	3.0	505.0	1.0		127.0		109.0	2.0		1.0	2.0	1.0	116.0		7.0	428.0	1.0	1.0	8.0		223.0	111.0		113.0	4.0		5.0			1.0	2.0	100.0	1090.0	120.0	318.0	105.0	823.0					
NC_086017.1	-3::NC_086017.1:137438570-137450096	11526	False	0.5483	1			2.0		1.0	2.0	75.0		96.0	80.0	1.0	88.0			1.0	1.0	435.0					1.0	1.0	380.0			77.0		84.0	1.0		1.0			77.0	1.0	3.0	310.0	3.0	1.0	11.0		150.0	71.0	1.0	88.0		1.0			1.0			77.0	785.0	72.0	207.0	81.0	573.0		2.0			
NC_086017.1	-1::NC_086017.1:137451439-137461858	10419	False	0.548	1	2.0		1.0			2.0	70.0		76.0	76.0	1.0	75.0		1.0	1.0	1.0	394.0					1.0	1.0	347.0	1.0		73.0		79.0						67.0	1.0	2.0	264.0	1.0	1.0	5.0		143.0	65.0	1.0	75.0			2.0		3.0	1.0	2.0	69.0	722.0	69.0	200.0	74.0	503.0		1.0			
NC_086017.1	-3::NC_086017.1:137466854-137479769	12915	False	0.5493	1			1.0			4.0	88.0		92.0	95.0	1.0	88.0				5.0	498.0					1.0		422.0			94.0		103.0	2.0		1.0	1.0		82.0	3.0	4.0	331.0	4.0	2.0	9.0		163.0	81.0	1.0	88.0	2.0	1.0						88.0	886.0	86.0	258.0	97.0	622.0		1.0			
NC_086017.1	-1::NC_086017.1:137469955-137485750	15795	False	0.5485	1			2.0	1.0	2.0	7.0	111.0		119.0	110.0	4.0	110.0		1.0			592.0					4.0	1.0	515.0			113.0		120.0	4.0		1.0			105.0	1.0	9.0	420.0	1.0		5.0		211.0	103.0	2.0	111.0	2.0		1.0				1.0	100.0	1060.0	108.0	306.0	108.0	794.0					
NC_086017.1	-2::NC_086017.1:137470731-137481903	11172	False	0.5485	1			4.0		1.0	5.0	78.0		82.0	79.0	4.0	74.0		1.0		1.0	422.0						1.0	375.0		1.0	80.0		87.0	1.0					69.0	2.0	6.0	282.0		2.0	5.0		159.0	78.0		78.0								71.0	762.0	74.0	217.0	81.0	541.0		1.0			
NC_086017.1	-1::NC_086017.1:137485753-137495776	10023	False	0.5471	1	1.0		3.0	1.0		5.0	76.0		73.0	65.0	3.0	69.0	2.0	1.0		1.0	373.0					2.0		320.0			75.0		70.0	4.0		1.0			67.0	1.0	3.0	261.0	2.0	1.0	4.0		132.0	68.0	3.0	70.0	1.0						1.0	60.0	685.0	72.0	202.0	65.0	497.0		1.0			
NC_086017.1	-2::NC_086017.1:137534118-137544282	10164	False	0.5477	1						4.0	64.0		76.0	75.0	3.0	72.0	1.0	1.0		3.0	395.0					3.0	2.0	334.0			63.0		74.0	4.0		1.0	3.0		60.0		2.0	268.0	1.0		5.0		132.0	61.0		77.0		1.0		1.0	1.0		3.0	73.0	701.0	65.0	197.0	76.0	481.0		5.0			
NC_086017.1	-2::NC_086017.1:137645625-137658474	12849	False	0.544	1	1.0				1.0	4.0	98.0		84.0	81.0	10.0	79.0				2.0	453.0	1.0					3.0	415.0	1.0		114.0		90.0	5.0	1.0		1.0		87.0		5.0	343.0		2.0	6.0		183.0	93.0	2.0	84.0	1.0	1.0	4.0					75.0	863.0	100.0	252.0	88.0	647.0	2.0	1.0			
NC_086017.1	-3::NC_086017.1:207349781-207366191	16410	False	0.5683	2	155.0	26.0	20.0	2.0	82.0	10.0	1.0	631.0	20.0	114.0	22.0	14.0	3.0	2.0	4.0	138.0	17.0	73.0	570.0	11.0	41.0	11.0	8.0	31.0	758.0	16.0	31.0	19.0	19.0	276.0	280.0	126.0	18.0	14.0	8.0	323.0	14.0	364.0	181.0	4.0	5.0	8.0	15.0	9.0	289.0	29.0	1.0	11.0	29.0	171.0	1.0	7.0	27.0	29.0	9.0	5.0	283.0	18.0	22.0	18.0	27.0			
NC_073230.2	-3::NC_073230.2:87646410-87673767	27357	False	0.4978	1	600.0	45.0	5.0	50.0	232.0	2.0	3.0	650.0	561.0	62.0	27.0	18.0		2.0	27.0	9.0	4.0	514.0	119.0	17.0	298.0	13.0	6.0	3.0	795.0	32.0	134.0	71.0	283.0	161.0	162.0	892.0	216.0	21.0	6.0	376.0	116.0	572.0	35.0	83.0	1.0	12.0	31.0	19.0	220.0	108.0	1.0	60.0	108.0	287.0	48.0	19.0	112.0	411.0	24.0	12.0	142.0	119.0	122.0	8.0	33.0			
NC_073230.2	-2::NC_073230.2:87697258-87740314	43056	False	0.5586	0	1127.0	237.0	310.0	35.0	377.0	31.0	4.0	613.0	410.0	316.0	132.0	718.0	147.0	4.0	53.0	565.0	31.0	421.0	511.0	298.0	482.0	89.0	28.0	119.0	1089.0	108.0	152.0	60.0	63.0	161.0	123.0	467.0	36.0	11.0	15.0	854.0	281.0	1614.0	17.0	79.0	26.0	115.0	27.0	58.0	142.0	163.0	17.0	13.0	67.0	36.0	6.0	4.0	21.0	621.0	52.0	109.0	216.0	120.0	185.0	111.0	55.0			
NC_073230.2	-2::NC_073230.2:87770041-87793822	23781	False	0.5117	1	404.0	372.0	328.0	159.0	184.0	4.0	9.0	159.0	434.0	24.0	14.0	61.0	12.0	2.0	2.0	340.0	33.0	442.0	187.0	24.0	52.0	41.0	29.0	29.0	1270.0	24.0	4.0	488.0	30.0	6.0	29.0	863.0	58.0	32.0	87.0	489.0	44.0	201.0	3.0	14.0	3.0	116.0	43.0	6.0	30.0	14.0	1.0	120.0	28.0	30.0	11.0	54.0	35.0	25.0	24.0	33.0	14.0	48.0	292.0	4.0	9.0			
NC_073230.2	-3::NC_073230.2:87793422-87815400	21978	False	0.5067	1	344.0	294.0	267.0	145.0	183.0	5.0	5.0	140.0	388.0	58.0	11.0	36.0	5.0	3.0	6.0	254.0	25.0	424.0	241.0	47.0	84.0	26.0	26.0	37.0	1084.0	44.0	8.0	393.0	52.0	15.0	25.0	728.0	74.0	33.0	53.0	397.0	60.0	323.0	14.0	19.0	7.0	57.0	29.0	16.0	32.0	13.0	4.0	105.0	24.0	46.0	22.0	64.0	53.0	41.0	36.0	51.0	26.0	55.0	255.0	8.0	6.0			
NC_073230.2	1::NC_073230.2:164199720-164211564	11844	False	0.5653	1	1.0		4.0	120.0		228.0	244.0		3.0	1.0		7.0	1.0			1.0	456.0	107.0				146.0	8.0	1.0	1.0		378.0		229.0	145.0	110.0	1.0	204.0				2.0	1.0			10.0	9.0	270.0		131.0	16.0				1.0		2.0			263.0		2.0		531.0	1.0	206.0	105.0	1.0	1.0
NC_073231.2	-3::NC_073231.2:149710997-149727908	16911	False	0.6947	2	115.0	165.0	104.0	19.0	418.0	50.0	19.0	20.0	10.0	50.0	16.0	309.0	191.0	32.0	13.0	92.0	152.0	22.0	109.0	172.0	55.0	16.0	89.0	335.0	172.0	472.0	22.0	146.0	286.0	15.0	17.0	29.0	85.0	6.0	126.0	9.0	94.0	39.0	6.0	41.0	153.0	55.0	68.0	14.0	136.0	9.0	21.0	17.0	4.0	41.0	11.0	2.0	52.0	22.0	22.0	115.0	256.0	1.0	454.0	18.0	28.0			
NC_073231.2	3::NC_073231.2:149711021-149721230	10209	False	0.7297	2	70.0	105.0	59.0	6.0	299.0	32.0	6.0	1.0		13.0		220.0	164.0	14.0		52.0	92.0	2.0	78.0	96.0	25.0	6.0	62.0	195.0	122.0	283.0		90.0	180.0		1.0	13.0	56.0	1.0	68.0		62.0			29.0	109.0	44.0	14.0		97.0		18.0		1.0	1.0			28.0	1.0	6.0	78.0	174.0		311.0	11.0	8.0			
NC_073243.2	-1::NC_073243.2:31952662-31963174	10512	False	0.4131	1	24.0	28.0	26.0	57.0	25.0	11.0	15.0	86.0	63.0	106.0	71.0	22.0	3.0	7.0	38.0	27.0	15.0	147.0	57.0	22.0	138.0	63.0	8.0	71.0	37.0	37.0	56.0	30.0	62.0	43.0	37.0	72.0	44.0	54.0	121.0	171.0	5.0	94.0	62.0	16.0	3.0	11.0	21.0	180.0	29.0	70.0	3.0	75.0	50.0	75.0	45.0	70.0	26.0	322.0	42.0	12.0	59.0	68.0	153.0	9.0	110.0			
NC_073224.2	1::NC_073224.2:104483886-104495943	12057	False	0.5556	1	68.0	140.0	122.0	115.0	70.0	14.0	81.0	123.0	55.0		6.0	64.0	16.0	98.0		27.0	33.0	178.0	253.0	126.0	16.0	25.0	23.0	3.0	42.0	276.0	244.0	53.0	236.0	41.0	19.0	133.0	162.0	5.0	4.0		72.0	3.0	28.0	23.0	12.0	23.0	7.0	4.0	166.0	41.0	29.0	26.0	22.0	131.0	5.0	21.0	17.0	16.0	183.0	21.0	16.0		12.0	3.0	2.0	258.0	2.0	5.0
NC_073224.2	1::NC_073224.2:104581524-104592423	10899	False	0.5757	0	24.0	167.0	23.0	129.0	432.0	36.0	12.0	39.0	16.0	11.0	11.0	9.0	1.0	2.0		3.0	13.0	17.0	141.0	65.0	6.0	9.0	13.0	5.0	188.0	235.0	208.0	9.0	165.0	8.0	6.0	60.0	195.0	5.0	6.0		40.0	25.0	43.0	13.0		61.0	32.0	30.0	7.0	8.0	38.0	14.0	91.0	184.0	3.0	1.0	1.0	6.0	527.0		5.0		1.0		4.0	220.0		10.0
NC_073244.2	-3::NC_073244.2:6255187-6266410	11223	False	0.502	0		324.0	317.0	3.0	1.0		3.0	261.0		1.0	1.0	2.0		1.0	1.0	19.0		67.0	577.0	52.0	312.0	11.0		2.0	5.0	1.0		550.0	1.0	2.0	292.0		1.0	533.0		303.0	1.0	15.0		1.0		16.0			5.0	10.0	2.0	15.0		1.0	3.0	3.0	6.0			2.0		4.0	2.0	12.0				
NC_073244.2	-2::NC_073244.2:6255194-6266432	11238	False	0.5019	0	1.0	338.0	296.0	4.0	2.0	2.0	3.0	284.0	1.0	1.0	9.0		2.0	1.0	4.0	18.0	1.0	60.0	548.0	69.0	277.0	16.0			11.0	1.0		592.0	1.0		284.0		2.0	560.0	1.0	264.0		13.0		1.0	1.0	13.0			6.0	14.0		21.0		1.0	5.0		2.0		1.0		1.0	1.0		12.0	1.0			
NC_073244.2	-1::NC_073244.2:6255255-6266448	11193	False	0.5009	0	1.0	315.0	302.0	3.0	1.0	1.0	2.0	289.0			2.0			1.0	2.0	19.0		67.0	568.0	57.0	297.0	21.0			14.0	2.0		517.0		1.0	268.0	1.0	1.0	609.0		278.0		12.0		1.0		10.0			9.0	7.0		19.0	2.0		3.0		1.0	1.0		2.0	1.0	2.0	2.0	17.0	3.0			
NC_073244.2	-3::NC_073244.2:15006751-15029494	22743	False	0.4878	2	215.0	120.0	62.0	100.0	132.0	41.0		305.0	138.0	121.0	75.0	63.0	7.0		33.0	63.0	85.0	422.0	381.0	64.0	197.0	75.0	15.0	95.0	473.0	127.0	99.0	148.0	184.0	74.0	107.0	364.0	238.0	97.0	81.0	372.0	36.0	543.0	45.0	13.0	6.0	17.0	86.0	106.0	99.0	82.0	3.0	98.0	91.0	119.0	31.0	78.0	73.0	234.0	98.0	21.0	136.0	59.0	226.0	7.0	101.0			
NC_073234.2	-2::NC_073234.2:60790981-60802768	11787	False	0.4909	0	3.0		1.0	11.0	5.0	1.0		22.0	30.0	68.0	30.0	13.0		1.0	129.0		323.0	62.0	3.0	6.0	132.0	12.0	2.0	6.0	19.0	12.0	456.0	3.0	262.0	41.0	5.0	285.0	8.0	2.0	3.0	432.0	13.0	608.0	42.0	1.0	7.0	4.0	21.0	45.0	10.0	56.0	1.0	42.0	74.0	267.0	2.0	23.0	1.0	138.0	82.0	4.0		43.0	47.0	1.0	9.0			
NC_073228.2	3::NC_073228.2:158858669-158868704	10035	False	0.2357	0				2.0			397.0			87.0	96.0			88.0		96.0													187.0				298.0	107.0				217.0	213.0									7.0	561.0		559.0	205.0				117.0				1.0				107.0
NC_073240.2	-2::NC_073240.2:13140813-13325778	184965	False	0.5194	1		4229.0	7104.0	143.0	71.0		2.0	859.0	2.0	129.0	3.0		4.0	205.0	67.0	3426.0		122.0	10624.0	3554.0	7481.0	3502.0		4.0	11.0	65.0		117.0		1.0	725.0	3418.0	1.0	4154.0		25.0	1.0	17.0	2.0	2413.0	4.0	1.0			2.0	2373.0	2.0	4119.0	62.0		131.0	8.0	1.0	1.0		18.0		9.0		2437.0	6.0			
NC_073240.2	-1::NC_073240.2:13140892-13326112	185220	False	0.5193	1		4264.0	7121.0	126.0	66.0		1.0	889.0	5.0	141.0	7.0		4.0	197.0	79.0	3430.0	1.0	134.0	10655.0	3542.0	7412.0	3491.0		1.0	14.0	84.0		120.0		3.0	676.0	3391.0		4185.0	1.0	23.0	4.0	20.0		2441.0	1.0	4.0			2.0	2421.0	7.0	4188.0	60.0		111.0	11.0	1.0	3.0		15.0		11.0		2372.0	5.0			
NC_073240.2	-3::NC_073240.2:13140998-13325723	184725	False	0.5195	1		4276.0	7074.0	127.0	84.0			841.0	4.0	124.0	10.0		1.0	206.0	69.0	3405.0	2.0	130.0	10611.0	3571.0	7436.0	3495.0		5.0	11.0	69.0		138.0		1.0	686.0	3406.0		4223.0		21.0	4.0	24.0		2370.0		2.0			2.0	2439.0	1.0	4098.0	48.0		117.0	3.0				22.0		8.0		2410.0	1.0			
NC_073240.2	-1::NC_073240.2:13372978-13750747	377769	False	0.5202	1		8594.0	14488.0	199.0	65.0		7.0	1730.0	22.0	207.0	6.0		3.0	286.0	193.0	6891.0		337.0	21883.0	7393.0	15122.0	7102.0		33.0	3.0	63.0		361.0			1316.0	6886.0	3.0	8442.0		19.0	1.0	12.0	2.0	5175.0	2.0	3.0		1.0		5219.0	2.0	8177.0	169.0	2.0	350.0	10.0		1.0		15.0	1.0	12.0		5109.0	6.0			
NC_073240.2	-3::NC_073240.2:13373057-13749047	375990	False	0.5202	1		8573.0	14386.0	234.0	61.0		6.0	1747.0	27.0	197.0	7.0		3.0	271.0	184.0	6862.0		311.0	21842.0	7387.0	15064.0	7051.0		22.0	2.0	56.0		360.0		2.0	1249.0	6868.0	2.0	8296.0		14.0	1.0	20.0		5088.0		5.0		1.0	2.0	5191.0	5.0	8207.0	171.0		359.0	6.0		2.0		12.0	1.0	9.0		5165.0	1.0			
NC_073240.2	-2::NC_073240.2:13373163-13748571	375408	False	0.5203	1		8603.0	14406.0	205.0	49.0		5.0	1701.0	33.0	236.0	6.0			257.0	183.0	6868.0	1.0	323.0	21766.0	7380.0	14901.0	7060.0		27.0	9.0	71.0		350.0			1269.0	6842.0		8360.0		11.0	1.0	16.0		5161.0		5.0			1.0	5107.0	2.0	8211.0	180.0	1.0	358.0	6.0				13.0	1.0	7.0		5144.0				
NC_073240.2	2::NC_073240.2:13717456-13728520	11064	False	0.5247	0		252.0	434.0	1.0				22.0		9.0				3.0		198.0		23.0	647.0	229.0	433.0	207.0				1.0		6.0			36.0	187.0		246.0						167.0						169.0		218.0	7.0		12.0									181.0				
NC_073240.2	-2::NC_073240.2:13748574-13760454	11880	False	0.5172	1	1.0	267.0	453.0	4.0	5.0			49.0		8.0	1.0		3.0	5.0	4.0	216.0		9.0	687.0	235.0	468.0	222.0			5.0	2.0		9.0			19.0	208.0		276.0		2.0	2.0			159.0		2.0		4.0		165.0	1.0	273.0	9.0		14.0	3.0				1.0		4.0		164.0	1.0			
NC_073240.2	-3::NC_073240.2:13757006-13768172	11166	False	0.5187	1	1.0	251.0	422.0	7.0	5.0			44.0		9.0			2.0	5.0	3.0	200.0		9.0	648.0	222.0	438.0	208.0			2.0	4.0		8.0			21.0	199.0		255.0		1.0	3.0			154.0		1.0		4.0		159.0	1.0	252.0	7.0		11.0	3.0				1.0		4.0		157.0	1.0			
NC_073240.2	-2::NC_073240.2:13770504-13879080	108576	False	0.519	1		2439.0	4197.0	9.0	20.0		9.0	436.0	10.0	15.0	9.0		6.0	36.0	66.0	1801.0		200.0	6281.0	2211.0	4314.0	2029.0		6.0	22.0	24.0		110.0			162.0	1775.0		2486.0		12.0	3.0	21.0	3.0	1570.0		20.0		3.0	9.0	1575.0	23.0	2453.0	56.0	4.0	130.0	9.0				17.0		14.0		1583.0	14.0			
NC_073240.2	-3::NC_073240.2:13772714-14058896	286182	False	0.519	1		6428.0	11064.0	19.0	65.0	1.0	8.0	1334.0	9.0	20.0	25.0		13.0	78.0	141.0	4799.0		588.0	16637.0	5830.0	11319.0	5398.0	1.0	11.0	53.0	67.0		265.0			503.0	4691.0		6630.0		10.0	9.0	31.0	9.0	4076.0	1.0	24.0		1.0	23.0	4105.0	13.0	6523.0	108.0	5.0	252.0	22.0	1.0			42.0		40.0		4080.0	22.0			
NC_073240.2	-1::NC_073240.2:13774108-13880695	106587	False	0.519	1		2418.0	4112.0	12.0	14.0		4.0	469.0	5.0	12.0	8.0		5.0	35.0	72.0	1757.0		172.0	6147.0	2162.0	4193.0	1963.0		10.0	22.0	32.0		115.0			171.0	1770.0		2432.0		10.0	10.0	17.0	3.0	1535.0		30.0			12.0	1549.0	14.0	2451.0	55.0	3.0	119.0	7.0				24.0		14.0		1551.0	13.0			
NC_073240.2	-2::NC_073240.2:13879083-14060100	181017	False	0.5185	1		4046.0	7037.0	8.0	43.0		1.0	848.0	10.0	10.0	11.0	1.0	6.0	50.0	71.0	3003.0	1.0	358.0	10538.0	3748.0	7219.0	3437.0	1.0	5.0	23.0	51.0		144.0		3.0	373.0	2986.0		4203.0		11.0	1.0	22.0	6.0	2538.0		5.0		2.0	4.0	2542.0		4147.0	67.0	2.0	135.0	15.0			1.0	23.0		17.0		2563.0	3.0			
NC_073240.2	-1::NC_073240.2:13881718-14058904	177186	False	0.5189	1		3965.0	6892.0	1.0	47.0		1.0	877.0	6.0	5.0	15.0		5.0	44.0	74.0	2950.0	1.0	348.0	10323.0	3661.0	7014.0	3388.0		8.0	31.0	44.0		131.0		2.0	350.0	2930.0		4097.0		4.0	1.0	19.0	5.0	2517.0	1.0	5.0			3.0	2488.0	1.0	4056.0	62.0	5.0	130.0	18.0	1.0		1.0	21.0		12.0		2502.0				
NC_073240.2	1::NC_073240.2:13962273-13973796	11523	False	0.5148	1		266.0	457.0	1.0	2.0			67.0						1.0		190.0		24.0	676.0	242.0	472.0	210.0			1.0	1.0		9.0			18.0	194.0		292.0						145.0						136.0		292.0	2.0		11.0	1.0								131.0				
NC_073240.2	2::NC_073240.2:13994386-14007184	12798	False	0.5222	0		268.0	506.0					74.0								193.0		50.0	752.0	293.0	473.0	255.0						4.0			16.0	197.0		284.0						210.0	1.0					200.0		275.0			4.0	1.0				1.0				209.0				
NC_073240.2	3::NC_073240.2:13994576-14010329	15753	False	0.5213	0		341.0	621.0					85.0			1.0					249.0		51.0	924.0	357.0	600.0	316.0			1.0			2.0			25.0	245.0		348.0						245.0						253.0		338.0	5.0		6.0									238.0				
NC_073240.2	1::NC_073240.2:13994964-14005620	10656	False	0.5231	0		227.0	418.0					63.0								170.0		44.0	627.0	241.0	385.0	208.0						2.0		1.0	20.0	159.0		224.0						173.0						177.0		235.0												178.0				
NC_073240.2	3::NC_073240.2:14011607-14024966	13359	False	0.5189	1		301.0	526.0		7.0			76.0						5.0		223.0		31.0	780.0	278.0	539.0	253.0			2.0	3.0		8.0			26.0	221.0		322.0						182.0						185.0		308.0	2.0		9.0		1.0							165.0				
NC_073240.2	2::NC_073240.2:43502626-43512880	10254	False	0.5144	2	83.0	54.0	136.0	64.0	62.0	102.0	67.0	102.0	75.0	34.0	55.0	75.0	10.0	64.0		57.0	72.0	60.0	53.0	139.0	32.0	66.0	5.0	85.0	44.0	152.0	77.0	91.0	64.0	59.0	79.0	82.0	51.0	44.0	47.0		13.0	39.0	20.0	4.0	11.0	11.0	112.0	45.0	74.0	45.0	5.0	63.0	21.0	91.0	17.0	24.0	44.0	36.0	110.0	34.0	32.0		53.0	9.0	29.0	69.0	25.0	40.0
NC_073240.2	2::NC_073240.2:68697295-68723734	26439	False	0.6034	1			3.0								4.0	2.0				11.0	672.0					2.0	1.0	4.0	2.0		742.0	2.0	1.0	1.0			2.0		9.0		422.0	16.0	1.0		14.0		702.0	10.0		1.0	421.0	2.0	1.0		1.0	3.0	3.0	2.0	2268.0		453.0		3022.0	1.0	4.0	4.0	3.0	1.0
NC_073240.2	-1::NC_073240.2:68697427-68721334	23907	False	0.6064	1												2.0				10.0	612.0					1.0	1.0	1.0	1.0		698.0	1.0	1.0	1.0			1.0		5.0		385.0	14.0	1.0		10.0		651.0	4.0			371.0					2.0	3.0	2.0	2023.0		413.0		2752.0	1.0	2.0			
NC_073240.2	3::NC_073240.2:68697428-68723738	26310	False	0.6048	1									1.0		2.0	1.0				8.0	732.0					1.0	7.0	7.0			707.0			1.0			1.0	1.0	2.0		429.0	13.0			13.0		669.0	7.0			439.0	1.0				1.0		6.0	2328.0		430.0		2957.0			3.0	1.0	2.0
NC_073240.2	1::NC_073240.2:68697441-68723838	26397	False	0.6046	1		1.0	1.0	2.0				2.0	1.0		3.0	8.0				12.0	702.0	1.0			2.0		2.0	5.0		2.0	680.0	1.0	1.0				2.0	2.0	5.0		450.0	16.0	1.0		15.0		728.0	3.0	1.0		409.0	2.0	1.0			1.0		5.0	2302.0	1.0	432.0		2990.0		2.0	2.0	1.0	2.0
NC_073240.2	-2::NC_073240.2:68698173-68713110	14937	False	0.6049	1												2.0				10.0	363.0						2.0	3.0			375.0		1.0				1.0		1.0		278.0	9.0			4.0		454.0				217.0							4.0	1279.0		240.0		1736.0					
NC_073240.2	-2::NC_073240.2:68713113-68723733	10620	False	0.6077	1												4.0				1.0	320.0							1.0			285.0						1.0		2.0		166.0	7.0	1.0		10.0		264.0				181.0								948.0		180.0		1168.0		1.0			
NC_073227.2	-2::NC_073227.2:81548573-81565604	17031	False	0.1743	0	4.0		35.0	409.0			341.0		88.0									4.0			7.0	444.0			1.0	15.0			299.0	33.0		33.0	9.0	92.0	69.0	19.0	1.0	472.0	343.0					220.0	1.0	9.0		405.0	466.0		860.0	247.0			1.0	107.0		431.0	1.0	3.0	208.0			
NC_073227.2	-2::NC_073227.2:81618830-81631871	13041	False	0.174	0	4.0		26.0	316.0			263.0		66.0									3.0			6.0	342.0				9.0			227.0	26.0		26.0	7.0	70.0	55.0	13.0		364.0	261.0					170.0		6.0		310.0	357.0		655.0	187.0	1.0	1.0	1.0	80.0		331.0	1.0	1.0	162.0			
NC_073227.2	-1::NC_073227.2:81964890-81981921	17031	False	0.1742	0	4.0		35.0	410.0			341.0		88.0									3.0			7.0	444.0			1.0	14.0			301.0	33.0		33.0	9.0	92.0	69.0	19.0	1.0	472.0	343.0					220.0		10.0		405.0	464.0		862.0	247.0			1.0	106.0		432.0		3.0	208.0			
NC_073227.2	-1::NC_073227.2:82037244-82050285	13041	False	0.1739	0	4.0		26.0	316.0			263.0		66.0									3.0			6.0	342.0				9.0			227.0	26.0		26.0	7.0	70.0	54.0	13.0		364.0	262.0					170.0		6.0		310.0	357.0		656.0	188.0	1.0	1.0	1.0	79.0		330.0	1.0	1.0	162.0			
NC_073227.2	-3::NC_073227.2:82171006-82194967	23961	False	0.1741	0	11.0		47.0	582.0		2.0	484.0		116.0	2.0								1.0			17.0	630.0				15.0			425.0	48.0		39.0	15.0	122.0	94.0	31.0		663.0	488.0					313.0		5.0		573.0	654.0		1215.0	355.0				154.0		595.0			291.0			
NC_073227.2	-1::NC_073227.2:82240020-82255974	15954	False	0.174	0	8.0		30.0	388.0			317.0		80.0	2.0								2.0			7.0	418.0				9.0			287.0	32.0		30.0	5.0	88.0	67.0	16.0		447.0	316.0					209.0				380.0	440.0		809.0	224.0		1.0		96.0		407.0			203.0			
NC_073227.2	-1::NC_073227.2:82280244-82308024	27780	False	0.1738	0	18.0		52.0	662.0			561.0		132.0	1.0	1.0				1.0			1.0			13.0	740.0	9.0			12.0			481.0	51.0		51.0	13.0	144.0	131.0	30.0	2.0	772.0	561.0			1.0		368.0				663.0	761.0		1406.0	388.0				172.0	2.0	705.0	1.0		354.0			
NC_073227.2	-2::NC_073227.2:82364369-82375700	11331	False	0.1745	0	5.0		21.0	272.0			229.0		61.0					1.0	1.0						4.0	295.0			1.0	7.0			200.0	22.0		21.0	8.0	64.0	47.0	12.0	1.0	314.0	227.0					152.0		3.0		271.0	308.0		570.0	156.0				65.0	1.0	291.0	1.0		146.0			
NC_073227.2	-1::NC_073227.2:84719664-84730830	11166	False	0.1732	0	5.0		20.0	269.0		2.0	228.0		54.0							1.0					9.0	297.0				5.0			196.0	20.0		18.0	6.0	57.0	47.0	13.0		309.0	227.0					148.0		3.0		266.0	304.0		569.0	161.0				70.0		281.0			137.0			
NC_073227.2	-2::NC_073227.2:84730778-84741152	10374	False	0.1737	0	3.0		21.0	254.0			207.0		52.0	1.0								1.0			5.0	270.0		1.0		9.0			185.0	22.0		17.0	7.0	51.0	38.0	13.0		286.0	212.0					134.0		2.0		247.0	287.0		529.0	159.0				65.0		256.0			124.0			
NC_073227.2	-2::NC_073227.2:84751778-84766976	15198	False	0.1739	0	12.0		27.0	373.0			313.0	1.0	65.0												2.0	400.0			3.0	6.0			265.0	30.0		25.0	10.0	77.0	59.0	22.0		434.0	306.0					197.0		1.0		362.0	418.0		769.0	223.0				94.0		377.0	3.0	1.0	191.0			
NC_073227.2	-3::NC_073227.2:84782602-84795130	12528	False	0.1742	0	5.0		24.0	306.0			248.0		64.0	1.0								2.0			5.0	325.0				7.0			229.0	25.0		24.0	3.0	70.0	52.0	11.0		352.0	246.0					164.0				298.0	346.0		635.0	177.0		1.0		74.0		321.0			161.0			
NC_073227.2	-1::NC_073227.2:84845676-84861819	16143	False	0.1734	0	8.0		30.0	389.0			324.0		82.0	1.0											7.0	428.0				8.0			289.0	30.0		29.0	3.0	90.0	69.0	17.0	2.0	442.0	324.0			1.0		219.0		3.0		384.0	443.0		820.0	226.0				91.0	5.0	412.0			205.0			
NC_073227.2	-1::NC_073227.2:84864309-84876120	11811	False	0.1745	0	5.0		22.0	285.0			240.0	1.0	64.0					1.0	1.0						4.0	308.0			1.0	7.0			209.0	23.0		22.0	8.0	66.0	47.0	11.0	1.0	327.0	235.0					159.0		3.0		280.0	320.0	1.0	592.0	166.0		1.0		68.0	1.0	306.0	1.0		151.0			
NC_073227.2	-2::NC_073227.2:85089029-85108370	19341	False	0.1745	0	5.0		40.0	466.0			386.0		99.0		1.0							3.0			8.0	502.0			1.0	17.0			344.0	37.0		37.0	9.0	103.0	80.0	23.0	1.0	536.0	389.0					250.0		12.0		460.0	526.0		983.0	279.0			1.0	119.0		490.0		5.0	235.0			
NC_073242.2	-2::NC_073242.2:99211222-99221440	10218	False	0.6502	1	4.0	194.0	1.0	5.0	122.0	31.0	3.0	18.0	2.0	3.0	115.0	66.0	20.0	55.0	6.0	83.0	76.0	2.0	8.0	5.0	233.0		6.0	14.0	2.0	81.0	40.0	2.0	133.0	9.0	1.0	18.0	29.0	60.0	16.0	115.0	62.0	32.0	2.0	327.0	40.0	30.0	301.0	119.0	32.0	2.0	74.0	2.0	3.0	147.0	3.0	2.0	154.0	94.0	87.0	1.0	150.0	2.0	148.0	4.0	10.0			
NC_073242.2	1::NC_073242.2:119013009-119024907	11898	False	0.6683	2	73.0	136.0	56.0	23.0	158.0	116.0	42.0	104.0	33.0	53.0	27.0	213.0	55.0	65.0		69.0	266.0	43.0	71.0	204.0	27.0	41.0	50.0	174.0	47.0	160.0	86.0	46.0	87.0	99.0	126.0	39.0	21.0	32.0	24.0		13.0	24.0	23.0	53.0	96.0	17.0	112.0	24.0	119.0	43.0	24.0	13.0	6.0	167.0	2.0	7.0	14.0	73.0	42.0	7.0	32.0		79.0	35.0	20.0	37.0	10.0	8.0
NC_073235.2	-2::NC_073235.2:81030956-81048194	17238	False	0.4266	2	62.0	41.0	70.0	40.0	82.0	97.0	43.0	152.0	115.0	117.0	58.0	92.0	19.0	33.0	37.0	20.0	33.0	103.0	39.0	44.0	213.0	74.0	7.0	67.0	110.0	68.0	160.0	83.0	105.0	127.0	104.0	171.0	58.0	39.0	148.0	87.0	13.0	185.0	114.0	6.0	22.0	3.0	30.0	282.0	103.0	209.0	33.0	197.0	90.0	134.0	138.0	144.0	88.0	331.0	133.0	51.0	90.0	57.0	118.0	48.0	209.0			
NC_073229.2	-2::NC_073229.2:191756350-191770492	14142	False	0.5721	0	3.0	6.0	1.0	3.0	4.0	1.0	1.0	113.0		2.0	6.0		1.0	5.0	178.0	929.0		189.0	286.0	304.0	937.0	2.0	1.0	2.0	765.0	4.0	1.0	193.0		1.0	1.0	179.0	1.0	186.0	1.0	6.0	3.0	183.0	1.0	3.0	1.0	1.0		6.0		2.0	2.0	2.0	4.0	1.0	1.0	4.0	2.0	2.0		177.0	2.0	1.0		2.0	2.0			
NC_073229.2	-3::NC_073229.2:191756409-191770125	13716	False	0.5738	0	1.0	10.0	1.0		3.0	1.0		104.0	1.0	4.0			1.0	3.0	180.0	920.0		182.0	292.0	284.0	916.0			1.0	732.0	3.0		183.0			1.0	178.0	3.0	183.0	1.0	11.0	2.0	179.0		1.0				1.0	1.0	1.0	4.0						5.0			178.0	1.0							
NC_073229.2	-1::NC_073229.2:191756441-191770418	13977	False	0.5744	0		7.0	1.0		5.0			120.0			3.0	1.0	2.0	2.0	177.0	939.0		180.0	295.0	291.0	928.0	1.0		2.0	748.0	4.0		186.0			1.0	184.0	1.0	192.0		5.0	1.0	187.0		2.0		1.0			2.0		1.0	1.0			1.0				1.0	182.0	4.0				1.0			
NC_073238.2	-2::NC_073238.2:20446346-21252449	806103	False	0.5233	1		18100.0	30651.0	19.0	487.0		9.0	3076.0	65.0	29.0	31.0		331.0	443.0	559.0	14815.0	1.0	672.0	46692.0	15619.0	32452.0	14713.0	1.0	69.0	42.0	466.0		985.0	1.0	2.0	2311.0	14775.0	3.0	17452.0		52.0	1.0	57.0	1.0	11702.0	4.0	16.0			57.0	11295.0	16.0	17300.0	518.0	192.0	953.0	42.0	4.0	1.0		70.0	5.0	62.0		11477.0	5.0			
NC_073238.2	-1::NC_073238.2:20446425-21254472	808047	False	0.5233	1	1.0	17996.0	30753.0	15.0	582.0		8.0	3252.0	72.0	15.0	41.0		312.0	401.0	528.0	14836.0		656.0	46866.0	15659.0	32331.0	14683.0	1.0	64.0	42.0	437.0		1074.0		4.0	2205.0	14906.0	1.0	17820.0	1.0	45.0	3.0	63.0	3.0	11818.0	3.0	27.0		3.0	62.0	11445.0	8.0	17223.0	440.0	183.0	990.0	30.0	3.0	3.0		65.0	5.0	58.0		11299.0	8.0			
NC_073238.2	-3::NC_073238.2:20446531-20657170	210639	False	0.5217	1		4573.0	8076.0	13.0	153.0		7.0	853.0	16.0	6.0	3.0		49.0	123.0	120.0	3849.0		205.0	12199.0	4054.0	8496.0	3833.0		29.0	19.0	113.0		281.0		4.0	516.0	3812.0	1.0	4695.0		15.0		4.0	5.0	3052.0	2.0	8.0			20.0	3033.0	8.0	4476.0	148.0	29.0	308.0	2.0	2.0			11.0	8.0	4.0		2975.0	5.0			
NC_073238.2	-3::NC_073238.2:20657173-21007348	350175	False	0.5268	1		8122.0	13308.0	4.0	243.0		1.0	1341.0	35.0	3.0	15.0		235.0	186.0	156.0	6590.0		166.0	20278.0	6872.0	14112.0	6504.0		29.0	23.0	135.0		332.0			1076.0	6530.0		7429.0		15.0		11.0		5077.0	1.0	5.0			29.0	4957.0	1.0	7210.0	197.0	169.0	372.0	13.0				9.0		11.0		4923.0				
NC_073238.2	1::NC_073238.2:20662458-20683620	21162	False	0.5294	1		525.0	805.0		11.0			103.0			2.0		16.0			415.0		1.0	1233.0	419.0	846.0	402.0		1.0	4.0	3.0		8.0		1.0	86.0	417.0		451.0						298.0		1.0				278.0		441.0	1.0	8.0	8.0	1.0								269.0				
NC_073238.2	2::NC_073238.2:20684524-20708695	24171	False	0.5335	1		612.0	908.0		8.0			86.0	4.0				28.0	17.0		476.0		1.0	1395.0	494.0	983.0	471.0				3.0		5.0			73.0	443.0		473.0						334.0						348.0		464.0	17.0	45.0	21.0									348.0				
NC_073238.2	1::NC_073238.2:20778840-20795208	16368	False	0.5291	1		389.0	625.0		13.0			86.0					9.0	2.0		328.0		2.0	956.0	317.0	659.0	316.0		1.0				6.0			64.0	314.0		340.0						235.0					1.0	210.0		339.0	4.0	9.0	9.0		1.0							221.0				
NC_073238.2	3::NC_073238.2:20817965-20829854	11889	False	0.5302	1		286.0	454.0		8.0			50.0	2.0		1.0		10.0	4.0		235.0		2.0	690.0	232.0	469.0	224.0		2.0		4.0		5.0			42.0	227.0		245.0						175.0					1.0	164.0		243.0	4.0	7.0	9.0									168.0				
NC_073238.2	2::NC_073238.2:20825029-20835532	10503	False	0.5299	1		250.0	402.0		11.0			48.0	1.0		1.0		12.0	2.0		210.0		4.0	610.0	208.0	431.0	204.0		1.0	1.0	1.0		1.0			48.0	203.0		219.0						146.0					3.0	134.0		210.0	3.0	2.0	3.0	1.0								131.0				
NC_073238.2	1::NC_073238.2:20825292-20836620	11328	False	0.5289	1		280.0	431.0		7.0			51.0	1.0				7.0	2.0		223.0		2.0	661.0	223.0	456.0	214.0		3.0	1.0	4.0		3.0			51.0	220.0		237.0						152.0					1.0	140.0		235.0	4.0	7.0	7.0	1.0								152.0				
NC_073238.2	3::NC_073238.2:20830520-20841380	10860	False	0.5272	1		256.0	415.0		8.0			49.0	2.0		1.0		10.0	3.0		209.0		7.0	629.0	217.0	445.0	204.0		1.0	2.0	1.0		5.0			43.0	203.0		238.0						149.0					2.0	154.0		214.0	6.0	2.0	10.0	1.0								134.0				
NC_073238.2	-3::NC_073238.2:21007351-21249865	242514	False	0.5198	1		5271.0	9285.0	9.0	145.0		3.0	958.0	18.0	8.0	15.0		22.0	163.0	166.0	4416.0		243.0	13991.0	4711.0	9834.0	4371.0	1.0	14.0	5.0	127.0		340.0			604.0	4402.0		5392.0		26.0	2.0	39.0		3414.0		2.0			9.0	3464.0	4.0	5196.0	202.0	13.0	386.0	14.0				46.0	1.0	39.0		3466.0	1.0			
NC_073238.2	2::NC_073238.2:21053152-21066613	13461	False	0.5262	0		297.0	527.0		6.0			47.0						15.0		251.0		7.0	777.0	275.0	547.0	242.0				1.0		7.0			30.0	252.0		266.0						198.0						225.0		257.0	17.0		23.0									220.0				
NC_073238.2	-1::NC_073238.2:21254475-21273954	19479	False	0.518	0		426.0	746.0		11.0			71.0			1.0		1.0	16.0	11.0	355.0		18.0	1128.0	374.0	794.0	352.0				21.0		20.0			44.0	356.0		437.0						275.0				8.0		267.0		453.0	10.0		19.0	6.0						6.0		267.0				
NC_073238.2	2::NC_073238.2:21257782-21268591	10809	False	0.52	0		233.0	421.0	1.0	13.0			36.0						8.0		202.0		7.0	623.0	211.0	444.0	199.0				6.0		6.0			23.0	202.0		252.0						147.0				4.0		160.0		230.0	5.0	1.0	10.0									154.0				5.0
NC_073238.2	-3::NC_073238.2:21269299-21285259	15960	False	0.5204	1		333.0	614.0		14.0			59.0			3.0		2.0	10.0	9.0	294.0		18.0	925.0	314.0	656.0	290.0			2.0	6.0		18.0			27.0	290.0		365.0						234.0				1.0		239.0		341.0	10.0		19.0	4.0				2.0		1.0		220.0				
NC_073238.2	-2::NC_073238.2:21272648-21292127	19479	False	0.5194	1		430.0	748.0		7.0			58.0			4.0		1.0	15.0	13.0	356.0		19.0	1126.0	378.0	806.0	350.0			1.0	16.0		22.0			44.0	359.0		429.0		1.0			1.0	269.0				2.0		275.0		438.0	11.0	1.0	22.0	4.0						3.0		284.0				
NC_073238.2	-1::NC_073238.2:21273957-21286296	12339	False	0.5216	1		259.0	476.0		11.0			44.0			2.0		1.0	2.0	7.0	231.0		15.0	719.0	231.0	486.0	214.0			3.0	11.0		16.0			32.0	228.0		279.0		1.0				193.0				1.0		172.0		279.0	4.0	1.0	12.0	3.0								180.0				
NC_073238.2	-1::NC_073238.2:21286299-21304401	18102	False	0.5203	1		390.0	692.0		14.0			65.0			4.0		4.0	8.0	12.0	330.0		21.0	1052.0	351.0	735.0	333.0			1.0	11.0		20.0			41.0	328.0		406.0						268.0				3.0		262.0		401.0	8.0		16.0	5.0				1.0		3.0		249.0				
NC_073238.2	-2::NC_073238.2:21292130-21306845	14715	False	0.5225	1		317.0	569.0		10.0			55.0					4.0	7.0	5.0	275.0		12.0	854.0	285.0	591.0	279.0			1.0	9.0		11.0			36.0	266.0		316.0				2.0		227.0				1.0		199.0		325.0	7.0	1.0	11.0	6.0				2.0		2.0		220.0				
NC_073238.2	-2::NC_073238.2:21309413-21319631	10218	False	0.5168	0		210.0	398.0	3.0	5.0	1.0	1.0	44.0	2.0	2.0	1.0		2.0	6.0	5.0	179.0	1.0	18.0	593.0	199.0	416.0	185.0		3.0	2.0	4.0		6.0			22.0	178.0		245.0		1.0	1.0	1.0	2.0	139.0				2.0	1.0	148.0		230.0	1.0	2.0	6.0	1.0	1.0			1.0		2.0		135.0	1.0			
NC_073238.2	-1::NC_073238.2:21322719-21448506	125787	False	0.5209	1		2837.0	4927.0	2.0	79.0		1.0	555.0	23.0	5.0	4.0		34.0	55.0	12.0	2170.0	1.0	211.0	7285.0	2555.0	5192.0	2411.0	3.0	34.0	3.0	46.0		18.0		2.0	219.0	2086.0		2948.0		8.0	30.0	5.0	1.0	1678.0		15.0	1.0		3.0	1754.0	9.0	2920.0	10.0	1.0	18.0	2.0	3.0		1.0	5.0		1.0		1731.0	15.0			
NC_073238.2	1::NC_073238.2:21325206-21409380	84174	False	0.5216	1		1880.0	3300.0		68.0		1.0	369.0	22.0	2.0	2.0		25.0	47.0		1466.0		140.0	4866.0	1699.0	3478.0	1640.0	1.0	25.0	1.0	35.0		1.0			137.0	1403.0		1952.0			21.0	2.0	1.0	1134.0		11.0			2.0	1194.0	9.0	1934.0			1.0	1.0	3.0			2.0				1173.0	10.0			
NC_073238.2	-2::NC_073238.2:21325277-21432329	107052	False	0.5215	1		2449.0	4194.0	1.0	78.0			472.0	30.0		1.0		33.0	43.0	5.0	1871.0		147.0	6202.0	2161.0	4283.0	2030.0	2.0	27.0	2.0	49.0		12.0			207.0	1835.0		2533.0		7.0	28.0			1479.0		17.0	1.0		2.0	1515.0	9.0	2495.0	4.0		9.0	1.0	1.0					1.0		1439.0	9.0			
NC_073238.2	2::NC_073238.2:21325282-21399403	74121	False	0.5219	1		1708.0	2907.0		47.0		1.0	273.0	22.0	1.0	2.0		25.0	37.0		1249.0		109.0	4293.0	1513.0	3018.0	1426.0	1.0	19.0	2.0	44.0		2.0			152.0	1264.0		1689.0			25.0			1039.0		8.0			1.0	1018.0	8.0	1759.0	1.0		1.0					1.0				1032.0	9.0		1.0	
NC_073238.2	-3::NC_073238.2:21325285-21448498	123213	False	0.5212	1		2844.0	4817.0	2.0	70.0	1.0	2.0	477.0	27.0	2.0	5.0		33.0	52.0	11.0	2081.0		175.0	7148.0	2521.0	5037.0	2354.0	3.0	22.0	3.0	52.0		22.0			235.0	2116.0		2852.0		5.0	29.0	1.0	1.0	1696.0		16.0			2.0	1682.0	13.0	2923.0	7.0	4.0	17.0	1.0	2.0			1.0		2.0		1696.0	9.0			
NC_073238.2	3::NC_073238.2:21333230-21374105	40875	False	0.5222	1		928.0	1603.0		39.0			183.0	14.0				14.0	18.0		709.0		54.0	2363.0	827.0	1630.0	778.0		11.0		18.0		1.0			83.0	702.0		966.0			10.0			575.0		7.0			1.0	591.0	6.0	943.0				1.0								547.0	3.0			
NC_073238.2	3::NC_073238.2:21374108-21400331	26223	False	0.5221	0		593.0	1027.0	1.0	27.0			119.0	6.0				4.0	7.0		461.0		31.0	1524.0	530.0	1047.0	497.0		9.0	1.0	16.0					50.0	451.0		624.0			10.0			364.0		1.0				374.0	3.0	610.0												352.0	2.0			
NC_073238.2	3::NC_073238.2:21400487-21421394	20907	False	0.5214	1		494.0	819.0		7.0			78.0	8.0		1.0		7.0	13.0		365.0		29.0	1208.0	418.0	834.0	395.0		5.0	1.0	12.0					45.0	362.0		483.0			5.0			294.0		5.0				286.0		505.0	1.0		1.0		1.0							286.0	1.0			
NC_073238.2	2::NC_073238.2:21406471-21421924	15453	False	0.5216	1		345.0	607.0		15.0			66.0	5.0				5.0	7.0		259.0		20.0	894.0	322.0	638.0	298.0		1.0		4.0		1.0			27.0	269.0		358.0			2.0			212.0		1.0			1.0	218.0	4.0	357.0		1.0	1.0		1.0							212.0				
NC_073238.2	1::NC_073238.2:21409383-21420792	11409	False	0.5223	1		256.0	448.0		9.0			51.0	1.0				2.0	3.0		200.0		26.0	664.0	232.0	461.0	218.0		6.0	1.0	7.0					25.0	182.0		268.0			5.0			156.0						164.0		258.0												156.0	4.0			
NC_073238.2	-2::NC_073238.2:21432332-21454379	22047	False	0.5179	0	1.0	511.0	864.0	2.0	1.0			98.0	2.0	4.0	1.0		3.0	3.0	7.0	369.0	1.0	29.0	1281.0	458.0	906.0	399.0	3.0	2.0		4.0		12.0		2.0	41.0	367.0		539.0		7.0	1.0	2.0	1.0	282.0		3.0				288.0		535.0	8.0	2.0	15.0				1.0	3.0				290.0	1.0			
NC_073238.2	-3::NC_073238.2:21448501-21461527	13026	False	0.5128	0		297.0	513.0	2.0	2.0			51.0	2.0	4.0	1.0		3.0	3.0	6.0	219.0	1.0	21.0	756.0	257.0	548.0	223.0	2.0	3.0	1.0	4.0		10.0		2.0	20.0	213.0		346.0		5.0		4.0	1.0	152.0		1.0	1.0		1.0	161.0		336.0	5.0		11.0				1.0	4.0				148.0	1.0			
NC_073238.2	-1::NC_073238.2:21454374-21468369	13995	False	0.5111	0		324.0	551.0	2.0	1.0		1.0	50.0	2.0	4.0	1.0		2.0	3.0	6.0	227.0	1.0	15.0	814.0	278.0	597.0	242.0	1.0	8.0	2.0	3.0		10.0		2.0	23.0	240.0		381.0		4.0		4.0	1.0	162.0	1.0	1.0	1.0		1.0	155.0		372.0	7.0	1.0	13.0				1.0	3.0				146.0	1.0			
NC_073238.2	-2::NC_073238.2:21461522-21474863	13341	False	0.5115	0	2.0	306.0	520.0	4.0	1.0	1.0	2.0	48.0	3.0	3.0	1.0		2.0	3.0	6.0	218.0		15.0	776.0	262.0	578.0	234.0		9.0	1.0	3.0		11.0		2.0	22.0	228.0		352.0		2.0		4.0	2.0	152.0		3.0	1.0		1.0	143.0		357.0	4.0	1.0	10.0	1.0				3.0				149.0	1.0			
NC_073238.2	-1::NC_073238.2:21468372-21496734	28362	False	0.5141	1	1.0	681.0	1103.0	2.0	9.0			136.0	3.0	2.0	3.0		4.0	2.0	12.0	494.0		38.0	1653.0	577.0	1185.0	503.0	2.0	3.0	2.0	3.0		20.0		1.0	50.0	462.0		752.0		6.0	3.0	8.0	3.0	314.0		1.0		1.0		342.0	1.0	721.0	16.0		22.0	2.0				2.0				307.0	2.0			
NC_073238.2	-2::NC_073238.2:21474866-21502550	27684	False	0.5143	1		658.0	1081.0		1.0			125.0	3.0	2.0	3.0		3.0	2.0	11.0	446.0	1.0	36.0	1621.0	563.0	1160.0	495.0		9.0	5.0	2.0		25.0		2.0	51.0	470.0		705.0		6.0	4.0	2.0		336.0		1.0	1.0	1.0	1.0	315.0		710.0	12.0	4.0	29.0	5.0	1.0		1.0	1.0		1.0		316.0	1.0			
NC_073238.2	-3::NC_073238.2:21474874-21501562	26688	False	0.5151	1	3.0	631.0	1026.0		3.0			124.0	6.0		2.0		4.0	1.0	18.0	442.0		51.0	1554.0	545.0	1155.0	489.0		1.0	2.0	1.0		29.0			51.0	426.0		682.0		4.0	4.0			305.0				1.0		308.0	1.0	671.0	8.0		19.0	3.0				2.0		1.0		323.0				
NC_073238.2	-1::NC_073238.2:37643010-37654569	11559	False	0.3762	1	33.0	26.0	55.0	97.0	31.0	44.0	52.0	79.0	73.0	90.0	71.0	26.0	9.0	36.0	46.0	33.0	20.0	75.0	31.0	37.0	88.0	139.0	6.0	87.0	27.0	53.0	69.0	51.0	55.0	35.0	130.0	70.0	73.0	66.0	93.0	74.0	6.0	84.0	52.0	4.0	7.0	12.0	31.0	215.0	21.0	100.0	19.0	125.0	70.0	66.0	79.0	137.0	42.0	185.0	79.0	35.0	68.0	99.0	69.0	12.0	156.0			
NC_073238.2	-1::NC_073238.2:117449469-117470463	20994	False	0.3816	2	75.0	60.0	73.0	98.0	35.0	36.0	71.0	123.0	155.0	170.0	256.0	48.0	7.0	30.0	92.0	65.0	59.0	164.0	56.0	57.0	176.0	127.0	8.0	167.0	43.0	92.0	115.0	71.0	75.0	89.0	119.0	141.0	160.0	137.0	274.0	253.0	15.0	218.0	106.0	15.0	10.0	10.0	83.0	508.0	43.0	101.0	16.0	172.0	153.0	57.0	91.0	195.0	111.0	419.0	164.0	41.0	105.0	144.0	204.0	18.0	222.0			
NC_073239.2	3::NC_073239.2:121851275-121863776	12501	False	0.5473	1	7.0		2.0	9.0		551.0	5.0		97.0	12.0	6.0	5.0	1.0	7.0		4.0	155.0					2.0	6.0	94.0		7.0	407.0		399.0	318.0	1.0	3.0	291.0	38.0	20.0		33.0	132.0	29.0		40.0	1.0	148.0	28.0	2.0	9.0	3.0	1.0	69.0	2.0	1.0	39.0	2.0	40.0	202.0	5.0	149.0		267.0	3.0	286.0	138.0	78.0	13.0
NC_073239.2	1::NC_073239.2:121851312-121863879	12567	False	0.5471	1	9.0	1.0		10.0		545.0	4.0		110.0	15.0	5.0	3.0	1.0	8.0		4.0	153.0				1.0	2.0	6.0	93.0		8.0	398.0	1.0	385.0	325.0	2.0	2.0	299.0	34.0	16.0		40.0	127.0	25.0		39.0	1.0	148.0	25.0	1.0	9.0	1.0	1.0	69.0	5.0	1.0	38.0	4.0	47.0	197.0	6.0	156.0		281.0	4.0	292.0	150.0	71.0	11.0
NC_073239.2	2::NC_073239.2:121851316-121863820	12504	False	0.5477	1	7.0			12.0		536.0	4.0		100.0	12.0	3.0	10.0	1.0	8.0		4.0	156.0	1.0					6.0	98.0		4.0	417.0		390.0	313.0		5.0	300.0	38.0	16.0		38.0	119.0	24.0		34.0	1.0	152.0	25.0	1.0	10.0	2.0	1.0	63.0	3.0		42.0	1.0	42.0	199.0	3.0	159.0		260.0	3.0	288.0	158.0	88.0	11.0
NC_073239.2	-2::NC_073239.2:121936319-121953572	17253	False	0.589	2	132.0	308.0	105.0	29.0	238.0	15.0	9.0	96.0	57.0	69.0	37.0	181.0	11.0	7.0	14.0	56.0	137.0	114.0	151.0	159.0	110.0	38.0	45.0	210.0	44.0	265.0	86.0	48.0	384.0	53.0	41.0	74.0	193.0	16.0	400.0	41.0	20.0	72.0	18.0	62.0	21.0	50.0	44.0	209.0	97.0	40.0	6.0	44.0	31.0	89.0	1.0	12.0	13.0	115.0	40.0	7.0	318.0	17.0	294.0	2.0	156.0			
