clade	species	length	orf_valid	gc_content	gc_stretch_count	codon_AAC	codon_TTT	codon_CAC	codon_TTC	codon_GTT	codon_TAT	codon_TCA	codon_GAG	codon_AAA	codon_CGG	codon_CAT	codon_ATG	codon_GCT	codon_AGA	codon_AGT	codon_TCC	codon_GCA	codon_ATA	codon_TTG	codon_CTG	codon_ATC	codon_TCG	codon_AAT	codon_CCT	codon_GGG	codon_TCT	codon_GTA	codon_TGC	codon_ACC	codon_CTT	codon_GCC	codon_CAG	codon_CTC	codon_CGT	codon_ACT	codon_TAC	codon_ATT	codon_GGT	codon_CCA	codon_GCG	codon_ACA	codon_GTG	codon_GAA	codon_AGC	codon_CGC	codon_GAT	codon_AAG	codon_AGG	codon_TGG	codon_GAC	codon_CTA	codon_GTC	codon_TGT	codon_ACG	codon_CAA	codon_CCC	codon_CCG	codon_TTA	codon_GGC	codon_CGA	codon_GGA
NC_073273.2	-1::NC_073273.2:46147024-46156333(-)	9309	False	0.4818	0	2.0	71.0	87.0	102.0	33.0	1.0	206.0	2.0	1.0	16.0	121.0	22.0	1.0	1.0	204.0	141.0	208.0	153.0	23.0	389.0	104.0	183.0	205.0	205.0	204.0	31.0	203.0	35.0	87.0	35.0	14.0	4.0	1.0	2.0	3.0	1.0	1.0	1.0																							
NC_073273.2	3::NC_073273.2:46147025-46156310(+)	9285	False	0.4822	0	170.0	2.0		204.0	1.0		1.0	186.0	2.0	1.0	35.0	172.0		32.0	137.0		123.0	105.0	1.0		2.0		1.0			1.0	2.0	209.0		204.0				16.0		1.0	1.0	205.0	205.0	100.0	235.0	87.0	205.0	255.0	1.0	169.0	20.0	1.0	1.0	1.0	1.0										
NC_073273.2	-3::NC_073273.2:46147097-46156280(-)	9183	False	0.4823	0			86.0	203.0	169.0	104.0			2.0		172.0	34.0	254.0				207.0				169.0		1.0	1.0		31.0		121.0	204.0	20.0			185.0		137.0		1.0		1.0				202.0		99.0	1.0	204.0		203.0			1.0	233.0	15.0	1.0						
NC_073273.2	-1::NC_073273.2:46944949-46953997(-)	9048	False	0.4992	1	262.0				1.0		1.0					1.0						2.0			1.0			259.0		1.0	1.0		1239.0							1.0					1.0		1.0								1239.0		2.0			2.0	1.0	1.0			
NC_073273.2	3::NC_073273.2:46944998-46953998(+)	9000	False	0.5	1		1.0			1239.0														1.0						260.0													1.0										1239.0										259.0			
NC_073249.2	-3::NC_073249.2:0-8107(-)	8107	False	0.5009	0		4.0			152.0																				1197.0		9.0																					154.0										1186.0			
NC_073249.2	3::NC_073249.2:2-8108(+)	8106	False	0.5009	0	1190.0																							1195.0					161.0										2.0												154.0										
NC_073249.2	3::NC_073249.2:227246636-227262338(+)	15702	False	0.626	1	14.0	6.0	692.0	12.0	1.0	6.0	9.0	4.0	20.0	2.0	310.0	3.0	7.0	3.0	3.0	789.0	9.0	14.0	1.0	8.0	284.0	4.0	4.0	501.0	1.0	8.0	1.0	9.0	391.0	9.0	7.0	5.0	481.0	2.0	10.0	12.0	4.0	1.0	673.0		333.0	4.0		1.0	12.0	2.0	2.0	3.0	2.0	7.0	10.0	4.0	3.0	5.0	24.0	487.0	11.0		4.0		
NC_073249.2	1::NC_073249.2:227246718-227262249(+)	15531	False	0.6284	1	17.0		711.0	10.0	1.0	15.0	4.0		21.0	2.0	283.0	1.0	7.0	2.0	1.0	761.0	8.0	18.0	2.0	10.0	298.0	2.0	3.0	509.0	1.0	9.0		5.0	387.0	9.0	9.0	6.0	497.0	2.0	7.0	7.0	1.0	4.0	670.0	1.0	323.0	1.0		3.0	14.0			2.0	4.0	2.0	5.0	3.0		5.0	20.0	485.0	5.0		3.0	1.0	
NC_073249.2	2::NC_073249.2:227247043-227262286(+)	15243	False	0.6274	1	21.0		698.0	7.0		17.0	4.0		12.0		277.0	1.0	3.0	3.0	1.0	785.0	4.0	7.0		6.0	287.0	1.0	5.0	478.0		10.0		7.0	373.0	6.0	6.0	2.0	499.0	1.0	3.0	4.0	6.0		659.0		353.0		1.0	1.0	5.0					3.0	9.0	1.0	2.0	3.0	17.0	487.0	4.0			2.0	
NC_073249.2	1::NC_073249.2:227694354-227703972(+)	9618	False	0.4988	0		7.0		1.0	2.0		1.0	1.0			1.0		2.0	1.0	1.0				5.0	3.0			3.0	2.0	1577.0	4.0		1.0		1.0		1.0	1.0		2.0			3.0				1.0						4.0	1.0	1.0		1.0				1.0		1577.0			
NC_073249.2	-2::NC_073249.2:227694449-227703971(-)	9522	False	0.5004	0	1577.0		2.0											1.0		1.0	1.0		1.0	1.0				1577.0					2.0									1.0	1.0		1.0	1.0		2.0						2.0	3.0										
NC_073249.2	-3::NC_073249.2:227694502-227704597(-)	10095	False	0.5001	0	35.0																							34.0					1646.0																						1647.0				1.0	2.0					
NC_073249.2	3::NC_073249.2:227694503-227704598(+)	10095	False	0.5	0		1.0			1646.0																				34.0													2.0										1647.0	1.0									34.0			
NC_073259.2	-2::NC_073259.2:138824039-138831683(-)	7644	False	0.4626	1		1.0	9.0	3.0		20.0	55.0		2.0		27.0	121.0		1.0		395.0	2.0	344.0		1.0	25.0	1.0	2.0	9.0		288.0	1.0	1.0	12.0		2.0	2.0	61.0	2.0	109.0	6.0	6.0		81.0		486.0	2.0		3.0	1.0		1.0		1.0		6.0	5.0	8.0	113.0	3.0	328.0	1.0	1.0			
NC_073259.2	-1::NC_073259.2:138824259-138831759(-)	7500	False	0.4669	1	3.0	2.0	266.0	2.0		69.0	8.0		1.0		401.0	3.0	1.0		1.0	8.0		6.0	1.0	3.0	561.0	1.0	2.0	6.0	1.0	7.0	1.0	2.0	335.0	1.0	6.0	4.0	55.0	2.0	58.0	337.0	2.0		9.0		11.0		2.0	1.0		2.0			1.0	112.0	5.0	122.0	4.0	1.0	2.0	71.0		1.0			
NC_073259.2	3::NC_073259.2:139659914-139669955(+)	10041	False	0.5487	0		5.0	102.0	2.0	2.0	9.0		4.0			1.0	3.0	57.0		1.0	3.0	91.0	1.0	1.0	584.0	2.0			91.0		567.0	54.0	224.0	1.0	1.0	78.0	1.0	257.0	2.0	137.0	52.0	1.0		3.0	44.0	4.0	120.0	2.0	3.0	34.0						6.0	312.0	478.0	1.0	1.0	3.0	2.0				
NC_073259.2	1::NC_073259.2:140308506-140316360(+)	7854	False	0.5554	1	75.0	1.0	577.0	2.0	2.0	25.0	10.0	3.0	10.0	1.0	88.0	7.0	3.0	11.0	1.0	17.0	32.0	80.0	1.0	17.0	6.0	1.0	2.0	23.0	2.0	4.0	26.0	8.0	224.0	1.0	5.0	14.0	11.0	2.0	35.0	87.0	3.0		207.0	1.0	492.0	5.0	5.0	2.0	23.0	1.0	5.0	3.0		13.0	16.0	2.0	21.0	6.0	77.0	294.0	17.0	2.0	2.0	4.0	3.0
NC_073259.2	2::NC_073259.2:141803005-141810886(+)	7881	False	0.5006	0			1.0		612.0		1.0					2.0		1.0	1.0		1.0								692.0								1.0					2.0	1.0									612.0	1.0	1.0	2.0	1.0	2.0					691.0	2.0		
NC_073259.2	-1::NC_073259.2:141803025-141810885(-)	7860	False	0.5006	0	691.0		1.0					1.0						1.0	1.0		1.0							694.0	1.0				612.0			1.0	1.0				1.0		1.0												612.0					1.0					
NC_073256.2	-1::NC_073256.2:47-11114(-)	11067	False	0.5062	0		2.0		14.0	1330.0					48.0				1.0				1.0	8.0			1.0			511.0											1.0		1.0	1.0	2.0								1279.0					1.0					488.0			
NC_073256.2	1::NC_073256.2:48-11163(+)	11115	False	0.5057	0	512.0					1.0			1.0		1.0	1.0					1.0	2.0		1.0	2.0		1.0	487.0		2.0	1.0		1330.0							1.0			6.0	3.0			1.0		1.0	1.0					1279.0		1.0		1.0	8.0	12.0			47.0	1.0
NC_073256.2	-2::NC_073256.2:160452769-160474345(-)	21576	False	0.7128	1	1.0	3.0	752.0		1.0		374.0	4.0	1.0	313.0	1.0	2.0	1.0	6.0	1.0	646.0	62.0			40.0	3.0		1.0	588.0	252.0	2.0		55.0	41.0	4.0	70.0	12.0	955.0		341.0	4.0	2.0		8.0	30.0	360.0		2.0	5.0	34.0			2.0		273.0	1.0			285.0	1.0	1339.0	9.0	2.0	71.0	25.0	207.0
NC_073256.2	-1::NC_073256.2:160452803-160474382(-)	21579	False	0.7131	1	2.0	4.0	732.0				296.0	7.0		326.0	3.0			7.0	1.0	577.0	75.0			56.0			3.0	726.0	205.0	4.0	1.0	59.0	34.0		45.0	8.0	1022.0		271.0	3.0			14.0	21.0	382.0			2.0	39.0				2.0	289.0	3.0		1.0	344.0	2.0	1289.0	7.0		60.0	23.0	248.0
NC_073256.2	-3::NC_073256.2:160452855-160461573(-)	8718	False	0.715	1			319.0				154.0	4.0		112.0				2.0		250.0	32.0			24.0				282.0	100.0	1.0	1.0	16.0	19.0		30.0	1.0	349.0		137.0			1.0	4.0	10.0	123.0			2.0	9.0			1.0		98.0				140.0		547.0	4.0		27.0	11.0	96.0
NC_073256.2	-3::NC_073256.2:160461576-160474362(-)	12786	False	0.7131	1	1.0		479.0	3.0			205.0	3.0	1.0	155.0			1.0	2.0		346.0	44.0			35.0	1.0			468.0	137.0	2.0		23.0	26.0		36.0	1.0	522.0		188.0	1.0			7.0	12.0	175.0		1.0	5.0	18.0			3.0		131.0	1.0	1.0		221.0	2.0	780.0	1.0	1.0	41.0	18.0	164.0
NC_073256.2	3::NC_073256.2:162461573-162469805(+)	8232	False	0.6348	0		3.0		2.0	52.0	26.0		2.0		5.0		6.0	165.0		1.0	116.0	3.0		55.0	430.0	21.0	1.0		231.0	146.0	17.0	34.0	128.0	21.0	7.0	120.0	2.0	5.0	8.0	12.0	31.0		14.0	1.0	4.0		210.0		3.0	3.0			1.0	157.0	1.0	14.0	124.0	393.0	3.0		20.0	9.0		134.0		3.0
NC_073256.2	-2::NC_073256.2:162784594-162793672(-)	9078	False	0.5003	0	260.0																							261.0					1251.0						1.0				1.0											1.0	1250.0					1.0					
NC_073256.2	3::NC_073256.2:162784595-162793673(+)	9078	False	0.5002	0					1251.0		1.0																		262.0		1.0											1.0										1250.0										260.0			
NC_073254.2	3::NC_073254.2:15616277-15624254(+)	7977	False	0.7433	2		2.0	73.0	3.0	1.0		5.0	1.0	1.0		3.0	2.0	143.0	67.0	1.0	75.0	139.0		10.0	77.0	2.0	128.0		143.0	3.0	5.0	1.0	82.0	138.0	14.0	138.0	72.0	204.0	1.0	7.0	1.0		1.0	70.0	3.0	2.0	2.0	1.0	71.0	264.0		72.0	5.0	3.0	71.0	2.0	1.0		1.0	67.0	340.0	135.0	1.0	2.0		3.0
NC_073254.2	2::NC_073254.2:15616363-15624085(+)	7722	False	0.7479	1		1.0	72.0	1.0			2.0	1.0	2.0	1.0	1.0		140.0	68.0		71.0	139.0		8.0	74.0		131.0		138.0		1.0		79.0	136.0	10.0	133.0	70.0	202.0	1.0	4.0				68.0		1.0			70.0	263.0	1.0	67.0	2.0		72.0		2.0	1.0	1.0	69.0	335.0	132.0		3.0		1.0
NC_073254.2	-1::NC_073254.2:15616468-15624061(-)	7593	False	0.7503	0								198.0	1.0	132.0			69.0		4.0	1.0	78.0		68.0	68.0				1.0	333.0	67.0		138.0		67.0		73.0		1.0				135.0		263.0		70.0		137.0			9.0	136.0	68.0	1.0		69.0	1.0	1.0	8.0				133.0	130.0	71.0
NC_073254.2	1::NC_073254.2:15616476-15624231(+)	7755	False	0.7478	1		1.0	77.0	2.0		1.0	3.0	1.0					142.0	68.0	1.0	69.0	137.0		8.0	75.0	1.0	132.0		141.0				79.0	137.0	9.0	134.0	70.0	205.0	1.0	4.0				71.0	1.0				69.0	260.0		67.0	2.0	1.0	68.0	1.0	2.0	4.0	1.0	67.0	338.0	131.0		4.0		
NC_073254.2	-1::NC_073254.2:177881587-177889573(-)	7986	False	0.6675	1	6.0		241.0	17.0	3.0	1.0	16.0	4.0	5.0	2.0	7.0	1.0	10.0	6.0	3.0	459.0	10.0		1.0	13.0	4.0	5.0	2.0	381.0	2.0	16.0		7.0	154.0	15.0	15.0	10.0	431.0	4.0	126.0	17.0	2.0	3.0	271.0	3.0	8.0	7.0	3.0	6.0	15.0	5.0	6.0	7.0	7.0	8.0	19.0	3.0	4.0	2.0	3.0	270.0	7.0	2.0	3.0	2.0	2.0
NC_073254.2	-2::NC_073254.2:177881889-177889524(-)	7635	False	0.6723	1	2.0	1.0	273.0	12.0	2.0	2.0	8.0	1.0		1.0	2.0	4.0	1.0	1.0	1.0	423.0	5.0		2.0	8.0	5.0	2.0	2.0	354.0	6.0	11.0		8.0	140.0	18.0	13.0	8.0	480.0	3.0	124.0	17.0	3.0		263.0		6.0	3.0	1.0	7.0	5.0		2.0	3.0	2.0	3.0	14.0	2.0	2.0	1.0	6.0	261.0	11.0	1.0	4.0	1.0	4.0
NC_073254.2	2::NC_073254.2:188264023-188289880(+)	25857	False	0.6916	1	1.0	1.0	467.0	3.0			73.0	3.0	1.0	155.0	117.0	6.0	114.0	3.0	3.0	345.0	349.0	1.0	2.0	343.0	118.0	41.0	4.0	352.0	742.0	3.0	3.0	239.0		5.0	115.0	538.0	118.0	118.0	115.0	114.0		235.0	120.0	229.0	573.0	121.0	9.0		223.0		3.0	537.0	232.0	340.0	118.0	232.0	1.0	227.0	1.0	114.0			351.0		341.0
NC_073254.2	3::NC_073254.2:188264078-188289713(+)	25635	False	0.693	0			460.0	1.0			77.0			156.0	114.0	4.0	115.0			348.0	347.0		2.0	342.0	115.0	39.0	6.0	343.0	735.0	1.0		237.0		1.0	116.0	537.0	118.0	115.0	111.0	116.0		238.0	113.0	231.0	578.0	119.0	4.0		226.0		1.0	537.0	230.0	333.0	116.0	232.0		228.0		116.0	1.0		346.0		340.0
NC_073254.2	1::NC_073254.2:188264100-188289723(+)	25623	False	0.6929	0			458.0				77.0			156.0	119.0	6.0	116.0	1.0		347.0	345.0			338.0	114.0	41.0	4.0	347.0	727.0	1.0		230.0		2.0	117.0	536.0	116.0	115.0	110.0	116.0		237.0	115.0	231.0	578.0	124.0	3.0	1.0	228.0			537.0	236.0	337.0	114.0	228.0		222.0	1.0	117.0			347.0		346.0
NC_073254.2	2::NC_073254.2:188832130-188842537(+)	10407	False	0.6059	0		2.0	207.0	198.0	1.0		1.0	130.0			184.0		1.0	193.0		579.0				192.0	7.0	122.0	1.0	194.0	184.0	212.0		2.0	1.0	194.0		4.0	1.0	2.0	3.0	2.0						2.0		190.0	1.0			160.0	63.0		8.0			36.0	2.0	5.0	189.0				196.0
NC_085926.1	3::NC_085926.1:195330128-195348608(+)	18480	False	0.5798	1	5.0		2.0	1.0	2.0	3.0	1.0	149.0	5.0	5.0		3.0		857.0	50.0		3.0	1.0		4.0	1.0		13.0	6.0	1296.0	870.0	2.0	3.0	1.0	1.0		4.0	2.0		561.0	2.0	243.0	1.0	862.0	1.0	12.0	4.0	6.0	3.0			3.0	391.0	3.0	716.0		1.0	4.0		5.0	3.0	1.0		4.0	1.0	43.0
NC_085926.1	-2::NC_085926.1:195330260-195348617(-)	18357	False	0.5794	0	2.0	4.0	3.0	6.0	4.0	1.0	1.0	1.0	1.0		3.0		1.0	869.0	561.0	42.0		3.0	5.0	2.0		1.0	243.0	390.0	1.0	855.0	2.0	1.0		2.0	2.0	1.0	148.0		50.0	2.0	13.0	1.0	3.0		1.0		1.0		1.0	1.0		4.0	860.0			716.0	11.0			1296.0	4.0				
NC_085926.1	-1::NC_085926.1:195330324-195344922(-)	14598	False	0.5882	0	37.0	2.0		30.0			2.0		166.0				1.0		1.0	1355.0	1.0			685.0			13.0	17.0		74.0		1.0		3.0	3.0	696.0		442.0								12.0	1.0				478.0	1.0				684.0	159.0					1.0			1.0
NC_085926.1	-3::NC_085926.1:195330346-195348511(-)	18165	False	0.5811	0				15.0	37.0		863.0					1.0	1.0							253.0	240.0			851.0		1.0			1.0	6.0		1.0	1027.0	5.0	3.0		2.0	858.0	3.0				864.0	1.0				1.0				532.0	3.0			20.0	462.0	1.0	3.0		
NC_085926.1	1::NC_085926.1:195330360-195348504(+)	18144	False	0.5813	0		241.0	14.0		49.0			2.0	2.0					131.0		1.0	1.0			866.0					1.0			1.0		561.0		851.0			1.0	1.0	13.0				253.0		41.0	1.0			1.0	19.0		851.0	1.0			461.0	1.0				2.0	1.0	1680.0
NC_085926.1	-1::NC_085926.1:196420338-196428939(-)	8601	False	0.5002	1	1036.0																							1036.0					397.0																						397.0					1.0					
NC_085926.1	2::NC_085926.1:196420339-196428940(+)	8601	False	0.5001	0					397.0																				1036.0													1.0										397.0										1036.0			
NC_073263.2	2::NC_073263.2:116117362-116126362(+)	9000	False	0.501	0	6.0	3.0	2.0	1.0	1339.0		3.0	4.0	12.0	1.0	1.0	1.0	1.0	6.0		1.0	3.0	5.0	1.0	2.0	2.0		5.0	2.0	49.0		2.0	2.0	3.0		3.0	1.0	2.0			6.0	1.0	1.0	2.0		5.0	7.0	4.0			1.0	5.0	1386.0	8.0	4.0	6.0	41.0			4.0	2.0		51.0	1.0		2.0
NC_073263.2	-1::NC_073263.2:116117523-116126361(-)	8838	False	0.5025	0	51.0	9.0	2.0	1.0	2.0		3.0				3.0	2.0	1.0	2.0	1.0	2.0	1.0	1.0	6.0	42.0	1.0		1.0	51.0		4.0		1.0	1387.0	1.0		2.0	8.0				1.0	3.0			1.0	1.0	1.0	1.0			3.0	3.0	2.0	1.0	1337.0		1.0			1.0		4.0		1.0	
NC_073263.2	-3::NC_073263.2:116117719-116125738(-)	8019	False	0.5059	0	1284.0		7.0	2.0	1.0														1.0					1333.0							1.0						1.0													41.0					1.0		1.0				
NC_073263.2	3::NC_073263.2:116117876-116125739(+)	7863	False	0.5036	0							28.0																		1310.0													1.0																				1282.0			
NC_073264.2	-2::NC_073264.2:106655985-106665978(-)	9993	False	0.6735	1	16.0		659.0	101.0	1.0		88.0	1.0		2.0	5.0	2.0	116.0		3.0	195.0	2.0	1.0		5.0		2.0		149.0	1.0	1.0		25.0	179.0	107.0	64.0	8.0	160.0	2.0	5.0	2.0	2.0	2.0	104.0	5.0	476.0		2.0	4.0	171.0	1.0			1.0	2.0		1.0	1.0	1.0	1.0	460.0	183.0	2.0	4.0	6.0	
NC_073264.2	-1::NC_073264.2:106656475-106665931(-)	9456	False	0.675	1		1.0	636.0	107.0			65.0			3.0			105.0	1.0		178.0	2.0	1.0	1.0	18.0	1.0	4.0		139.0				5.0	162.0	93.0	69.0	4.0	164.0		6.0		3.0		109.0	15.0	470.0			4.0	167.0	1.0				2.0				2.0	16.0	440.0	155.0		1.0	1.0	1.0
NC_073255.2	-3::NC_073255.2:5417086-5429629(-)	12543	False	0.6468	1	2.0	2.0	212.0	5.0	1.0	3.0	199.0	2.0	5.0		153.0	2.0		190.0	2.0	484.0	3.0	2.0	2.0	8.0	335.0	1.0	2.0	296.0	4.0	5.0	1.0	6.0	6.0	1.0	5.0	188.0	292.0	44.0	4.0		6.0	1.0	150.0		200.0		1.0	3.0	3.0	189.0	4.0	4.0	1.0	3.0		53.0	3.0	3.0	4.0	1031.0	48.0		3.0		4.0
NC_073255.2	-1::NC_073255.2:5417109-5429478(-)	12369	False	0.6483	1		1.0	208.0	7.0		1.0	195.0	4.0	2.0	1.0	153.0	2.0	2.0	188.0		485.0	2.0	1.0		7.0	337.0		1.0	291.0	2.0	2.0		1.0	2.0	3.0	4.0	184.0	294.0	48.0	3.0	2.0	2.0	1.0	148.0		205.0	1.0	1.0	2.0	2.0	185.0	3.0	1.0				49.0	7.0	2.0	4.0	1027.0	50.0				
NC_073255.2	-2::NC_073255.2:5417162-5429870(-)	12708	False	0.6469	2	2.0	1.0	208.0	6.0	1.0	1.0	197.0	4.0	3.0	1.0	156.0	2.0	3.0	191.0		488.0	4.0	2.0	4.0	11.0	336.0	1.0	1.0	294.0	5.0	6.0	1.0	4.0	2.0	6.0	5.0	193.0	293.0	49.0	4.0	1.0	2.0	2.0	153.0	2.0	206.0	2.0	4.0	6.0	1.0	186.0	6.0	5.0	6.0	3.0	1.0	55.0	7.0	2.0	9.0	1037.0	46.0		4.0	2.0	3.0
NC_073255.2	1::NC_073255.2:118971987-118996437(+)	24450	False	0.558	1	10.0	47.0	320.0	184.0	84.0	5.0	500.0	112.0	39.0	14.0	8.0	23.0	27.0	29.0	242.0	292.0	192.0	36.0	17.0	67.0	38.0	57.0	3.0	338.0	15.0	225.0	8.0		596.0	63.0	223.0	67.0	174.0	51.0	279.0	67.0	6.0	81.0	281.0	21.0	916.0	30.0	350.0	649.0	83.0	33.0	9.0	2.0	18.0	120.0	28.0	90.0	2.0	141.0	72.0	157.0	37.0	72.0	397.0	15.0	88.0
NC_073255.2	3::NC_073255.2:196298633-196309001(+)	10368	False	0.4984	0	2.0	6.0		3.0	1251.0	1.0	1.0	1.0	1.0		1.0	2.0	1.0	1.0	1.0	2.0		1.0	1.0	3.0			1.0		448.0	5.0		2.0		6.0		1.0	3.0		1.0				1.0		1.0	2.0						1252.0	2.0		2.0		2.0			1.0		447.0			
NC_073255.2	1::NC_073255.2:196298760-196306320(+)	7560	False	0.5005	0			1.0				1.0					2.0		1.0	1.0		1.0			1.0					1250.0								1.0					2.0	1.0										1.0	1.0	1.0	1.0	2.0					1250.0	2.0		
NC_073255.2	-3::NC_073255.2:196298770-196309006(-)	10236	False	0.5005	0	447.0		2.0											1.0		1.0	1.0		1.0	1.0				447.0					1250.0							1.0		1.0	1.0		1.0	1.0		2.0						2.0	1251.0					1.0					
NC_073255.2	-2::NC_073255.2:196298780-196306319(-)	7539	False	0.5006	0	1250.0		1.0					1.0						1.0	1.0		1.0							1252.0	1.0							1.0	1.0				1.0		1.0																	1.0					
NC_073262.2	1::NC_073262.2:142855317-142863216(+)	7899	False	0.7165	0	9.0	13.0		79.0	9.0		3.0	97.0		169.0		2.0	64.0	4.0	76.0	181.0	5.0			125.0		39.0		176.0	152.0	34.0		25.0		77.0	63.0	8.0	57.0	2.0				63.0		69.0		64.0	23.0		66.0			66.0	98.0	36.0	9.0	90.0	66.0	64.0		108.0	49.0		135.0		158.0
NC_073262.2	3::NC_073262.2:144858944-144867179(+)	8235	False	0.5027	1	1.0				1324.0		6.0			1.0		1.0													27.0					1.0		3.0				1.0		6.0				9.0						1337.0				4.0	1.0				1.0	22.0			
NC_073262.2	-3::NC_073262.2:144859018-144867178(-)	8160	False	0.5017	1	21.0			1.0																3.0	1.0			23.0					1333.0				8.0		1.0															3.0	1324.0					1.0	1.0				
NC_073262.2	-2::NC_073262.2:144859037-144867050(-)	8013	False	0.5013	0	1324.0		7.0		1.0						1.0													1335.0																										2.0						1.0					
NC_073262.2	1::NC_073262.2:144859110-144867051(+)	7941	False	0.5001	0																									1323.0													1.0																				1323.0			
NC_073257.2	1::NC_073257.2:144334761-144356142(+)	21381	False	0.5526	1		4.0	880.0	6.0	5.0	4.0	11.0	1.0	1.0		103.0	12.0	82.0	6.0	6.0	331.0	28.0	3.0		1.0	182.0	2.0		69.0	1.0	234.0	6.0	13.0	545.0	533.0	76.0	7.0	197.0	37.0	262.0	449.0		2.0	366.0		1126.0			4.0	178.0	1.0			1.0	5.0	112.0	3.0		267.0		708.0	58.0	191.0	1.0	7.0	
NC_073257.2	2::NC_073257.2:144335674-144356113(+)	20439	False	0.5472	1	1.0		1124.0	1.0	6.0	3.0	42.0			1.0	318.0	10.0	50.0	2.0	1.0	205.0	22.0	4.0	2.0	2.0	80.0			243.0		140.0	4.0	12.0	305.0	321.0	76.0	10.0	109.0	7.0	125.0	254.0	3.0	1.0	877.0		699.0			4.0	288.0				1.0	13.0	215.0	20.0		153.0	1.0	483.0	28.0	538.0		8.0	1.0
NC_073257.2	3::NC_073257.2:144339164-144356156(+)	16992	False	0.5423	1	1.0	3.0	1250.0	1.0			23.0			1.0	179.0	8.0	126.0	1.0	5.0	70.0	8.0	3.0		1.0	258.0			147.0		55.0	1.0	11.0	402.0	110.0	114.0	13.0	227.0	8.0	360.0	651.0	4.0		501.0		234.0	2.0		5.0	152.0				1.0	9.0	111.0	3.0	2.0	61.0		215.0	23.0	299.0		4.0	1.0
NC_073257.2	-3::NC_073257.2:144829198-144851365(-)	22167	False	0.5388	1	4.0	4.0	1989.0	3.0	1.0	1.0	349.0	4.0	1.0		284.0	3.0	34.0	4.0	37.0	2.0	679.0	3.0		4.0	248.0			4.0		3.0		56.0	33.0	1.0	2.0	717.0	90.0	1.0	51.0	2.0		1.0	3.0	19.0	1921.0	39.0	1.0	695.0	50.0			1.0	4.0	2.0		3.0	1.0		3.0	5.0	21.0		3.0		3.0
NC_073257.2	-2::NC_073257.2:144829265-144851387(-)	22122	False	0.5389	1	4.0		2001.0	1.0	1.0		369.0	4.0	1.0	1.0	252.0	2.0	31.0	7.0	37.0	1.0	693.0	1.0		3.0	255.0		1.0	4.0	2.0	2.0	2.0	40.0	24.0	2.0	2.0	731.0	95.0	3.0	57.0	1.0		1.0	6.0	14.0	1924.0	56.0	2.0	652.0	40.0			2.0	1.0			1.0	1.0	1.0	2.0	4.0	36.0		1.0		
NC_073257.2	-1::NC_073257.2:144834291-144845871(-)	11580	False	0.5402	0	1.0		1057.0			1.0	173.0	1.0			141.0		18.0	2.0	24.0		399.0				150.0							19.0	29.0			366.0	39.0		24.0	1.0			3.0	8.0	1004.0	12.0	1.0	332.0	31.0							1.0		1.0	1.0	1.0	20.0				
NC_073257.2	-1::NC_073257.2:145184124-145191843(-)	7719	False	0.6183	0		116.0	174.0	118.0	114.0		123.0	13.0		63.0	8.0	5.0	1.0	1.0	114.0	3.0	112.0			3.0	1.0	1.0			207.0	201.0	1.0	13.0	33.0	1.0	63.0	141.0	205.0	4.0	1.0		3.0	10.0	39.0	84.0	80.0	22.0	1.0	18.0	110.0	2.0	29.0	45.0	10.0	2.0		1.0	2.0	59.0	27.0	4.0	60.0	1.0	105.0	17.0	2.0
NC_073257.2	-2::NC_073257.2:145187402-145195904(-)	8502	False	0.6073	0		127.0	208.0	130.0	128.0		135.0	11.0		63.0	11.0	11.0		1.0	125.0	2.0	125.0			2.0				3.0	221.0	226.0		22.0	46.0	2.0	53.0	146.0	220.0	15.0	3.0		2.0	15.0	45.0	77.0	86.0	32.0		23.0	96.0	3.0	35.0	52.0	20.0	2.0		2.0	2.0	63.0	41.0	3.0	64.0		115.0	16.0	4.0
NC_073257.2	-3::NC_073257.2:145190011-145197835(-)	7824	False	0.6088	2	1.0	109.0	171.0	104.0	108.0		96.0	19.0	3.0	52.0	15.0	12.0	8.0	4.0	100.0	10.0	104.0	1.0	2.0	23.0	2.0	4.0	2.0	15.0	191.0	196.0	3.0	18.0	47.0	9.0	56.0	128.0	184.0	20.0	1.0	1.0	8.0	20.0	47.0	66.0	87.0	28.0	1.0	24.0	88.0	2.0	41.0	46.0	32.0	8.0	1.0	6.0	5.0	52.0	32.0	16.0	55.0	3.0	98.0	15.0	8.0
NC_085927.1	-3::NC_085927.1:0-7983(-)	7983	False	0.5058	0					92.0															1.0			1.0		1284.0													1.0				1.0						44.0										1237.0			
NC_085927.1	2::NC_085927.1:1-9505(+)	9504	False	0.5133	1	1247.0	9.0	10.0	4.0	9.0	1.0	37.0	4.0		3.0	1.0	8.0	2.0	11.0	2.0	7.0	7.0		1.0	17.0	1.0	3.0	2.0	1255.0	2.0	46.0		9.0	111.0	4.0	9.0	14.0	22.0	2.0	12.0	17.0	5.0	1.0	104.0	1.0	4.0	1.0	10.0	8.0		1.0		13.0	2.0	12.0	45.0	17.0	9.0	4.0	4.0	27.0	4.0		3.0		4.0
NC_085927.1	-3::NC_085927.1:55712091-55721742(-)	9651	False	0.6511	2	2.0	15.0	786.0	1.0	3.0		193.0	22.0	3.0	2.0	12.0	6.0	5.0	3.0	1.0	8.0	13.0		4.0	14.0	10.0	1.0	3.0	209.0	26.0	23.0	8.0	9.0	82.0	1.0	155.0	10.0	220.0	2.0	4.0	1.0	1.0	2.0	41.0	4.0	565.0	4.0	2.0		125.0	1.0	2.0	6.0	2.0	3.0	2.0	3.0	5.0	124.0	6.0	404.0	27.0	2.0	10.0	3.0	16.0
NC_085927.1	-1::NC_085927.1:55712801-55722035(-)	9234	False	0.6484	2	4.0	1.0	775.0	2.0	3.0	2.0	196.0	5.0	1.0	1.0	18.0	8.0	2.0	2.0		7.0	5.0		4.0	4.0	4.0	1.0	1.0	183.0	10.0	25.0		6.0	93.0	3.0	128.0	10.0	231.0	2.0	2.0	2.0	1.0	4.0	22.0	3.0	567.0	5.0	5.0	5.0	124.0	1.0	2.0	2.0	9.0	4.0	3.0	2.0	1.0	135.0		423.0	2.0	2.0	8.0		7.0
NC_085927.1	1::NC_085927.1:60287118-60298359(+)	11241	False	0.6066	0	1.0	1.0	561.0				411.0	2.0	8.0	179.0	120.0	1.0		2.0	2.0	2.0	167.0		1.0	1.0	115.0		2.0	157.0	98.0	13.0		2.0	234.0	2.0	20.0	168.0	321.0	10.0	156.0	1.0		1.0	85.0	6.0	184.0	2.0	2.0	182.0	3.0	1.0	1.0	4.0	2.0	139.0	1.0	16.0	2.0	166.0	1.0	25.0			33.0	1.0	132.0
NC_085927.1	2::NC_085927.1:60287209-60298258(+)	11049	False	0.6068	0	5.0	1.0	566.0	1.0	1.0		433.0	1.0	6.0	160.0	107.0	1.0	1.0	1.0		1.0	182.0			1.0	120.0			157.0	102.0	14.0			225.0		16.0	164.0	320.0	4.0	142.0	1.0			93.0	14.0	167.0			164.0	4.0			2.0		130.0		11.0		161.0		26.0		1.0	25.0	1.0	151.0
NC_085927.1	3::NC_085927.1:60287306-60298430(+)	11124	False	0.608	0			582.0			1.0	437.0		2.0	156.0	116.0	2.0					169.0		1.0		105.0		1.0	171.0	104.0	17.0			223.0		16.0	184.0	314.0	17.0	131.0	1.0	1.0		79.0	9.0	166.0	1.0		165.0	3.0		1.0	2.0		154.0	1.0	5.0		182.0		24.0		1.0	25.0		139.0
NC_073266.2	3::NC_073266.2:98260226-98269283(+)	9057	False	0.499	0		1.0		1.0	1500.0	1.0	1.0				1.0	1.0		1.0		1.0				1.0	1.0						1.0					1.0					2.0	1.0				1.0		1.0		2.0		1498.0					2.0								
NC_073266.2	-2::NC_073266.2:98260253-98270009(-)	9756	False	0.4997	1	1545.0		1.0						1.0		1.0		1.0							1.0	2.0		2.0	1544.0					74.0							2.0										1.0					74.0					2.0					1.0
NC_073266.2	1::NC_073266.2:98260266-98270004(+)	9738	False	0.4996	1		2.0		1.0	73.0									1.0				1.0				1.0			1545.0														1.0									74.0	1.0				1.0					1545.0			
NC_073266.2	-3::NC_073266.2:98260285-98269282(-)	8997	False	0.5001	0																					1.0								1499.0																						1498.0			1.0							
NC_073267.2	-1::NC_073267.2:2102-10211(-)	8109	False	0.5003	0		1.0			57.0																				1293.0		3.0											2.0										57.0										1290.0			
NC_073267.2	1::NC_073267.2:2103-10212(+)	8109	False	0.5004	0	1289.0								2.0															1293.0					60.0																						57.0					2.0					
NC_073267.2	-3::NC_073267.2:2433-10197(-)	7764	False	0.5004	0		1.0			1289.0																																	5.0										1293.0													
NC_073267.2	2::NC_073267.2:2434-10198(+)	7764	False	0.5005	0									1.0																				1289.0																						1293.0					5.0					
NC_073267.2	3::NC_073267.2:697955-706517(+)	8562	False	0.7158	1			1.0				117.0	258.0		11.0	5.0	2.0	21.0	1.0	12.0		89.0		2.0	14.0		1.0	1.0	16.0	366.0	2.0	2.0	122.0	1.0	1.0	29.0	221.0	20.0	90.0			1.0	142.0	12.0	83.0		137.0	14.0	7.0			11.0	469.0	37.0	20.0		97.0		19.0		15.0	3.0	2.0	91.0		289.0
NC_073267.2	1::NC_073267.2:698571-706500(+)	7929	False	0.7171	1		1.0					107.0	237.0		14.0	1.0	3.0	20.0		10.0		82.0		1.0	19.0	2.0	1.0		13.0	339.0		2.0	111.0		1.0	30.0	201.0	14.0	85.0		1.0		130.0	12.0	71.0	1.0	130.0	12.0	2.0			14.0	443.0	29.0	20.0		93.0	1.0	19.0		16.0	1.0		87.0		267.0
NC_073267.2	-2::NC_073267.2:4866796-4876573(-)	9777	False	0.6164	1	114.0	1.0	284.0	2.0	2.0	1.0	172.0	12.0			4.0		2.0	154.0	6.0	170.0	3.0			1.0	3.0	2.0	5.0	305.0	3.0	163.0		3.0	174.0	1.0	5.0	154.0	457.0		2.0			1.0	4.0		261.0	4.0	131.0	6.0		1.0	2.0	31.0	2.0	29.0		5.0	2.0	1.0		533.0	2.0	1.0	2.0		36.0
NC_073267.2	-3::NC_073267.2:4866930-4876659(-)	9729	False	0.6158	1	125.0	2.0	262.0	1.0			158.0	10.0				1.0	1.0	131.0	7.0	156.0			2.0	1.0	7.0	2.0	4.0	339.0		154.0		2.0	144.0	5.0	8.0	172.0	465.0	1.0		1.0	3.0		7.0		282.0		147.0	3.0	1.0		2.0	28.0		34.0	1.0	4.0			1.0	533.0	4.0		2.0		30.0
NC_073267.2	-1::NC_073267.2:4866971-4876559(-)	9588	False	0.617	1	143.0		263.0	5.0			168.0	11.0	1.0					140.0	3.0	156.0					4.0		2.0	310.0		148.0			158.0		3.0	182.0	487.0	1.0					4.0		262.0		120.0	4.0			1.0	35.0		30.0		4.0				521.0				2.0	28.0
NC_073261.2	-1::NC_073261.2:124526784-124539129(-)	12345	False	0.4889	0		292.0	2.0	509.0	125.0	4.0	26.0	1.0	1.0		139.0	147.0	41.0	1.0	3.0	262.0	118.0		1.0	276.0			1.0	409.0		253.0	2.0	372.0	1.0	382.0	143.0	3.0	29.0	80.0	2.0	5.0	6.0	2.0	2.0	85.0	3.0	164.0						2.0			1.0		215.0				1.0	2.0	2.0		
NC_073261.2	-3::NC_073261.2:124529242-124539751(-)	10509	False	0.4889	0		259.0		440.0	93.0	3.0	18.0	1.0			122.0	130.0	32.0		1.0	220.0	97.0			229.0		1.0		342.0		216.0	2.0	325.0		321.0	133.0	3.0	29.0	71.0	1.0	6.0	4.0		1.0	65.0		144.0			1.0	1.0		1.0	1.0	1.0	3.0		182.0			1.0		1.0	2.0		
NC_073268.2	-3::NC_073268.2:100783839-100791942(-)	8103	False	0.5002	0	149.0																							149.0					1201.0																						1201.0					1.0					
NC_073268.2	2::NC_073268.2:100783840-100791943(+)	8103	False	0.5001	0					1201.0																				149.0													1.0										1201.0										149.0			
NC_073258.2	1::NC_073258.2:133770660-133784037(+)	13377	False	0.715	2	1.0	6.0	90.0	92.0	1.0	2.0	90.0	15.0		22.0	80.0	23.0	4.0	12.0	2.0	592.0	6.0	1.0	5.0	21.0	85.0	84.0		694.0	15.0	92.0		54.0	72.0	98.0	138.0	6.0	679.0	5.0	11.0	1.0	3.0	5.0	60.0	13.0	8.0	6.0	2.0	5.0	89.0	32.0	2.0	7.0	6.0	4.0	7.0	5.0	6.0	1.0	1.0	969.0	58.0	1.0	19.0	43.0	8.0
NC_073258.2	2::NC_073258.2:133770838-133784338(+)	13500	False	0.7124	2	1.0	14.0	82.0	86.0	3.0	4.0	89.0	14.0	2.0	18.0	72.0	31.0	11.0	3.0	3.0	597.0	8.0	1.0	8.0	11.0	83.0	85.0	4.0	687.0	21.0	89.0	1.0	41.0	88.0	100.0	143.0	11.0	684.0	4.0	7.0	3.0	5.0	3.0	79.0	9.0	5.0	5.0	5.0	13.0	100.0	39.0	2.0	8.0	9.0	10.0	5.0	9.0	2.0	2.0	5.0	959.0	50.0	2.0	23.0	31.0	11.0
NC_073258.2	3::NC_073258.2:133771049-133783841(+)	12792	False	0.7147	2	2.0	11.0	83.0	93.0		3.0	90.0	4.0		7.0	79.0	37.0	5.0	1.0		592.0	3.0		11.0	10.0	71.0	72.0		673.0	13.0	92.0		39.0	69.0	87.0	125.0	5.0	672.0	1.0	9.0	2.0	4.0	1.0	69.0	8.0	5.0	3.0		6.0	92.0	29.0	2.0	4.0	1.0	1.0	3.0	5.0	1.0	5.0	1.0	956.0	57.0		8.0	36.0	6.0
NC_073258.2	1::NC_073258.2:134647137-134657814(+)	10677	False	0.5626	0	66.0		383.0	3.0		2.0	149.0	2.0	126.0		238.0	87.0		49.0	2.0	82.0	238.0	85.0		3.0	74.0	106.0	5.0	125.0	3.0	6.0	2.0	80.0	91.0		2.0	53.0	127.0	143.0	1.0	80.0	1.0		21.0	71.0	285.0	1.0	38.0	3.0	224.0		2.0	1.0	1.0	14.0	1.0	144.0	1.0	161.0	32.0	107.0	36.0				2.0
NC_073258.2	2::NC_073258.2:134647213-134657761(+)	10548	False	0.5631	0	63.0		373.0		3.0		156.0		127.0		232.0	83.0		54.0		79.0	234.0	82.0			77.0	106.0	2.0	123.0		2.0		83.0	102.0	1.0	2.0	51.0	128.0	136.0		86.0	1.0		19.0	69.0	281.0		37.0		236.0				2.0	12.0	1.0	140.0	2.0	160.0	32.0	102.0	35.0	1.0			1.0
NC_073258.2	3::NC_073258.2:134647217-134657750(+)	10533	False	0.5637	0	65.0		373.0	4.0	2.0		156.0	1.0	124.0		236.0	80.0		50.0	1.0	81.0	249.0	80.0			74.0	108.0	7.0	125.0				82.0	100.0		6.0	50.0	125.0	145.0		82.0			23.0	64.0	274.0		37.0		224.0					16.0		136.0		159.0	31.0	101.0	36.0	1.0		1.0	2.0
NC_073260.2	-2::NC_073260.2:0-9495(-)	9495	False	0.5001	0					1485.0																				97.0																							1486.0										97.0			
NC_073260.2	2::NC_073260.2:1-9496(+)	9495	False	0.4999	0	97.0																							97.0					1485.0	1.0																					1485.0										
NC_073260.2	-3::NC_073260.2:575-9488(-)	8913	False	0.5001	0																									1485.0													1.0																				1485.0			
NC_073260.2	1::NC_073260.2:576-9489(+)	8913	False	0.5001	0	1485.0																							1486.0																																					
NC_073260.2	3::NC_073260.2:1791113-1800272(+)	9159	False	0.6038	2		4.0	171.0	148.0	2.0		201.0	110.0	1.0	36.0	1.0		52.0	156.0	72.0	94.0	18.0		1.0	2.0	2.0			112.0	200.0	10.0		4.0	187.0	81.0	1.0	258.0	123.0	1.0	2.0			2.0	62.0		254.0		2.0	77.0		1.0	3.0	82.0	3.0	151.0	1.0	136.0	2.0	5.0	2.0	103.0	14.0		21.0		82.0
NC_073260.2	2::NC_073260.2:1791280-1799611(+)	8331	False	0.6036	2	1.0		277.0	106.0			134.0	102.0	2.0	27.0	1.0		44.0	179.0	115.0	61.0	7.0				2.0		1.0	128.0	201.0	7.0		1.0	145.0	128.0		248.0	88.0	1.0			1.0	2.0	96.0		173.0	3.0	1.0	52.0	1.0		3.0	52.0		121.0		100.0		3.0		67.0	21.0		16.0		59.0
NC_073260.2	3::NC_073260.2:1800275-1811402(+)	11127	False	0.6143	1	1.0		364.0	95.0			264.0	146.0	2.0	29.0			79.0	194.0	153.0	123.0	16.0			1.0		1.0		201.0	280.0	8.0		1.0	128.0	158.0		330.0	84.0	2.0				2.0	70.0		239.0	2.0	2.0	54.0	1.0			68.0		159.0		95.0		13.0	2.0	133.0	82.0		12.0	1.0	114.0
NC_073260.2	-3::NC_073260.2:124749932-124758680(-)	8748	False	0.5007	0	25.0																							28.0					1430.0							1.0															1429.0					3.0					
NC_073260.2	1::NC_073260.2:124749933-124758618(+)	8685	False	0.5005	0					1423.0																				24.0		2.0											1.0										1424.0										21.0			
NC_073260.2	-2::NC_073260.2:124749951-124758504(-)	8553	False	0.5004	0	1423.0																							1424.0					1.0							1.0																				2.0					
NC_073260.2	2::NC_073260.2:124749952-124758499(+)	8547	False	0.5003	0																									1425.0		1.0																															1423.0			
NC_073271.2	-2::NC_073271.2:48473855-48481739(-)	7884	False	0.5037	0	1279.0																							1257.0					29.0										1.0												28.0				6.0	28.0					
NC_073271.2	1::NC_073271.2:48473856-48481740(+)	7884	False	0.5036	0					29.0														22.0						1279.0													7.0										28.0	6.0									1257.0			
NC_073271.2	-3::NC_073271.2:48474058-48482503(-)	8445	False	0.5027	0	108.0																							108.0					1298.0										22.0												1277.0				1.0	1.0					
NC_073271.2	3::NC_073271.2:48474059-48482504(+)	8445	False	0.5025	0					1298.0																				128.0													3.0										1277.0	1.0									108.0			
NC_073253.2	3::NC_073253.2:1838615-1855418(+)	16803	False	0.6376	2		2.0		119.0	118.0			2.0	1.0	1.0	236.0	118.0			119.0	120.0	1.0	1.0	1.0	123.0	118.0	119.0		240.0	3.0	355.0		238.0	120.0		472.0	238.0	345.0	118.0	3.0	118.0	2.0	1.0	355.0		119.0	237.0		2.0	1.0			120.0	121.0	119.0	118.0	6.0	120.0			356.0	118.0	1.0	236.0	118.0	2.0
NC_073253.2	1::NC_073253.2:1838673-1855491(+)	16818	False	0.6371	2		3.0	1.0	119.0	120.0					1.0	238.0	118.0		2.0	120.0	118.0				125.0	118.0	119.0		237.0	4.0	352.0		237.0	118.0	4.0	474.0	237.0	348.0	118.0		119.0		5.0	355.0	1.0	118.0	236.0	2.0			2.0	1.0	118.0	119.0	119.0	121.0	1.0	123.0		1.0	356.0	119.0	3.0	237.0	119.0	
NC_073253.2	2::NC_073253.2:1838689-1855381(+)	16692	False	0.6383	2				119.0	118.0						236.0	119.0			118.0	119.0				120.0	119.0	118.0		236.0	1.0	349.0		236.0	118.0	1.0	474.0	237.0	348.0	119.0		119.0			355.0		118.0	237.0						118.0	118.0	119.0	118.0	5.0	124.0			356.0	118.0		236.0	118.0	
NC_073253.2	2::NC_073253.2:2131750-2139955(+)	8205	False	0.6513	1	1.0	3.0			13.0	2.0		348.0	3.0			3.0		176.0	3.0		2.0		9.0	1.0				1.0	462.0		5.0	3.0	1.0			1.0	1.0	16.0				170.0		23.0	1.0	564.0	2.0	1.0		1.0	1.0	177.0	174.0	1.0	1.0		385.0	1.0					6.0		173.0
NC_073253.2	-3::NC_073253.2:2131766-2140010(-)	8244	False	0.6514	1	7.0		567.0	1.0	2.0	1.0					3.0	1.0		2.0		177.0	17.0	4.0		1.0	1.0	10.0		177.0	2.0	173.0		1.0	179.0	2.0			351.0	1.0	2.0	2.0			190.0		372.0				10.0			1.0			2.0		2.0	12.0	14.0	458.0	2.0	1.0			
NC_073253.2	-1::NC_073253.2:2131771-2140015(-)	8244	False	0.6515	1	13.0	2.0	566.0	1.0	1.0		1.0	2.0	1.0		3.0		1.0	1.0		175.0	3.0	3.0		1.0	1.0			177.0		177.0		1.0	171.0	1.0	7.0	1.0	349.0	1.0	3.0	6.0		1.0	175.0		386.0				23.0						1.0	2.0	2.0	16.0	9.0	462.0			1.0		1.0
NC_073253.2	3::NC_073253.2:2131799-2139974(+)	8175	False	0.6524	1					7.0	4.0		349.0		2.0	1.0	3.0		172.0	2.0			1.0	14.0						458.0		2.0	16.0				1.0		12.0				179.0		9.0	1.0	565.0	1.0			1.0	2.0	176.0	190.0				370.0	1.0						10.0	176.0
NC_073253.2	2::NC_073253.2:175114048-175123759(+)	9711	False	0.6089	1	16.0	1.0	327.0	96.0		7.0	83.0				192.0	4.0	1.0		1.0	291.0	8.0	3.0	1.0	1.0	198.0	5.0	2.0	156.0		80.0	2.0	3.0	343.0	74.0	9.0	3.0	117.0		80.0	79.0	4.0		480.0		7.0		1.0	4.0	7.0	1.0				2.0	67.0		2.0	4.0	15.0	454.0	4.0	1.0		1.0	
NC_073253.2	1::NC_073253.2:175115667-175127595(+)	11928	False	0.6128	1	13.0	3.0	427.0	109.0		3.0	102.0				246.0	3.0	4.0	1.0		336.0	4.0	5.0	1.0	1.0	255.0		1.0	166.0		77.0	3.0	1.0	450.0	108.0	4.0	2.0	193.0		75.0	96.0	4.0		540.0		10.0		1.0	2.0	14.0	2.0				8.0	95.0	2.0	3.0	2.0	14.0	581.0	5.0			4.0	
NC_073253.2	3::NC_073253.2:175120274-175128914(+)	8640	False	0.6119	1	15.0		317.0	68.0		10.0	62.0				184.0	2.0	3.0			233.0	5.0	4.0			157.0	3.0	2.0	162.0		76.0	3.0	4.0	298.0	78.0	1.0	2.0	123.0	2.0	75.0	48.0	2.0		433.0		4.0			3.0	1.0					1.0	65.0	2.0	1.0	5.0	11.0	399.0	11.0			5.0	
NC_073253.2	1::NC_073253.2:175130688-175145835(+)	15147	False	0.6098	1	17.0	1.0	525.0	130.0		9.0	124.0				329.0	6.0	7.0	1.0	1.0	416.0	9.0	5.0	3.0	2.0	324.0		3.0	218.0		106.0	3.0	2.0	547.0	139.0	4.0	2.0	246.0	1.0	101.0	113.0	10.0		713.0		10.0		1.0	3.0	22.0	2.0				7.0	126.0	4.0	3.0	4.0	19.0	722.0	4.0			5.0	
NC_073253.2	2::NC_073253.2:175133446-175141537(+)	8091	False	0.613	1	7.0		275.0	76.0		2.0	68.0				162.0	3.0	1.0			238.0	6.0	2.0	1.0	1.0	166.0	5.0	1.0	135.0		66.0	2.0	2.0	289.0	62.0	10.0	3.0	96.0		68.0	68.0	2.0		405.0		6.0			2.0	4.0					3.0	54.0		2.0	3.0	10.0	385.0	4.0	1.0		1.0	
NC_073253.2	3::NC_073253.2:175138052-175157858(+)	19806	False	0.6129	1	26.0	1.0	703.0	163.0		14.0	135.0				429.0	2.0	3.0	1.0	2.0	593.0	11.0	3.0	1.0	2.0	374.0	8.0	2.0	376.0		180.0	5.0	4.0	682.0	157.0	17.0	9.0	260.0	5.0	179.0	124.0	5.0		1027.0		4.0			6.0	15.0					1.0	139.0	4.0	3.0	13.0	16.0	867.0	27.0			4.0	
NC_073253.2	1::NC_073253.2:175145838-175153617(+)	7779	False	0.6127	1	9.0		267.0	59.0		5.0	57.0				185.0	1.0	3.0	1.0		213.0	4.0	2.0	2.0	2.0	166.0			122.0		56.0	1.0	1.0	282.0	69.0	3.0	3.0	132.0	1.0	54.0	52.0	1.0		372.0		2.0		1.0	3.0	12.0					1.0	63.0	2.0		4.0	8.0	361.0	6.0			5.0	
NC_073253.2	-3::NC_073253.2:176537444-176546246(-)	8802	False	0.5007	0	1459.0																			1.0				1464.0					3.0				1.0																	4.0	2.0										
NC_073253.2	1::NC_073253.2:176537445-176546247(+)	8802	False	0.5006	0					2.0		4.0							1.0											1463.0													1.0										3.0				1.0						1459.0			
NC_073253.2	-1::NC_073253.2:176537464-176546281(-)	8817	False	0.5006	0	5.0																			4.0				5.0					1463.0				1.0			1.0															1459.0					1.0					
NC_073253.2	3::NC_073253.2:176537465-176546276(+)	8811	False	0.5005	0					1459.0																				5.0																							1464.0				4.0						5.0			
NC_073270.2	-2::NC_073270.2:69760835-69768941(-)	8106	False	0.6841	1		3.0	405.0	8.0	1.0	1.0	140.0	1.0		2.0	7.0	5.0	8.0			148.0	2.0	3.0	1.0	2.0	3.0	2.0		276.0		111.0		4.0	10.0	8.0	128.0	1.0	390.0	2.0		1.0		1.0		2.0	274.0	2.0	1.0	5.0	122.0	1.0	6.0	1.0	2.0	1.0		1.0	3.0	124.0	4.0	474.0	1.0	1.0	2.0		1.0
NC_073270.2	-3::NC_073270.2:69760885-69768931(-)	8046	False	0.6851	1		2.0	405.0	8.0			144.0				5.0	6.0	6.0			138.0	1.0	3.0		3.0		1.0	1.0	276.0		117.0		5.0	6.0	8.0	125.0	1.0	383.0	1.0		3.0			2.0		273.0	2.0	1.0	7.0	126.0		4.0	1.0	1.0			1.0	1.0	128.0	4.0	480.0	1.0		2.0		
NC_073270.2	-1::NC_073270.2:69760965-69768996(-)	8031	False	0.685	1			404.0	6.0	3.0		135.0		1.0	2.0	9.0	5.0	3.0	1.0		143.0	2.0	1.0			1.0	1.0	2.0	285.0		110.0		5.0	7.0	7.0	134.0	1.0	391.0			2.0		2.0	2.0		280.0	3.0	1.0	4.0	128.0		4.0	1.0					1.0	122.0	6.0	460.0			2.0		
NC_073269.2	-2::NC_073269.2:5832066-5841069(-)	9003	False	0.6135	1		1.0	105.0	72.0	105.0		1.0	106.0					107.0	88.0	2.0	212.0		1.0		106.0		1.0		317.0	106.0	317.0		107.0	3.0	210.0	109.0	3.0	144.0		2.0	1.0		1.0	3.0		1.0	106.0				105.0	1.0	23.0	2.0	106.0		1.0		1.0	105.0	319.0			1.0		
NC_073269.2	-3::NC_073269.2:5832113-5841236(-)	9123	False	0.6132	1		1.0	3.0	212.0	2.0		106.0	3.0			1.0		2.0	3.0	1.0	112.0	1.0		105.0	319.0	105.0			185.0	109.0	6.0	1.0	212.0	1.0	322.0	108.0	1.0	109.0		210.0				5.0		1.0	3.0		1.0	1.0	2.0	105.0	106.0		89.0	1.0	1.0	1.0		2.0	357.0	105.0		20.0	1.0	
NC_073269.2	1::NC_073269.2:5832186-5841093(+)	8907	False	0.6135	1	105.0		105.0				1.0	143.0						316.0	1.0		106.0		105.0		105.0			20.0	319.0	87.0				1.0		106.0	105.0	1.0				1.0	1.0			105.0	74.0	105.0			210.0	317.0	1.0			105.0				105.0			107.0		212.0
NC_073269.2	-1::NC_073269.2:5845363-5854162(-)	8799	False	0.6118	1	1.0		37.0	138.0	36.0		68.0	36.0		1.0			36.0	36.0	1.0	139.0	1.0		67.0	239.0	67.0			243.0	103.0	112.0		171.0	1.0	275.0	106.0	3.0	142.0		134.0		1.0		1.0			36.0		1.0		36.0	67.0	68.0	1.0	103.0			2.0		36.0	316.0	67.0		2.0	1.0	2.0
NC_073269.2	1::NC_073269.2:64814814-64822764(+)	7950	False	0.599	1	2.0	2.0	212.0	126.0	2.0		75.0	2.0	1.0	1.0	8.0	26.0	78.0	80.0	1.0	207.0		7.0		71.0				207.0	1.0	37.0		101.0	68.0	68.0	2.0	134.0	185.0	2.0	4.0	6.0	44.0	1.0	72.0		226.0	1.0	1.0		1.0	55.0		52.0	3.0	85.0	4.0	1.0	1.0	23.0		284.0			3.0	25.0	52.0
NC_073265.2	-1::NC_073265.2:21015763-21023602(-)	7839	False	0.5993	0	2.0	2.0	113.0	4.0			100.0	2.0	2.0				73.0	1.0		14.0	1.0	1.0	4.0	4.0		125.0		146.0		683.0		4.0	101.0	2.0	32.0	1.0	904.0		8.0	1.0			1.0				1.0	2.0	121.0		1.0		3.0			5.0	3.0	1.0		143.0		2.0			
NC_073265.2	-3::NC_073265.2:21015788-21023588(-)	7800	False	0.6	0		1.0	108.0	1.0			110.0		1.0		1.0		92.0			8.0	1.0		3.0	4.0		120.0		144.0		666.0			95.0	10.0	39.0	1.0	918.0		7.0	1.0		1.0	3.0			2.0	1.0		104.0							3.0	4.0	1.0	1.0	147.0		1.0	1.0		
NC_073265.2	-2::NC_073265.2:21015831-21023598(-)	7767	False	0.6	0		1.0	102.0	2.0			107.0			1.0			91.0			12.0	1.0			5.0		104.0		143.0		686.0		4.0	103.0	5.0	33.0		899.0	1.0	9.0	1.0					2.0			2.0	124.0		1.0		1.0			3.0	2.0			143.0		1.0			
NC_073265.2	1::NC_073265.2:90902736-90910620(+)	7884	False	0.5931	1	2.0		358.0			7.0	323.0	1.0	2.0		181.0		48.0	3.0	28.0	31.0	4.0	1.0	2.0		178.0	21.0	1.0	115.0				1.0	199.0	1.0	33.0	101.0	155.0	18.0	10.0	8.0	2.0	1.0	146.0	1.0	160.0		3.0	73.0	2.0	1.0		2.0		2.0	13.0	38.0	3.0	1.0	9.0	337.0		1.0		1.0	
NC_073265.2	3::NC_073265.2:90902744-90910616(+)	7872	False	0.5934	1	7.0		351.0	1.0		4.0	339.0		1.0		176.0	1.0	51.0	4.0	16.0	37.0	1.0	1.0	2.0		180.0	18.0	1.0	106.0		3.0			192.0		28.0	104.0	150.0	21.0	9.0	8.0	3.0		144.0	1.0	164.0			83.0	3.0		2.0		1.0	4.0	14.0	44.0	1.0	1.0	4.0	341.0	1.0			1.0	
NC_073265.2	2::NC_073265.2:90902755-90910660(+)	7905	False	0.5932	1	6.0		352.0	2.0	1.0	8.0	328.0		4.0		175.0		47.0	4.0	21.0	21.0	1.0		1.0	4.0	189.0	21.0	2.0	110.0		2.0	1.0	1.0	198.0	1.0	26.0	102.0	160.0	21.0	6.0	6.0	1.0	2.0	141.0	2.0	166.0		1.0	78.0	2.0	1.0	2.0		1.0	2.0	10.0	48.0	2.0		4.0	348.0	2.0	1.0			
NC_073272.2	1::NC_073272.2:769770-777948(+)	8178	False	0.4826	0			80.0	165.0	121.0	80.0	8.0				167.0	26.0	221.0			1.0	165.0			20.0	149.0	1.0	1.0	8.0		24.0		114.0	163.0	25.0			131.0	1.0	132.0	32.0	19.0		15.0			18.0	163.0		80.0	2.0	164.0		163.0		1.0	8.0	188.0	8.0	18.0			9.0	18.0	17.0	
NC_073272.2	2::NC_073272.2:1324393-1332112(+)	7719	False	0.566	1	6.0		303.0			9.0	24.0	9.0			162.0	23.0	12.0	23.0	6.0	7.0	4.0	3.0	67.0	20.0	125.0	38.0		8.0		74.0	2.0	39.0	126.0	65.0	73.0	47.0	2.0	58.0	13.0		16.0		153.0		340.0	67.0	9.0		49.0	3.0			142.0	159.0	10.0	16.0	6.0	11.0		53.0	48.0		14.0	4.0	125.0
NC_073272.2	-3::NC_073272.2:2115597-2126412(-)	10815	False	0.6375	0		3.0	7.0	1.0	10.0	8.0	5.0	217.0		99.0	7.0	15.0	2.0	116.0	9.0	112.0	92.0	2.0	14.0	111.0	1.0	89.0	1.0	95.0	206.0	3.0	3.0	91.0	2.0	4.0	2.0	103.0		76.0	1.0		4.0	113.0	3.0	23.0	8.0	485.0	8.0	2.0	17.0	6.0	3.0	214.0	20.0	88.0	2.0	186.0	509.0	94.0	2.0	103.0	2.0	2.0			204.0
NC_073272.2	2::NC_073272.2:2116099-2124670(+)	8571	False	0.6443	0	6.0		399.0	3.0							4.0	4.0		1.0		166.0	90.0			76.0	8.0	1.0		149.0	66.0	87.0		78.0	67.0	6.0		85.0	192.0	78.0	9.0			2.0	9.0	6.0	398.0			1.0	22.0		2.0	93.0	1.0	172.0	1.0	85.0	4.0	75.0	9.0	184.0	72.0			58.0	88.0
NC_073272.2	-2::NC_073272.2:2117899-2126497(-)	8598	False	0.6408	0	1.0				6.0		3.0	189.0	3.0	73.0	6.0	10.0	2.0	91.0	9.0	87.0	81.0	1.0	12.0	85.0	1.0	56.0	2.0	92.0	174.0	2.0		92.0		3.0	1.0	76.0	1.0	72.0		2.0		74.0	2.0	20.0	5.0	391.0	2.0		5.0	10.0	6.0	151.0	15.0	81.0		169.0	388.0	72.0		73.0			1.0	1.0	167.0
NC_073272.2	-1::NC_073272.2:2118347-2126819(-)	8472	False	0.6403	1			3.0	1.0	8.0	1.0	7.0	152.0	3.0	80.0	9.0	7.0	6.0	106.0	4.0	70.0	67.0	1.0	11.0	74.0	2.0	70.0	1.0	88.0	151.0	6.0		86.0	3.0	8.0	5.0	78.0	3.0	67.0	3.0		1.0	97.0	4.0	9.0	2.0	386.0	9.0	5.0	15.0	5.0	8.0	151.0	22.0	74.0	2.0	140.0	375.0	61.0	2.0	97.0	3.0		6.0	1.0	168.0
NC_073272.2	-2::NC_073272.2:160232749-160240870(-)	8121	False	0.5045	0	69.0																							70.0					1270.0	1.0	8.0																				1261.0					6.0				22.0	
NC_073272.2	3::NC_073272.2:160232750-160240871(+)	8121	False	0.5045	0					1269.0					22.0			8.0												69.0		1.0											7.0										1262.0										69.0			
NC_073272.2	-1::NC_073272.2:160232756-160240463(-)	7707	False	0.5049	0	1269.0																							1262.0					6.0							1.0								8.0												1.0	22.0				
NC_073272.2	1::NC_073272.2:160232757-160240458(+)	7701	False	0.5049	0				22.0																					1284.0		6.0																								8.0							1247.0			
NC_073252.2	2::NC_073252.2:810883-833707(+)	22824	False	0.49	1	22.0		1316.0	24.0		170.0	14.0		13.0		751.0	123.0	1.0	4.0		552.0	118.0	184.0		30.0	601.0	1.0	9.0	114.0		252.0	7.0	144.0	244.0	10.0	30.0	14.0	183.0	10.0	18.0	187.0	17.0		741.0	1.0	1259.0		2.0	8.0	13.0	5.0				6.0	166.0	11.0	6.0	9.0	24.0	183.0	5.0	2.0		4.0	
NC_073252.2	1::NC_073252.2:812607-826149(+)	13542	False	0.4884	1	9.0		772.0	16.0		103.0	14.0		6.0		443.0	75.0		5.0		345.0	75.0	114.0		16.0	370.0		1.0	82.0		146.0		71.0	152.0	6.0	21.0	10.0	96.0	8.0	13.0	111.0	11.0		414.0		746.0		3.0	2.0	4.0	2.0				1.0	98.0	4.0	6.0	11.0	18.0	107.0	5.0			2.0	
NC_073252.2	3::NC_073252.2:822293-840473(+)	18180	False	0.4918	1	18.0		1061.0	16.0		136.0	9.0		7.0		612.0	101.0		3.0		442.0	97.0	138.0		19.0	487.0		3.0	91.0		196.0	5.0	113.0	205.0	12.0	28.0	10.0	146.0	7.0	11.0	150.0	7.0		580.0		1014.0		2.0	4.0	9.0	3.0				3.0	131.0	6.0	4.0	7.0	11.0	148.0	3.0			5.0	
NC_073252.2	1::NC_073252.2:829581-841455(+)	11874	False	0.4933	0	9.0		703.0	9.0		87.0	9.0		3.0		386.0	67.0	1.0	3.0	2.0	292.0	63.0	97.0		13.0	325.0	1.0	1.0	62.0		126.0	2.0	75.0	134.0	10.0	16.0	9.0	90.0	5.0	3.0	87.0	4.0	1.0	380.0	1.0	654.0		1.0	4.0	2.0	2.0		1.0		4.0	84.0	4.0	5.0	7.0	10.0	97.0	4.0	1.0	2.0		
NC_073252.2	-3::NC_073252.2:182690975-182707829(-)	16854	False	0.6185	0	3.0	1.0	486.0	5.0	1.0	2.0	398.0	3.0	3.0	142.0	497.0	3.0	2.0	4.0	13.0	463.0	386.0	1.0	3.0	290.0	356.0	3.0	4.0	235.0	1.0	3.0	2.0	323.0	32.0	5.0	8.0	16.0	373.0	3.0	519.0	3.0	3.0	2.0	63.0		4.0	2.0	1.0	13.0	3.0	3.0	3.0	1.0	9.0	1.0	1.0	3.0	4.0	1.0	4.0	576.0	128.0	2.0	198.0		1.0
NC_073252.2	-1::NC_073252.2:182690989-182707708(-)	16719	False	0.6201	0	2.0		407.0	5.0	1.0		333.0	1.0	1.0	130.0	425.0	3.0	1.0	3.0		395.0	530.0	3.0	1.0	234.0	495.0	2.0		330.0		5.0	3.0	284.0	44.0	2.0	3.0	14.0	522.0		441.0	2.0	3.0		64.0		6.0	3.0		14.0		2.0			8.0			13.0	1.0		1.0	477.0	206.0	1.0	152.0		
NC_073252.2	-2::NC_073252.2:182691084-182707728(-)	16644	False	0.6215	0			553.0	2.0		1.0	486.0	2.0		196.0	357.0		2.0	1.0		541.0	445.0			332.0	423.0	2.0		289.0		5.0		230.0	34.0	2.0	2.0	20.0	440.0	2.0	372.0	1.0	1.0		65.0		4.0			15.0	11.0		1.0		4.0	1.0			2.0			420.0	145.0	1.0	137.0		1.0
NC_073252.2	-2::NC_073252.2:184439505-184447542(-)	8037	False	0.6405	1	3.0	3.0	1.0	13.0	3.0	1.0	201.0	2.0	3.0	2.0	2.0	58.0	203.0	2.0	2.0	1.0		1.0	1.0	7.0	127.0	113.0	2.0	499.0	69.0	72.0	2.0	1.0	1.0	10.0	1.0	6.0	194.0	1.0	10.0	1.0	8.0			1.0	2.0	396.0	3.0	4.0		2.0	5.0	129.0	205.0	2.0	1.0	8.0	4.0		2.0	2.0	86.0	2.0	195.0		4.0
NC_073252.2	2::NC_073252.2:184439608-184447618(+)	8010	False	0.6416	1	3.0	3.0	203.0	4.0	5.0	1.0	2.0	2.0	2.0	1.0	3.0	187.0	3.0	8.0	2.0	5.0	1.0	2.0		3.0	3.0	1.0	3.0	1.0	128.0	2.0	2.0	2.0	2.0	1.0	196.0	3.0	130.0	2.0	1.0		3.0	181.0	195.0	5.0	399.0	8.0	7.0	4.0		9.0	8.0	197.0	1.0	369.0	2.0		4.0	6.0	2.0	70.0	2.0	4.0	87.0		190.0
NC_073252.2	-1::NC_073252.2:184439689-184447459(-)	7770	False	0.6481	1	4.0		7.0	6.0		1.0		129.0	1.0	2.0	184.0	2.0	4.0	1.0		189.0	1.0		1.0		9.0			194.0	68.0	6.0			181.0	8.0	86.0	1.0	2.0	6.0	2.0						1.0	201.0		3.0	5.0	2.0			195.0			367.0	397.0			127.0	1.0		194.0	1.0	1.0
