clade	species	length	orf_valid	gc_content	gc_stretch_count	codon_TAT	codon_ACA	codon_ATA	codon_CAT	codon_CAC	codon_TGT	codon_GTA	codon_TTA	codon_TAC	codon_AAT	codon_ATG	codon_TTG	codon_ATT	codon_CAA	codon_GTG	codon_GCA	codon_TGC	codon_ACG	codon_GAG	codon_CTC	codon_AGC	codon_GCC	codon_TGG	codon_TGA	codon_CTG	codon_GGA	codon_AAC	codon_GGC	codon_GGT	codon_GGG	codon_AGA	codon_CGT	codon_AGG	codon_GAT	codon_GAC	codon_AAG	codon_GAA	codon_CGA	codon_AAA	codon_CAG	codon_TAG	codon_CGG	codon_GTT	codon_TAA	codon_TCG	codon_ACC	codon_GCG	codon_CCC	codon_TCT	codon_ATC	codon_CCG	codon_GTC	codon_CCA	codon_ACT	codon_CTT	codon_GCT	codon_TTC	codon_AGT	codon_TTT	codon_TCC	codon_CGC	codon_CCT	codon_TCA	codon_CTA
NC_073228.2	3::NC_073228.2:158858669-158868704	10035	False	0.2357	0	561.0	397.0	559.0	298.0	187.0	217.0	117.0	107.0	213.0	7.0	107.0	96.0	205.0	2.0	96.0	88.0	87.0	1.0																																														
NC_073244.2	-3::NC_073244.2:6255187-6266410	11223	False	0.502	0		3.0	3.0	1.0	1.0	15.0	2.0			15.0	533.0	1.0	3.0	3.0	19.0	1.0	1.0	12.0	52.0	2.0	1.0	2.0	312.0	303.0	2.0	577.0	10.0	1.0	5.0	324.0	67.0	1.0	261.0	550.0	5.0	292.0	317.0	16.0	11.0	1.0	1.0	1.0	6.0	4.0	2.0	2.0																		
NC_073244.2	-2::NC_073244.2:6255194-6266432	11238	False	0.5019	0		3.0	5.0	2.0	1.0	13.0				21.0	560.0	9.0		4.0	18.0	1.0	1.0	12.0	69.0		1.0		277.0	264.0		548.0	14.0	2.0	11.0	338.0	60.0		284.0	592.0	6.0	284.0	296.0	13.0	16.0	1.0	4.0	1.0	2.0	1.0			2.0	1.0	1.0	1.0	1.0	1.0	2.0	1.0	1.0	1.0								
NC_073244.2	-1::NC_073244.2:6255255-6266448	11193	False	0.5009	0	2.0	2.0	3.0	1.0		12.0	2.0			19.0	609.0	2.0		3.0	19.0	1.0		17.0	57.0	2.0			297.0	278.0		568.0	7.0	1.0	14.0	315.0	67.0		289.0	517.0	9.0	268.0	302.0	10.0	21.0	2.0	2.0	1.0	1.0	2.0		1.0				3.0		1.0	1.0			1.0	1.0	1.0						
NC_073229.2	-2::NC_073229.2:191756350-191770492	14142	False	0.5721	0	4.0	1.0	1.0	1.0		183.0	177.0		1.0	2.0	186.0	6.0	4.0	3.0	929.0	5.0	2.0	2.0	304.0		1.0		937.0	6.0	2.0	286.0	2.0	4.0	765.0	6.0	189.0	3.0	113.0	193.0		1.0	1.0	1.0	2.0	4.0	178.0	3.0	2.0	1.0	2.0	1.0	1.0			2.0	1.0	2.0	1.0		1.0	3.0	2.0	179.0	6.0	1.0	1.0			
NC_073229.2	-3::NC_073229.2:191756409-191770125	13716	False	0.5738	0				3.0		179.0	178.0				183.0				920.0	3.0	4.0		284.0				916.0	11.0	1.0	292.0	1.0	3.0	732.0	10.0	182.0	2.0	104.0	183.0	1.0	1.0	1.0			3.0	180.0	1.0	5.0		4.0		1.0					1.0	1.0	1.0	1.0	1.0		178.0	1.0					
NC_073229.2	-1::NC_073229.2:191756441-191770418	13977	False	0.5744	0			1.0	1.0		187.0	182.0			1.0	192.0	3.0			939.0	2.0			291.0			1.0	928.0	5.0	2.0	295.0		5.0	748.0	7.0	180.0	1.0	120.0	186.0	2.0	1.0	1.0	1.0	1.0	4.0	177.0	2.0			1.0		2.0		1.0	1.0		4.0						184.0						
NC_073230.2	1::NC_073230.2:164199720-164211564	11844	False	0.5653	1		244.0		204.0	229.0	1.0		1.0					2.0	120.0	1.0		1.0	1.0		531.0	1.0	7.0			1.0		16.0		1.0		107.0	2.0			131.0	110.0	4.0	9.0	146.0							145.0	1.0	456.0	263.0	206.0	10.0	2.0	228.0	3.0		1.0		1.0		378.0	8.0	270.0	105.0	1.0
NC_073239.2	3::NC_073239.2:121851275-121863776	12501	False	0.5473	1	69.0	5.0	1.0	291.0	399.0	132.0	5.0	13.0	29.0	1.0	38.0	6.0	39.0	9.0	4.0	7.0	12.0	3.0		267.0	2.0	5.0			94.0		9.0					33.0			2.0	1.0	2.0	1.0	2.0	7.0			2.0		3.0	318.0	1.0	155.0	202.0	286.0	40.0	149.0	551.0	97.0	20.0	7.0	40.0	3.0	28.0	407.0	6.0	148.0	138.0	78.0
NC_073239.2	1::NC_073239.2:121851312-121863879	12567	False	0.5471	1	69.0	4.0	1.0	299.0	385.0	127.0	6.0	11.0	25.0	1.0	34.0	5.0	38.0	10.0	4.0	8.0	15.0	4.0		281.0	5.0	3.0	1.0		93.0		9.0			1.0		40.0		1.0	1.0	2.0		1.0	2.0	8.0			4.0		1.0	325.0	1.0	153.0	197.0	292.0	39.0	156.0	545.0	110.0	16.0	9.0	47.0	2.0	25.0	398.0	6.0	148.0	150.0	71.0
NC_073239.2	2::NC_073239.2:121851316-121863820	12504	False	0.5477	1	63.0	4.0		300.0	390.0	119.0	3.0	11.0	24.0	1.0	38.0	3.0	42.0	12.0	4.0	8.0	12.0	3.0		260.0	3.0	10.0			98.0		10.0				1.0	38.0			1.0			1.0		4.0			1.0		2.0	313.0	1.0	156.0	199.0	288.0	34.0	159.0	536.0	100.0	16.0	7.0	42.0	5.0	25.0	417.0	6.0	152.0	158.0	88.0
NC_073233.2	3::NC_073233.2:17639276-17663846	24570	False	0.5694	2		3.0	1.0	1.0	4.0	815.0	4.0		3.0	2.0	2.0		1.0		790.0	1.0	439.0			1776.0	1.0	11.0	1.0		384.0		1.0	1.0		2.0		393.0		1.0	1.0	2.0				2.0			2.0			2.0	438.0	196.0	2217.0		55.0	484.0			19.0	2.0	23.0			70.0	9.0	30.0	1.0	
NC_073233.2	2::NC_073233.2:17639302-17663854	24552	False	0.5694	2		2.0		2.0	4.0	789.0	2.0	1.0	1.0		1.0	5.0	1.0	1.0	804.0		439.0		1.0	1777.0		12.0	1.0		443.0	1.0			2.0	1.0		489.0	1.0				2.0		2.0				4.0				355.0	195.0	2149.0	2.0	47.0	489.0	4.0	1.0	15.0	2.0	20.0		3.0	72.0	13.0	28.0	1.0	
NC_073233.2	-3::NC_073233.2:17639316-17663802	24486	False	0.5694	1	3.0	3.0	1.0	1.0	2.0	815.0					1.0				738.0		358.0			1740.0		10.0			488.0				1.0			482.0	1.0							1.0			3.0	1.0		1.0	438.0	174.0	2197.0	1.0	64.0	464.0	1.0	1.0	19.0	1.0	16.0		6.0	84.0	11.0	35.0		
NC_073233.2	-1::NC_073233.2:17639321-17663885	24564	False	0.5693	1	1.0	3.0		1.0	4.0	813.0	5.0		2.0	2.0	1.0				789.0	1.0	439.0			1776.0	1.0	11.0	1.0	1.0	384.0		2.0	2.0	1.0	2.0		393.0	1.0	1.0		2.0				1.0	1.0		2.0			1.0	438.0	194.0	2217.0		55.0	483.0			21.0	2.0	23.0	2.0		70.0	9.0	30.0		
NC_073233.2	-2::NC_073233.2:17639341-17663782	24441	False	0.5696	1						789.0	1.0				1.0	4.0		1.0	804.0		436.0			1777.0		11.0	1.0		442.0	1.0						489.0							1.0				4.0				355.0	193.0	2148.0	2.0	47.0	488.0	1.0		15.0	2.0	19.0		3.0	72.0	13.0	27.0		
NC_073233.2	1::NC_073233.2:17639364-17663817	24453	False	0.5696	1	3.0	2.0	1.0	1.0	2.0	813.0					1.0				738.0		357.0			1739.0		9.0			486.0				1.0			482.0	1.0										3.0			1.0	438.0	175.0	2197.0		64.0	465.0		1.0	19.0	1.0	16.0		4.0	84.0	11.0	35.0	1.0	
NC_073233.2	-2::NC_073233.2:143597515-143608078	10563	False	0.5727	0	24.0			6.0	4.0	220.0	13.0		5.0		13.0	9.0	4.0	15.0		2.0	1.0	10.0	7.0	70.0	6.0	427.0	14.0	2.0	11.0	9.0		10.0	538.0	17.0	25.0	1.0	725.0	12.0	6.0	10.0			6.0	276.0	290.0	5.0	37.0	4.0	5.0			2.0	11.0	6.0	4.0	220.0			3.0	26.0	20.0	41.0	322.0	27.0				
NC_073240.2	-2::NC_073240.2:13140813-13325778	184965	False	0.5194	1	62.0	2.0	131.0	1.0		17.0	18.0		2.0	4119.0	4154.0	3.0	8.0	143.0	3426.0	205.0	129.0	2437.0	3554.0				7481.0	25.0	4.0	10624.0	2373.0	71.0	11.0	4229.0	122.0	1.0	859.0	117.0	2.0	725.0	7104.0	1.0	3502.0	65.0	67.0	2413.0	1.0	9.0	2.0	1.0	4.0			6.0	4.0			2.0			1.0	3418.0						
NC_073240.2	-1::NC_073240.2:13140892-13326112	185220	False	0.5193	1	60.0	1.0	111.0			20.0	15.0			4188.0	4185.0	7.0	11.0	126.0	3430.0	197.0	141.0	2372.0	3542.0				7412.0	23.0	1.0	10655.0	2421.0	66.0	14.0	4264.0	134.0	4.0	889.0	120.0	2.0	676.0	7121.0	4.0	3491.0	84.0	79.0	2441.0	1.0	11.0	7.0	3.0	4.0	1.0		5.0	1.0			5.0	1.0		3.0	3391.0						
NC_073240.2	-3::NC_073240.2:13140998-13325723	184725	False	0.5195	1	48.0		117.0			24.0	22.0			4098.0	4223.0	10.0	3.0	127.0	3405.0	206.0	124.0	2410.0	3571.0				7436.0	21.0	5.0	10611.0	2439.0	84.0	11.0	4276.0	130.0	4.0	841.0	138.0	2.0	686.0	7074.0	2.0	3495.0	69.0	69.0	2370.0		8.0	1.0	1.0	1.0	2.0		1.0				4.0				3406.0						
NC_073240.2	-1::NC_073240.2:13372978-13750747	377769	False	0.5202	1	169.0	7.0	350.0	3.0		12.0	15.0		2.0	8177.0	8442.0	6.0	10.0	199.0	6891.0	286.0	207.0	5109.0	7393.0		2.0		15122.0	19.0	33.0	21883.0	5219.0	65.0	3.0	8594.0	337.0	1.0	1730.0	361.0		1316.0	14488.0	3.0	7102.0	63.0	193.0	5175.0		12.0	2.0		3.0			6.0	2.0	1.0		22.0			1.0	6886.0	1.0					
NC_073240.2	-3::NC_073240.2:13373057-13749047	375990	False	0.5202	1	171.0	6.0	359.0	2.0		20.0	12.0			8207.0	8296.0	7.0	6.0	234.0	6862.0	271.0	197.0	5165.0	7387.0				15064.0	14.0	22.0	21842.0	5191.0	61.0	2.0	8573.0	311.0	1.0	1747.0	360.0	2.0	1249.0	14386.0	5.0	7051.0	56.0	184.0	5088.0		9.0	5.0	2.0	3.0			1.0		1.0		27.0			2.0	6868.0	1.0					
NC_073240.2	-2::NC_073240.2:13373163-13748571	375408	False	0.5203	1	180.0	5.0	358.0			16.0	13.0			8211.0	8360.0	6.0	6.0	205.0	6868.0	257.0	236.0	5144.0	7380.0		1.0		14901.0	11.0	27.0	21766.0	5107.0	49.0	9.0	8603.0	323.0	1.0	1701.0	350.0	1.0	1269.0	14406.0	5.0	7060.0	71.0	183.0	5161.0		7.0	2.0			1.0				1.0		33.0				6842.0						
NC_073240.2	2::NC_073240.2:13717456-13728520	11064	False	0.5247	0	7.0		12.0							218.0	246.0			1.0	198.0	3.0	9.0	181.0	229.0				433.0			647.0	169.0			252.0	23.0		22.0	6.0		36.0	434.0		207.0	1.0		167.0																187.0						
NC_073240.2	-2::NC_073240.2:13748574-13760454	11880	False	0.5172	1	9.0		14.0				1.0			273.0	276.0	1.0	3.0	4.0	216.0	5.0	8.0	164.0	235.0				468.0	2.0		687.0	165.0	5.0	5.0	267.0	9.0	2.0	49.0	9.0		19.0	453.0	2.0	222.0	2.0	4.0	159.0		4.0	1.0		3.0			1.0						1.0		208.0	4.0					
NC_073240.2	-3::NC_073240.2:13757006-13768172	11166	False	0.5187	1	7.0		11.0				1.0			252.0	255.0		3.0	7.0	200.0	5.0	9.0	157.0	222.0				438.0	1.0		648.0	159.0	5.0	2.0	251.0	9.0	3.0	44.0	8.0		21.0	422.0	1.0	208.0	4.0	3.0	154.0		4.0	1.0		2.0			1.0						1.0		199.0	4.0					
NC_073240.2	-2::NC_073240.2:13770504-13879080	108576	False	0.519	1	56.0	9.0	130.0			21.0	17.0		3.0	2453.0	2486.0	9.0	9.0	9.0	1801.0	36.0	15.0	1583.0	2211.0		4.0		4314.0	12.0	6.0	6281.0	1575.0	20.0	22.0	2439.0	200.0	3.0	436.0	110.0	9.0	162.0	4197.0	20.0	2029.0	24.0	66.0	1570.0		14.0	23.0		6.0			14.0				10.0				1775.0	3.0					
NC_073240.2	-3::NC_073240.2:13772714-14058896	286182	False	0.519	1	108.0	8.0	252.0			31.0	42.0		9.0	6523.0	6630.0	25.0	22.0	19.0	4799.0	78.0	20.0	4080.0	5830.0		5.0		11319.0	10.0	11.0	16637.0	4105.0	65.0	53.0	6428.0	588.0	9.0	1334.0	265.0	23.0	503.0	11064.0	24.0	5398.0	67.0	141.0	4076.0	1.0	40.0	13.0		13.0			22.0	1.0		1.0	9.0				4691.0	1.0		1.0			
NC_073240.2	-1::NC_073240.2:13774108-13880695	106587	False	0.519	1	55.0	4.0	119.0			17.0	24.0		3.0	2451.0	2432.0	8.0	7.0	12.0	1757.0	35.0	12.0	1551.0	2162.0		3.0		4193.0	10.0	10.0	6147.0	1549.0	14.0	22.0	2418.0	172.0	10.0	469.0	115.0	12.0	171.0	4112.0	30.0	1963.0	32.0	72.0	1535.0		14.0	14.0		5.0			13.0				5.0				1770.0						
NC_073240.2	-2::NC_073240.2:13879083-14060100	181017	False	0.5185	1	67.0	1.0	135.0			22.0	23.0		6.0	4147.0	4203.0	11.0	15.0	8.0	3003.0	50.0	10.0	2563.0	3748.0		2.0	1.0	7219.0	11.0	5.0	10538.0	2542.0	43.0	23.0	4046.0	358.0	1.0	848.0	144.0	4.0	373.0	7037.0	5.0	3437.0	51.0	71.0	2538.0		17.0		3.0	6.0	1.0	1.0	3.0				10.0				2986.0	2.0		1.0			
NC_073240.2	-1::NC_073240.2:13881718-14058904	177186	False	0.5189	1	62.0	1.0	130.0			19.0	21.0		5.0	4056.0	4097.0	15.0	18.0	1.0	2950.0	44.0	5.0	2502.0	3661.0		5.0		7014.0	4.0	8.0	10323.0	2488.0	47.0	31.0	3965.0	348.0	1.0	877.0	131.0	3.0	350.0	6892.0	5.0	3388.0	44.0	74.0	2517.0	1.0	12.0	1.0	2.0	5.0	1.0	1.0		1.0			6.0				2930.0						
NC_073240.2	1::NC_073240.2:13962273-13973796	11523	False	0.5148	1	2.0		11.0							292.0	292.0		1.0	1.0	190.0	1.0		131.0	242.0				472.0			676.0	136.0	2.0	1.0	266.0	24.0		67.0	9.0		18.0	457.0		210.0	1.0		145.0																194.0						
NC_073240.2	2::NC_073240.2:13994386-14007184	12798	False	0.5222	0			4.0				1.0			275.0	284.0		1.0		193.0			209.0	293.0				473.0			752.0	200.0			268.0	50.0		74.0	4.0		16.0	506.0		255.0			210.0									1.0							197.0						
NC_073240.2	3::NC_073240.2:13994576-14010329	15753	False	0.5213	0	5.0		6.0							338.0	348.0	1.0			249.0			238.0	357.0				600.0			924.0	253.0		1.0	341.0	51.0		85.0	2.0		25.0	621.0		316.0			245.0																245.0						
NC_073240.2	1::NC_073240.2:13994964-14005620	10656	False	0.5231	0										235.0	224.0				170.0			178.0	241.0				385.0			627.0	177.0			227.0	44.0		63.0	2.0		20.0	418.0		208.0			173.0				1.0												159.0						
NC_073240.2	3::NC_073240.2:14011607-14024966	13359	False	0.5189	1	2.0		9.0							308.0	322.0				223.0	5.0		165.0	278.0				539.0			780.0	185.0	7.0	2.0	301.0	31.0		76.0	8.0		26.0	526.0		253.0	3.0		182.0	1.0															221.0						
NC_073240.2	2::NC_073240.2:68697295-68723734	26439	False	0.6034	1	1.0		1.0	2.0	1.0	16.0		1.0	1.0	2.0		4.0	3.0		11.0			1.0		3022.0		2.0			4.0		1.0		2.0			422.0		2.0			3.0		2.0				3.0		421.0	1.0		672.0	2268.0	4.0	14.0	453.0			9.0		2.0		10.0	742.0	1.0	702.0	4.0	3.0
NC_073240.2	-1::NC_073240.2:68697427-68721334	23907	False	0.6064	1				1.0	1.0	14.0			1.0				2.0		10.0			1.0		2752.0		2.0			1.0				1.0			385.0		1.0					1.0				3.0		371.0	1.0		612.0	2023.0	2.0	10.0	413.0			5.0		2.0		4.0	698.0	1.0	651.0		
NC_073240.2	3::NC_073240.2:68697428-68723738	26310	False	0.6048	1				1.0		13.0		2.0		1.0	1.0	2.0	1.0		8.0					2957.0		1.0			7.0							429.0							1.0						439.0	1.0		732.0	2328.0		13.0	430.0		1.0	2.0		6.0		7.0	707.0	7.0	669.0	3.0	1.0
NC_073240.2	1::NC_073240.2:68697441-68723838	26397	False	0.6046	1	1.0			2.0	1.0	16.0	1.0	2.0	1.0	2.0	2.0	3.0	1.0	2.0	12.0					2990.0		8.0	2.0		5.0					1.0	1.0	450.0	2.0	1.0	1.0		1.0			2.0					409.0			702.0	2302.0	2.0	15.0	432.0		1.0	5.0		5.0		3.0	680.0	2.0	728.0	2.0	1.0
NC_073240.2	-2::NC_073240.2:68698173-68713110	14937	False	0.6049	1				1.0	1.0	9.0									10.0					1736.0		2.0			3.0							278.0													217.0			363.0	1279.0		4.0	240.0			1.0		4.0			375.0	2.0	454.0		
NC_073240.2	-2::NC_073240.2:68713113-68723733	10620	False	0.6077	1				1.0		7.0			1.0						1.0					1168.0		4.0			1.0							166.0													181.0			320.0	948.0	1.0	10.0	180.0			2.0					285.0		264.0		
NC_073238.2	-2::NC_073238.2:20446346-21252449	806103	False	0.5233	1	518.0	9.0	953.0	3.0	1.0	57.0	70.0		1.0	17300.0	17452.0	31.0	42.0	19.0	14815.0	443.0	29.0	11477.0	15619.0		192.0		32452.0	52.0	69.0	46692.0	11295.0	487.0	42.0	18100.0	672.0	1.0	3076.0	985.0	57.0	2311.0	30651.0	16.0	14713.0	466.0	559.0	11702.0	4.0	62.0	16.0	2.0	331.0	1.0		5.0	4.0	5.0		65.0			1.0	14775.0			1.0			
NC_073238.2	-1::NC_073238.2:20446425-21254472	808047	False	0.5233	1	440.0	8.0	990.0	1.0		63.0	65.0		3.0	17223.0	17820.0	41.0	30.0	15.0	14836.0	401.0	15.0	11299.0	15659.0		183.0		32331.0	45.0	64.0	46866.0	11445.0	582.0	42.0	17996.0	656.0	3.0	3252.0	1074.0	62.0	2205.0	30753.0	27.0	14683.0	437.0	528.0	11818.0	3.0	58.0	8.0	4.0	312.0			8.0	3.0	5.0		72.0	1.0	1.0	3.0	14906.0	3.0		1.0			
NC_073238.2	-3::NC_073238.2:20446531-20657170	210639	False	0.5217	1	148.0	7.0	308.0	1.0		4.0	11.0		5.0	4476.0	4695.0	3.0	2.0	13.0	3849.0	123.0	6.0	2975.0	4054.0		29.0		8496.0	15.0	29.0	12199.0	3033.0	153.0	19.0	4573.0	205.0		853.0	281.0	20.0	516.0	8076.0	8.0	3833.0	113.0	120.0	3052.0	2.0	4.0	8.0	4.0	49.0			5.0	2.0	8.0		16.0				3812.0						
NC_073238.2	-3::NC_073238.2:20657173-21007348	350175	False	0.5268	1	197.0	1.0	372.0			11.0	9.0			7210.0	7429.0	15.0	13.0	4.0	6590.0	186.0	3.0	4923.0	6872.0		169.0		14112.0	15.0	29.0	20278.0	4957.0	243.0	23.0	8122.0	166.0		1341.0	332.0	29.0	1076.0	13308.0	5.0	6504.0	135.0	156.0	5077.0		11.0	1.0		235.0				1.0			35.0				6530.0						
NC_073238.2	1::NC_073238.2:20662458-20683620	21162	False	0.5294	1	1.0		8.0							441.0	451.0	2.0	1.0		415.0			269.0	419.0		8.0		846.0		1.0	1233.0	278.0	11.0	4.0	525.0	1.0		103.0	8.0		86.0	805.0	1.0	402.0	3.0		298.0				1.0	16.0											417.0						
NC_073238.2	2::NC_073238.2:20684524-20708695	24171	False	0.5335	1	17.0		21.0							464.0	473.0				476.0	17.0		348.0	494.0		45.0		983.0			1395.0	348.0	8.0		612.0	1.0		86.0	5.0		73.0	908.0		471.0	3.0		334.0					28.0							4.0				443.0						
NC_073238.2	1::NC_073238.2:20778840-20795208	16368	False	0.5291	1	4.0		9.0							339.0	340.0				328.0	2.0		221.0	317.0		9.0		659.0		1.0	956.0	210.0	13.0		389.0	2.0		86.0	6.0	1.0	64.0	625.0		316.0			235.0	1.0				9.0											314.0						
NC_073238.2	3::NC_073238.2:20817965-20829854	11889	False	0.5302	1	4.0		9.0							243.0	245.0	1.0			235.0	4.0		168.0	232.0		7.0		469.0		2.0	690.0	164.0	8.0		286.0	2.0		50.0	5.0	1.0	42.0	454.0		224.0	4.0		175.0					10.0							2.0				227.0						
NC_073238.2	2::NC_073238.2:20825029-20835532	10503	False	0.5299	1	3.0		3.0							210.0	219.0	1.0	1.0		210.0	2.0		131.0	208.0		2.0		431.0		1.0	610.0	134.0	11.0	1.0	250.0	4.0		48.0	1.0	3.0	48.0	402.0		204.0	1.0		146.0					12.0							1.0				203.0						
NC_073238.2	1::NC_073238.2:20825292-20836620	11328	False	0.5289	1	4.0		7.0							235.0	237.0		1.0		223.0	2.0		152.0	223.0		7.0		456.0		3.0	661.0	140.0	7.0	1.0	280.0	2.0		51.0	3.0	1.0	51.0	431.0		214.0	4.0		152.0					7.0							1.0				220.0						
NC_073238.2	3::NC_073238.2:20830520-20841380	10860	False	0.5272	1	6.0		10.0							214.0	238.0	1.0	1.0		209.0	3.0		134.0	217.0		2.0		445.0		1.0	629.0	154.0	8.0	2.0	256.0	7.0		49.0	5.0	2.0	43.0	415.0		204.0	1.0		149.0					10.0							2.0				203.0						
NC_073238.2	-3::NC_073238.2:21007351-21249865	242514	False	0.5198	1	202.0	3.0	386.0			39.0	46.0			5196.0	5392.0	15.0	14.0	9.0	4416.0	163.0	8.0	3466.0	4711.0		13.0		9834.0	26.0	14.0	13991.0	3464.0	145.0	5.0	5271.0	243.0	2.0	958.0	340.0	9.0	604.0	9285.0	2.0	4371.0	127.0	166.0	3414.0		39.0	4.0		22.0			1.0		1.0		18.0				4402.0			1.0			
NC_073238.2	2::NC_073238.2:21053152-21066613	13461	False	0.5262	0	17.0		23.0							257.0	266.0				251.0	15.0		220.0	275.0				547.0			777.0	225.0	6.0		297.0	7.0		47.0	7.0		30.0	527.0		242.0	1.0		198.0																252.0						
NC_073238.2	-1::NC_073238.2:21254475-21273954	19479	False	0.518	0	10.0		19.0							453.0	437.0	1.0	6.0		355.0	16.0		267.0	374.0				794.0			1128.0	267.0	11.0		426.0	18.0		71.0	20.0		44.0	746.0		352.0	21.0	11.0	275.0		6.0			1.0											356.0	8.0					
NC_073238.2	2::NC_073238.2:21257782-21268591	10809	False	0.52	0	5.0		10.0					5.0		230.0	252.0			1.0	202.0	8.0		154.0	211.0		1.0		444.0			623.0	160.0	13.0		233.0	7.0		36.0	6.0		23.0	421.0		199.0	6.0		147.0																202.0	4.0					
NC_073238.2	-3::NC_073238.2:21269299-21285259	15960	False	0.5204	1	10.0		19.0				2.0			341.0	365.0	3.0	4.0		294.0	10.0		220.0	314.0				656.0			925.0	239.0	14.0	2.0	333.0	18.0		59.0	18.0		27.0	614.0		290.0	6.0	9.0	234.0		1.0			2.0											290.0	1.0					
NC_073238.2	-2::NC_073238.2:21272648-21292127	19479	False	0.5194	1	11.0		22.0						1.0	438.0	429.0	4.0	4.0		356.0	15.0		284.0	378.0		1.0		806.0	1.0		1126.0	275.0	7.0	1.0	430.0	19.0		58.0	22.0		44.0	748.0		350.0	16.0	13.0	269.0		3.0			1.0											359.0	2.0					
NC_073238.2	-1::NC_073238.2:21273957-21286296	12339	False	0.5216	1	4.0		12.0							279.0	279.0	2.0	3.0		231.0	2.0		180.0	231.0		1.0		486.0	1.0		719.0	172.0	11.0	3.0	259.0	15.0		44.0	16.0		32.0	476.0		214.0	11.0	7.0	193.0					1.0											228.0	1.0					
NC_073238.2	-1::NC_073238.2:21286299-21304401	18102	False	0.5203	1	8.0		16.0				1.0			401.0	406.0	4.0	5.0		330.0	8.0		249.0	351.0				735.0			1052.0	262.0	14.0	1.0	390.0	21.0		65.0	20.0		41.0	692.0		333.0	11.0	12.0	268.0		3.0			4.0											328.0	3.0					
NC_073238.2	-2::NC_073238.2:21292130-21306845	14715	False	0.5225	1	7.0		11.0			2.0	2.0			325.0	316.0		6.0		275.0	7.0		220.0	285.0		1.0		591.0			854.0	199.0	10.0	1.0	317.0	12.0		55.0	11.0		36.0	569.0		279.0	9.0	5.0	227.0		2.0			4.0											266.0	1.0					
NC_073238.2	-2::NC_073238.2:21309413-21319631	10218	False	0.5168	0	1.0	1.0	6.0			1.0	1.0		2.0	230.0	245.0	1.0	1.0	3.0	179.0	6.0	2.0	135.0	199.0		2.0		416.0	1.0	3.0	593.0	148.0	5.0	2.0	210.0	18.0	1.0	44.0	6.0	1.0	22.0	398.0		185.0	4.0	5.0	139.0	1.0	2.0			2.0	1.0		1.0			1.0	2.0				178.0	2.0					
NC_073238.2	-1::NC_073238.2:21322719-21448506	125787	False	0.5209	1	10.0	1.0	18.0			5.0	5.0		1.0	2920.0	2948.0	4.0	2.0	2.0	2170.0	55.0	5.0	1731.0	2555.0		1.0		5192.0	8.0	34.0	7285.0	1754.0	79.0	3.0	2837.0	211.0	30.0	555.0	18.0	3.0	219.0	4927.0	15.0	2411.0	46.0	12.0	1678.0	3.0	1.0	9.0	2.0	34.0	1.0	1.0	15.0				23.0				2086.0			3.0	1.0		
NC_073238.2	1::NC_073238.2:21325206-21409380	84174	False	0.5216	1		1.0	1.0			2.0	2.0		1.0	1934.0	1952.0	2.0	1.0		1466.0	47.0	2.0	1173.0	1699.0				3478.0		25.0	4866.0	1194.0	68.0	1.0	1880.0	140.0	21.0	369.0	1.0	2.0	137.0	3300.0	11.0	1640.0	35.0		1134.0	3.0		9.0		25.0			10.0				22.0				1403.0			1.0			
NC_073238.2	-2::NC_073238.2:21325277-21432329	107052	False	0.5215	1	4.0		9.0							2495.0	2533.0	1.0	1.0	1.0	1871.0	43.0		1439.0	2161.0				4283.0	7.0	27.0	6202.0	1515.0	78.0	2.0	2449.0	147.0	28.0	472.0	12.0	2.0	207.0	4194.0	17.0	2030.0	49.0	5.0	1479.0	1.0	1.0	9.0		33.0			9.0				30.0				1835.0			2.0	1.0		
NC_073238.2	2::NC_073238.2:21325282-21399403	74121	False	0.5219	1	1.0	1.0	1.0				1.0			1759.0	1689.0	2.0			1249.0	37.0	1.0	1032.0	1513.0				3018.0		19.0	4293.0	1018.0	47.0	2.0	1708.0	109.0	25.0	273.0	2.0	1.0	152.0	2907.0	8.0	1426.0	44.0		1039.0			8.0		25.0			9.0				22.0				1264.0			1.0			1.0
NC_073238.2	-3::NC_073238.2:21325285-21448498	123213	False	0.5212	1	7.0	2.0	17.0			1.0	1.0		1.0	2923.0	2852.0	5.0	1.0	2.0	2081.0	52.0	2.0	1696.0	2521.0		4.0		5037.0	5.0	22.0	7148.0	1682.0	70.0	3.0	2844.0	175.0	29.0	477.0	22.0	2.0	235.0	4817.0	16.0	2354.0	52.0	11.0	1696.0	2.0	2.0	13.0		33.0			9.0			1.0	27.0				2116.0			3.0			
NC_073238.2	3::NC_073238.2:21333230-21374105	40875	False	0.5222	1										943.0	966.0		1.0		709.0	18.0		547.0	827.0				1630.0		11.0	2363.0	591.0	39.0		928.0	54.0	10.0	183.0	1.0	1.0	83.0	1603.0	7.0	778.0	18.0		575.0			6.0		14.0			3.0				14.0				702.0						
NC_073238.2	3::NC_073238.2:21374108-21400331	26223	False	0.5221	0										610.0	624.0			1.0	461.0	7.0		352.0	530.0				1047.0		9.0	1524.0	374.0	27.0	1.0	593.0	31.0	10.0	119.0			50.0	1027.0	1.0	497.0	16.0		364.0			3.0		4.0			2.0				6.0				451.0						
NC_073238.2	3::NC_073238.2:21400487-21421394	20907	False	0.5214	1	1.0		1.0							505.0	483.0	1.0			365.0	13.0		286.0	418.0				834.0		5.0	1208.0	286.0	7.0	1.0	494.0	29.0	5.0	78.0			45.0	819.0	5.0	395.0	12.0		294.0	1.0				7.0			1.0				8.0				362.0						
NC_073238.2	2::NC_073238.2:21406471-21421924	15453	False	0.5216	1			1.0							357.0	358.0				259.0	7.0		212.0	322.0		1.0		638.0		1.0	894.0	218.0	15.0		345.0	20.0	2.0	66.0	1.0	1.0	27.0	607.0	1.0	298.0	4.0		212.0	1.0		4.0		5.0							5.0				269.0						
NC_073238.2	1::NC_073238.2:21409383-21420792	11409	False	0.5223	1										258.0	268.0				200.0	3.0		156.0	232.0				461.0		6.0	664.0	164.0	9.0	1.0	256.0	26.0	5.0	51.0			25.0	448.0		218.0	7.0		156.0					2.0			4.0				1.0				182.0						
NC_073238.2	-2::NC_073238.2:21432332-21454379	22047	False	0.5179	0	8.0		15.0			2.0	3.0		1.0	535.0	539.0	1.0		2.0	369.0	3.0	4.0	290.0	458.0		2.0		906.0	7.0	2.0	1281.0	288.0	1.0		511.0	29.0	1.0	98.0	12.0		41.0	864.0	3.0	399.0	4.0	7.0	282.0				2.0	3.0	1.0	1.0	1.0				2.0		1.0		367.0			3.0			
NC_073238.2	-3::NC_073238.2:21448501-21461527	13026	False	0.5128	0	5.0		11.0			4.0	4.0		1.0	336.0	346.0	1.0		2.0	219.0	3.0	4.0	148.0	257.0				548.0	5.0	3.0	756.0	161.0	2.0	1.0	297.0	21.0		51.0	10.0	1.0	20.0	513.0	1.0	223.0	4.0	6.0	152.0				2.0	3.0	1.0	1.0	1.0				2.0				213.0			2.0	1.0		
NC_073238.2	-1::NC_073238.2:21454374-21468369	13995	False	0.5111	0	7.0	1.0	13.0			4.0	3.0		1.0	372.0	381.0	1.0		2.0	227.0	3.0	4.0	146.0	278.0		1.0		597.0	4.0	8.0	814.0	155.0	1.0	2.0	324.0	15.0		50.0	10.0	1.0	23.0	551.0	1.0	242.0	3.0	6.0	162.0				2.0	2.0	1.0	1.0	1.0	1.0			2.0				240.0			1.0	1.0		
NC_073238.2	-2::NC_073238.2:21461522-21474863	13341	False	0.5115	0	4.0	2.0	10.0			4.0	3.0		2.0	357.0	352.0	1.0	1.0	4.0	218.0	3.0	3.0	149.0	262.0		1.0		578.0	2.0	9.0	776.0	143.0	1.0	1.0	306.0	15.0		48.0	11.0	1.0	22.0	520.0	3.0	234.0	3.0	6.0	152.0				2.0	2.0			1.0			1.0	3.0		2.0		228.0				1.0		
NC_073238.2	-1::NC_073238.2:21468372-21496734	28362	False	0.5141	1	16.0		22.0			8.0	2.0		3.0	721.0	752.0	3.0	2.0	2.0	494.0	2.0	2.0	307.0	577.0				1185.0	6.0	3.0	1653.0	342.0	9.0	2.0	681.0	38.0	3.0	136.0	20.0		50.0	1103.0	1.0	503.0	3.0	12.0	314.0			1.0	1.0	4.0			2.0				3.0		1.0		462.0	1.0		2.0			
NC_073238.2	-2::NC_073238.2:21474866-21502550	27684	False	0.5143	1	12.0		29.0			2.0	1.0			710.0	705.0	3.0	5.0		446.0	2.0	2.0	316.0	563.0		4.0		1160.0	6.0	9.0	1621.0	315.0	1.0	5.0	658.0	36.0	4.0	125.0	25.0	1.0	51.0	1081.0	1.0	495.0	2.0	11.0	336.0	1.0	1.0		2.0	3.0	1.0	1.0	1.0				3.0				470.0	1.0			1.0		
NC_073238.2	-3::NC_073238.2:21474874-21501562	26688	False	0.5151	1	8.0		19.0				2.0			671.0	682.0	2.0	3.0		442.0	1.0		323.0	545.0				1155.0	4.0	1.0	1554.0	308.0	3.0	2.0	631.0	51.0	4.0	124.0	29.0		51.0	1026.0		489.0	1.0	18.0	305.0		1.0	1.0		4.0							6.0		3.0		426.0	1.0					
NC_073236.2	-3::NC_073236.2:18460955-18847313	386358	False	0.5228	1	44.0	2.0	113.0			8.0	153.0		1.0	8304.0	8301.0	53.0	45.0	32.0	6865.0	30.0	35.0	5834.0	7823.0		2.0		15213.0	10.0	92.0	22505.0	5813.0	19.0	157.0	8573.0	524.0	16.0	1582.0	110.0	77.0	1007.0	14984.0	1.0	7380.0	4.0	116.0	5864.0	6.0	110.0	3.0		24.0	1.0		4.0	1.0	1.0		75.0			1.0	6867.0	1.0					
NC_073236.2	-2::NC_073236.2:18461034-18586215	125181	False	0.5193	1	16.0	2.0	48.0			5.0	72.0		1.0	2696.0	2728.0	23.0	21.0	10.0	2235.0	9.0	7.0	1739.0	2540.0		2.0		4974.0	8.0	14.0	7272.0	1765.0	7.0	64.0	2784.0	157.0	8.0	617.0	44.0	19.0	435.0	4841.0	1.0	2452.0	3.0	52.0	1723.0	4.0	51.0	2.0	1.0	11.0			1.0	1.0			20.0			2.0	2240.0						
NC_073236.2	-1::NC_073236.2:18461140-19049575	588435	False	0.5241	1	65.0	8.0	128.0			11.0	212.0		1.0	12558.0	12603.0	71.0	69.0	186.0	10404.0	234.0	172.0	9162.0	12072.0		2.0		22965.0	12.0	108.0	34118.0	9172.0	75.0	196.0	12971.0	826.0	20.0	2289.0	129.0	102.0	1288.0	22694.0	4.0	11162.0	55.0	129.0	9144.0	10.0	138.0	2.0	2.0	23.0			1.0	5.0	1.0		122.0				10419.0	3.0		2.0			
NC_073236.2	3::NC_073236.2:18521804-18540476	18672	False	0.5247	1	2.0		8.0				10.0			398.0	406.0	4.0	3.0		338.0			274.0	380.0				738.0		4.0	1084.0	306.0	3.0	10.0	414.0	27.0	3.0	78.0	3.0	8.0	30.0	723.0		350.0			289.0					2.0					1.0		4.0				324.0						
NC_073236.2	2::NC_073236.2:18541138-18553663	12525	False	0.5244	0	2.0		3.0			1.0	11.0			271.0	269.0	2.0	6.0		226.0			195.0	255.0				494.0		6.0	735.0	192.0	1.0	2.0	280.0	23.0	6.0	46.0		3.0	27.0	478.0		237.0			189.0					2.0							2.0				211.0						
NC_073236.2	1::NC_073236.2:18541485-18554649	13164	False	0.5246	0	2.0		2.0			2.0	2.0			285.0	284.0	2.0	1.0		231.0			199.0	271.0				517.0		3.0	760.0	210.0	2.0	9.0	295.0	14.0		57.0	3.0	2.0	21.0	514.0		249.0			201.0					6.0							7.0				237.0						
NC_073236.2	3::NC_073236.2:18556250-18567926	11676	False	0.5254	1	2.0		3.0			2.0	5.0			260.0	240.0	2.0			208.0			177.0	233.0				447.0		6.0	673.0	181.0		9.0	259.0	13.0		61.0	5.0	1.0	22.0	456.0		215.0			191.0					4.0							3.0				214.0						
NC_073236.2	1::NC_073236.2:18581556-18597183	15627	False	0.524	0	1.0		2.0			1.0	3.0	1.0		343.0	328.0	1.0	3.0		267.0	1.0		250.0	323.0				598.0		3.0	917.0	252.0		2.0	349.0	23.0		67.0	5.0	2.0	22.0	609.0		311.0			256.0												2.0				267.0						
NC_073236.2	-2::NC_073236.2:18586218-19032354	446136	False	0.5253	1	42.0	13.0	78.0			6.0	124.0		1.0	9561.0	9502.0	44.0	47.0	129.0	7857.0	182.0	153.0	7106.0	9192.0		3.0		17355.0	12.0	87.0	25885.0	7119.0	39.0	136.0	9843.0	670.0	16.0	1583.0	84.0	101.0	807.0	17259.0	3.0	8361.0	49.0	74.0	7149.0	1.0	87.0	1.0	3.0	15.0			1.0	3.0			88.0				7839.0			2.0			
NC_073236.2	3::NC_073236.2:18592775-18616097	23322	False	0.5246	0	2.0		3.0				5.0			502.0	498.0	3.0	4.0		392.0			372.0	489.0				897.0		2.0	1373.0	377.0		2.0	519.0	37.0		96.0	5.0	4.0	35.0	912.0		462.0			384.0												5.0				394.0						
NC_073236.2	3::NC_073236.2:18618668-18629369	10701	False	0.5242	0	2.0		3.0				3.0			230.0	231.0	2.0	3.0		177.0			174.0	225.0				418.0		1.0	631.0	172.0			239.0	19.0		35.0	1.0	2.0	21.0	418.0		207.0			173.0												1.0				179.0						
NC_073236.2	1::NC_073236.2:18627546-18639555	12009	False	0.5244	0	2.0		2.0				3.0			259.0	252.0	2.0	3.0		197.0			192.0	257.0				470.0		1.0	707.0	194.0			266.0	16.0		44.0	2.0	2.0	19.0	472.0		234.0			196.0								1.0				2.0				208.0						
NC_073236.2	3::NC_073236.2:18673940-18688697	14757	False	0.5242	0	3.0		6.0				8.0			324.0	320.0	3.0	1.0	1.0	272.0	2.0	3.0	217.0	297.0				583.0		2.0	859.0	235.0	1.0	4.0	332.0	25.0	1.0	55.0	4.0	6.0	23.0	572.0		271.0			227.0												3.0				259.0						
NC_073236.2	1::NC_073236.2:18689988-18701328	11340	False	0.5249	0			3.0				6.0			247.0	249.0		2.0	1.0	208.0	3.0	2.0	165.0	230.0				453.0		1.0	654.0	173.0		7.0	255.0	13.0	2.0	44.0	4.0	3.0	23.0	441.0		210.0			175.0					1.0											205.0						
NC_073236.2	3::NC_073236.2:18707651-18718583	10932	False	0.5247	1	2.0		6.0				7.0			234.0	241.0	3.0	1.0	2.0	199.0		2.0	161.0	227.0				434.0			641.0	181.0		1.0	250.0	19.0	1.0	34.0	1.0	4.0	12.0	419.0		203.0			167.0												4.0				188.0						
NC_073236.2	1::NC_073236.2:18717834-18729276	11442	False	0.5245	0	1.0		6.0				7.0			244.0	246.0	2.0	1.0	2.0	213.0		3.0	168.0	229.0				457.0		1.0	670.0	189.0		4.0	253.0	15.0		42.0	4.0	5.0	17.0	442.0		211.0			176.0												4.0				202.0						
NC_073236.2	2::NC_073236.2:18807499-18817717	10218	False	0.5247	0	1.0		4.0			1.0	5.0			223.0	222.0	1.0		2.0	187.0	1.0	2.0	150.0	205.0				409.0		2.0	596.0	164.0		4.0	227.0	14.0		36.0	3.0	4.0	18.0	394.0		187.0			159.0					1.0							2.0				182.0						
NC_073236.2	-3::NC_073236.2:18847316-18977078	129762	False	0.5261	1	20.0	2.0	13.0			1.0	33.0		3.0	2752.0	2739.0	18.0	16.0	24.0	2281.0	27.0	27.0	2110.0	2714.0				5045.0	3.0	30.0	7575.0	2106.0	4.0	29.0	2851.0	254.0		458.0	13.0	30.0	205.0	5028.0	1.0	2422.0	6.0	14.0	2101.0		16.0		2.0	2.0							26.0				2252.0			1.0			
NC_073236.2	1::NC_073236.2:18868818-18887247	18429	False	0.5264	0	2.0		4.0				4.0			390.0	392.0	1.0		1.0	321.0	3.0	2.0	299.0	391.0				708.0		3.0	1072.0	306.0		5.0	412.0	44.0		70.0	4.0	5.0	30.0	718.0	1.0	345.0	1.0		297.0												5.0				307.0						
NC_073236.2	2::NC_073236.2:18873340-18912373	39033	False	0.5269	0	2.0		8.0				14.0			814.0	821.0	2.0	5.0	4.0	662.0	4.0	1.0	640.0	847.0				1517.0		8.0	2286.0	650.0	1.0	7.0	851.0	70.0		152.0	3.0	10.0	63.0	1513.0	1.0	734.0	1.0		636.0					1.0							11.0				670.0			2.0			
NC_073236.2	3::NC_073236.2:18878117-18890426	12309	False	0.5271	0	3.0		2.0				2.0			259.0	256.0	2.0	1.0	1.0	209.0	2.0		204.0	265.0				461.0		4.0	719.0	203.0	1.0		273.0	25.0		56.0		3.0	18.0	481.0		233.0			204.0					1.0							2.0				212.0			1.0			
NC_073236.2	1::NC_073236.2:18887382-18911676	24294	False	0.5271	0	3.0					1.0	2.0		1.0	510.0	514.0	3.0	2.0		421.0	3.0	2.0	399.0	511.0				929.0		8.0	1414.0	398.0		9.0	537.0	52.0		85.0	4.0	7.0	44.0	950.0	1.0	456.0			406.0					1.0							4.0				420.0			1.0			
NC_073236.2	3::NC_073236.2:18910421-18925187	14766	False	0.5261	0	1.0		2.0				6.0			307.0	302.0	1.0	2.0	1.0	266.0		2.0	240.0	304.0				573.0		2.0	869.0	244.0		1.0	320.0	39.0		54.0	3.0	6.0	25.0	573.0		283.0			242.0												4.0				250.0						
NC_073236.2	2::NC_073236.2:18913384-18924823	11439	False	0.5268	0							1.0			236.0	242.0		1.0		196.0	1.0		188.0	237.0				431.0		5.0	667.0	192.0		4.0	250.0	21.0		52.0	2.0	3.0	22.0	447.0		218.0			192.0												1.0				204.0						
NC_073236.2	2::NC_073236.2:18924826-18973396	48570	False	0.5257	0	14.0	2.0					16.0			1039.0	1060.0	14.0	11.0	17.0	849.0	17.0	10.0	780.0	1024.0				1887.0		9.0	2821.0	783.0	4.0	12.0	1066.0	91.0		164.0	1.0	8.0	61.0	1878.0		898.0	4.0		790.0									1.0			9.0				850.0						
NC_073236.2	1::NC_073236.2:18929280-18969027	39747	False	0.5256	0	7.0						14.0			868.0	849.0	7.0	14.0	3.0	677.0	4.0	6.0	639.0	862.0				1577.0		7.0	2325.0	638.0		12.0	864.0	65.0		135.0		9.0	44.0	1543.0		730.0	1.0		637.0				1.0					2.0			8.0				701.0						
NC_073236.2	3::NC_073236.2:18932732-18969911	37179	False	0.5254	0	10.0						8.0		1.0	797.0	815.0	10.0	7.0	9.0	653.0	6.0	6.0	591.0	787.0				1489.0		8.0	2167.0	593.0	1.0	14.0	802.0	84.0		108.0		8.0	51.0	1436.0		688.0	3.0		597.0				2.0								6.0				636.0						
NC_073236.2	2::NC_073236.2:18974266-18984871	10605	False	0.5259	0		1.0					5.0			208.0	257.0			12.0	174.0	10.0	13.0	160.0	227.0				408.0			615.0	171.0	10.0	1.0	225.0	16.0		29.0	1.0	1.0	9.0	397.0		209.0	9.0		171.0	1.0															195.0						
NC_073236.2	-3::NC_073236.2:18977081-19025996	48915	False	0.527	0		3.0					5.0			1059.0	1024.0	2.0	1.0	83.0	865.0	107.0	80.0	819.0	1017.0		3.0		1848.0	1.0		2764.0	826.0	25.0	6.0	1042.0	85.0		162.0		6.0	45.0	1833.0		909.0	24.0		804.0		9.0		1.0	2.0				1.0							844.0						
NC_073236.2	1::NC_073236.2:18977394-18992334	14940	False	0.5261	0		6.0					2.0			344.0	334.0	1.0		14.0	259.0	26.0	15.0	242.0	296.0				559.0			847.0	232.0	6.0	5.0	338.0	28.0		47.0		1.0	23.0	570.0		267.0	18.0		243.0					1.0											256.0						
NC_073236.2	2::NC_073236.2:18992116-19003213	11097	False	0.5283	0		1.0					1.0			240.0	240.0			17.0	192.0	23.0	12.0	185.0	229.0				406.0			628.0	189.0	6.0	2.0	244.0	20.0		37.0			10.0	416.0		204.0	9.0		191.0					1.0											196.0						
NC_073236.2	3::NC_073236.2:18996569-19009145	12576	False	0.5284	0		1.0					2.0			264.0	276.0			20.0	219.0	19.0	23.0	214.0	263.0		2.0		456.0			721.0	214.0	9.0	1.0	265.0	25.0		44.0		1.0	9.0	472.0		236.0	6.0		216.0					1.0				1.0							212.0						
NC_073236.2	-3::NC_073236.2:19029263-19042622	13359	False	0.5261	0		2.0					7.0			275.0	294.0			30.0	244.0	36.0	31.0	217.0	272.0				495.0			746.0	232.0	8.0	4.0	272.0	20.0		36.0		1.0	9.0	485.0		253.0	5.0	1.0	231.0		5.0		1.0												239.0	2.0					
NC_073236.2	-3::NC_073236.2:19042625-19058126	15501	False	0.5268	0		2.0					2.0			337.0	316.0		2.0	23.0	278.0	34.0	23.0	268.0	317.0				579.0			869.0	264.0	4.0	7.0	339.0	25.0		46.0		2.0	16.0	580.0		286.0	9.0		257.0		8.0		1.0												272.0	1.0					
NC_073236.2	-2::NC_073236.2:19046178-19081059	34881	False	0.5261	0		3.0				1.0	16.0			738.0	759.0		4.0	80.0	627.0	82.0	65.0	590.0	714.0				1290.0			1957.0	580.0	21.0	12.0	727.0	53.0		82.0		1.0	43.0	1268.0		656.0	19.0		596.0		9.0	1.0	2.0					4.0							621.0	6.0					
NC_073236.2	1::NC_073236.2:19048095-19058127	10032	False	0.5266	0		2.0				1.0	5.0			218.0	218.0		1.0	19.0	175.0	18.0	10.0	173.0	207.0				370.0			569.0	161.0	5.0	5.0	216.0	16.0		25.0			16.0	368.0		186.0	8.0		171.0									1.0							178.0	2.0					
NC_073236.2	-3::NC_073236.2:19076540-19099589	23049	False	0.5259	0		1.0					9.0			491.0	499.0		1.0	54.0	422.0	73.0	55.0	389.0	471.0				851.0	1.0		1272.0	389.0	12.0	8.0	479.0	31.0		54.0		2.0	19.0	840.0		431.0	9.0		389.0		8.0		5.0				1.0	1.0							412.0	4.0					
NC_073236.2	-1::NC_073236.2:19079566-19106236	26670	False	0.5258	0							9.0			585.0	571.0		5.0	61.0	484.0	72.0	67.0	445.0	542.0				968.0	1.0		1482.0	451.0	14.0	12.0	564.0	35.0		67.0		1.0	16.0	972.0		489.0	18.0		452.0		13.0		1.0					3.0							489.0	1.0					
NC_073236.2	-3::NC_073236.2:19107752-19139135	31383	False	0.5264	0		4.0					17.0			654.0	687.0		1.0	63.0	567.0	69.0	57.0	525.0	639.0		1.0		1191.0			1765.0	531.0	18.0	7.0	650.0	50.0		78.0		3.0	29.0	1150.0		588.0	15.0		530.0		12.0			1.0			1.0	1.0							555.0	2.0					
NC_073236.2	-2::NC_073236.2:19108908-19119870	10962	False	0.5268	0		1.0					3.0			235.0	228.0			18.0	199.0	33.0	25.0	186.0	224.0				411.0			608.0	188.0	4.0	3.0	231.0	13.0		27.0		1.0	9.0	409.0		202.0	5.0		186.0		6.0		1.0												197.0	1.0					
NC_073236.2	-1::NC_073236.2:19113328-19287679	174351	False	0.5267	1	7.0	17.0	9.0	2.0		6.0	23.0		1.0	3703.0	3662.0	16.0	17.0	159.0	3016.0	247.0	159.0	2991.0	3663.0		1.0		6551.0	18.0	1.0	9957.0	3001.0	36.0	29.0	3745.0	344.0	3.0	548.0	11.0	21.0	160.0	6658.0	8.0	3262.0	72.0	11.0	2941.0	3.0	29.0	1.0	3.0	1.0	2.0		5.0	6.0			2.0			1.0	2986.0	1.0	1.0				
NC_073236.2	-2::NC_073236.2:19119873-19172223	52350	False	0.527	1		5.0		2.0	1.0		21.0			1105.0	1128.0		2.0	74.0	907.0	74.0	81.0	851.0	1092.0				1939.0			2992.0	879.0	29.0	14.0	1105.0	85.0		198.0		11.0	55.0	1956.0	1.0	970.0	32.0		882.0		20.0	1.0	3.0	1.0				2.0							932.0						
NC_073236.2	-3::NC_073236.2:19139138-19176983	37845	False	0.5267	1		17.0				2.0	9.0			830.0	802.0			48.0	631.0	51.0	27.0	633.0	804.0				1440.0		1.0	2157.0	603.0	14.0	18.0	821.0	78.0		113.0	4.0	4.0	68.0	1422.0		693.0	32.0	3.0	632.0	2.0	7.0		2.0												647.0						
NC_073236.2	3::NC_073236.2:19160282-19170887	10605	False	0.5277	1		5.0					2.0			230.0	222.0			13.0	177.0	16.0	7.0	179.0	227.0				400.0		1.0	603.0	174.0	4.0	4.0	232.0	28.0		32.0	1.0	1.0	18.0	401.0		196.0	6.0		181.0																175.0						
NC_073236.2	1::NC_073236.2:19164753-19176456	11703	False	0.5268	1		2.0	2.0	4.0			3.0	2.0		255.0	250.0		1.0	4.0	188.0	14.0	7.0	195.0	251.0				429.0			671.0	195.0	1.0	2.0	262.0	23.0		55.0	2.0	5.0	14.0	452.0		212.0	7.0		193.0																200.0						
NC_073236.2	-2::NC_073236.2:19178703-19287357	108654	False	0.5271	1	3.0	4.0	8.0			5.0	5.0			2250.0	2277.0	8.0	14.0	72.0	1893.0	121.0	92.0	1880.0	2290.0				4057.0	4.0	1.0	6253.0	1910.0	25.0	5.0	2285.0	242.0	2.0	346.0	17.0		91.0	4192.0	10.0	2070.0	18.0	6.0	1900.0		6.0	1.0	4.0	2.0			1.0	4.0							1844.0						
NC_073236.2	-3::NC_073236.2:19183310-19287365	104055	False	0.5277	1		1.0	3.0	1.0		5.0	5.0		1.0	2170.0	2164.0	14.0	7.0	90.0	1783.0	89.0	87.0	1846.0	2214.0		2.0		3816.0	4.0		6011.0	1829.0	34.0		2191.0	203.0	4.0	351.0	12.0		86.0	3996.0	6.0	1966.0	27.0		1839.0		4.0	4.0	5.0			1.0	1.0	3.0			1.0				1809.0						
NC_073236.2	1::NC_073236.2:19183311-19257468	74157	False	0.5279	1	3.0		4.0			2.0	3.0			1522.0	1532.0	4.0	10.0	52.0	1318.0	79.0	52.0	1298.0	1555.0				2780.0		1.0	4277.0	1324.0	16.0	2.0	1557.0	152.0		219.0	5.0		56.0	2858.0	6.0	1420.0	13.0		1317.0			1.0		2.0			1.0	1.0							1277.0						
NC_073236.2	2::NC_073236.2:19190800-19275301	84501	False	0.5285	1	1.0	1.0					3.0			1751.0	1723.0	9.0	10.0	72.0	1434.0	90.0	60.0	1518.0	1822.0				3152.0			4870.0	1524.0	17.0	2.0	1792.0	167.0		233.0	4.0		56.0	3236.0	4.0	1605.0	29.0		1510.0			1.0	2.0	1.0			2.0	2.0							1464.0						
NC_073236.2	3::NC_073236.2:19191956-19215290	23334	False	0.5285	1						2.0				490.0	494.0	2.0		27.0	378.0	29.0	24.0	415.0	516.0		2.0		848.0			1343.0	398.0	11.0		499.0	38.0	1.0	79.0	2.0		23.0	887.0		440.0	9.0		409.0			1.0					1.0				1.0				409.0						
NC_073236.2	3::NC_073236.2:19215293-19254029	38736	False	0.5286	0		1.0								784.0	801.0	3.0	4.0	22.0	703.0	26.0	24.0	711.0	799.0				1438.0			2255.0	706.0	13.0		794.0	50.0		98.0	3.0		19.0	1493.0	1.0	743.0	5.0		711.0																705.0						
NC_073236.2	3::NC_073236.2:19270778-19286483	15705	False	0.5284	0							3.0			330.0	321.0	3.0	2.0	19.0	262.0	12.0	18.0	280.0	340.0				560.0			909.0	278.0	5.0		338.0	34.0		61.0	2.0		14.0	593.0	1.0	296.0	7.0		276.0			2.0	2.0												267.0						
NC_073236.2	-2::NC_073236.2:20055615-20205381	149766	False	0.5261	0	18.0	7.0	4.0			5.0	27.0		3.0	3227.0	3212.0	24.0	17.0	98.0	2598.0	140.0	93.0	2450.0	3140.0		4.0		5717.0	4.0	16.0	8619.0	2449.0	24.0	32.0	3267.0	276.0		529.0	3.0	25.0	200.0	5760.0	1.0	2777.0	40.0	4.0	2462.0	1.0	17.0	1.0	2.0	3.0			3.0	5.0			21.0			1.0	2594.0				2.0		
NC_073236.2	-1::NC_073236.2:20055694-20154544	98850	False	0.5257	0	14.0	4.0	2.0			4.0	30.0		1.0	2116.0	2098.0	15.0	17.0	15.0	1725.0	19.0	10.0	1600.0	2077.0				3859.0	2.0	23.0	5769.0	1607.0	3.0	27.0	2163.0	203.0		345.0	3.0	20.0	159.0	3839.0	3.0	1842.0	5.0	4.0	1595.0		6.0	1.0	4.0								19.0			2.0	1700.0						
NC_073236.2	-3::NC_073236.2:20055800-20216210	160410	False	0.5262	0	16.0	6.0	3.0			4.0	44.0		4.0	3426.0	3422.0	18.0	23.0	123.0	2789.0	170.0	131.0	2638.0	3382.0		3.0		6143.0	8.0	19.0	9226.0	2639.0	42.0	27.0	3468.0	295.0	1.0	519.0	3.0	25.0	210.0	6142.0	1.0	2986.0	36.0	5.0	2631.0	1.0	18.0		6.0	3.0	1.0			4.0			16.0				2790.0	3.0					
NC_073236.2	2::NC_073236.2:20061346-20074342	12996	False	0.5267	0	2.0					1.0	3.0			269.0	275.0	2.0	2.0		224.0			204.0	278.0				506.0		1.0	758.0	214.0	2.0	5.0	278.0	23.0		52.0		5.0	23.0	507.0	1.0	246.0			219.0												1.0				231.0						
NC_073236.2	1::NC_073236.2:20062689-20074824	12135	False	0.5267	0	3.0					3.0	3.0		2.0	255.0	256.0	3.0	2.0		210.0			205.0	257.0				465.0		5.0	712.0	191.0		2.0	267.0	27.0		38.0		2.0	24.0	473.0		228.0	1.0		202.0												1.0				208.0						
NC_073236.2	1::NC_073236.2:20074827-20092686	17859	False	0.5271	0	2.0					1.0	3.0			369.0	376.0	2.0	2.0		311.0	2.0		286.0	380.0				691.0		2.0	1038.0	297.0	1.0	8.0	384.0	32.0		73.0		7.0	28.0	697.0	1.0	340.0			302.0												3.0				315.0						
NC_073236.2	3::NC_073236.2:20076170-20091428	15258	False	0.5271	0	4.0					2.0	2.0		3.0	318.0	322.0	4.0	2.0		260.0		1.0	257.0	326.0				582.0		6.0	893.0	243.0		2.0	336.0	34.0		50.0		3.0	33.0	599.0		284.0			256.0												1.0				263.0						
NC_073236.2	2::NC_073236.2:20079490-20093383	13893	False	0.527	0	2.0						7.0			290.0	289.0	2.0	3.0	3.0	246.0			232.0	297.0				533.0		3.0	818.0	229.0		2.0	307.0	29.0		50.0	1.0	1.0	24.0	533.0		263.0			226.0												6.0				235.0						
NC_073236.2	2::NC_073236.2:20094394-20106148	11754	False	0.5265	0			1.0				4.0			244.0	243.0		2.0	1.0	204.0			196.0	247.0				450.0		4.0	690.0	200.0		2.0	260.0	24.0		46.0		3.0	20.0	456.0		224.0			190.0												2.0				205.0						
NC_073236.2	1::NC_073236.2:20106027-20150913	44886	False	0.5258	0	13.0	1.0	1.0				12.0			961.0	968.0	13.0	10.0	6.0	774.0	9.0	8.0	722.0	961.0				1743.0		6.0	2613.0	731.0	1.0	9.0	991.0	77.0		160.0	1.0	9.0	53.0	1746.0		830.0	2.0		727.0									1.0			12.0				791.0						
NC_073236.2	2::NC_073236.2:20106151-20150029	43878	False	0.5259	0	10.0		1.0				10.0		1.0	941.0	944.0	10.0	8.0	6.0	772.0	6.0	3.0	713.0	929.0				1723.0		12.0	2565.0	710.0		13.0	962.0	98.0		142.0		6.0	54.0	1699.0		817.0	2.0		708.0				2.0								9.0				750.0						
NC_073236.2	3::NC_073236.2:20113853-20154545	40692	False	0.5256	0	6.0	2.0				1.0	15.0			886.0	884.0	6.0	13.0	12.0	695.0	9.0	8.0	646.0	870.0				1612.0		7.0	2373.0	653.0	3.0	13.0	885.0	77.0		131.0		11.0	50.0	1572.0		746.0	6.0		656.0				1.0					2.0			5.0				708.0						
NC_073236.2	1::NC_073236.2:20151783-20161980	10197	False	0.5261	0		3.0					3.0			221.0	233.0	1.0		12.0	175.0	14.0	6.0	160.0	209.0				389.0			583.0	161.0	6.0	3.0	223.0	22.0		35.0		1.0	15.0	384.0		189.0	9.0		167.0	1.0															174.0						
NC_073236.2	-1::NC_073236.2:20154547-20222041	67494	False	0.5269	0		6.0					14.0			1437.0	1483.0	2.0	3.0	126.0	1169.0	143.0	128.0	1121.0	1397.0		3.0		2487.0	1.0		3810.0	1141.0	43.0	16.0	1433.0	109.0		198.0	1.0	3.0	48.0	2502.0		1261.0	45.0	1.0	1147.0	1.0	15.0		3.0	5.0				2.0							1193.0	1.0					
NC_073236.2	2::NC_073236.2:20156611-20167165	10554	False	0.5265	0		1.0					4.0			207.0	251.0			12.0	171.0	8.0	12.0	166.0	223.0				404.0			613.0	175.0	11.0	1.0	220.0	14.0		33.0	1.0	1.0	7.0	397.0		207.0	11.0		173.0					1.0											194.0						
NC_073236.2	1::NC_073236.2:20161983-20173368	11385	False	0.5271	0		1.0					1.0			263.0	245.0			16.0	205.0	24.0	16.0	190.0	230.0		1.0		423.0			644.0	181.0	4.0	2.0	250.0	19.0		42.0		1.0	16.0	431.0		202.0	10.0		186.0				1.0					1.0							190.0						
NC_073236.2	3::NC_073236.2:20166947-20187137	20190	False	0.5279	0		1.0					4.0			426.0	446.0			35.0	347.0	36.0	34.0	335.0	424.0		2.0		747.0			1151.0	342.0	14.0	3.0	433.0	35.0		61.0			13.0	753.0		379.0	14.0		339.0				1.0	2.0				1.0							352.0						
NC_073236.2	2::NC_073236.2:20181004-20192848	11844	False	0.5279	0		1.0					1.0			261.0	249.0			26.0	205.0	24.0	24.0	204.0	248.0		1.0		430.0			672.0	203.0	5.0	2.0	256.0	25.0		37.0			8.0	437.0		217.0	7.0		201.0				1.0	1.0				1.0							201.0						
NC_073236.2	3::NC_073236.2:20187140-20200328	13188	False	0.5277	0							2.0		1.0	273.0	280.0	1.0		27.0	228.0	38.0	23.0	224.0	279.0		1.0		496.0			736.0	228.0	7.0	1.0	274.0	25.0		39.0			11.0	489.0		252.0	5.0		228.0																228.0						
NC_073236.2	-2::NC_073236.2:20211759-20242713	30954	False	0.5264	0		4.0				1.0	12.0			667.0	655.0		5.0	53.0	551.0	70.0	52.0	527.0	633.0				1146.0			1735.0	513.0	15.0	14.0	658.0	45.0		82.0		2.0	40.0	1146.0		573.0	20.0	1.0	525.0		12.0		1.0					3.0							554.0	3.0					
NC_073236.2	-3::NC_073236.2:20225597-20237528	11931	False	0.5267	0		1.0					1.0			260.0	243.0		2.0	19.0	217.0	28.0	20.0	204.0	241.0				449.0			667.0	205.0	3.0	6.0	263.0	20.0		34.0		2.0	10.0	444.0		219.0	7.0		194.0		8.0		1.0												209.0						
NC_073236.2	1::NC_073236.2:20227497-20237529	10032	False	0.5267	0		2.0				1.0	5.0			218.0	218.0		1.0	19.0	175.0	18.0	10.0	173.0	207.0				370.0			569.0	160.0	5.0	5.0	216.0	16.0		25.0		1.0	16.0	368.0		186.0	8.0		171.0									1.0							178.0	2.0					
NC_073236.2	-1::NC_073236.2:20234590-20247031	12441	False	0.5262	0		2.0					5.0			267.0	266.0		1.0	26.0	224.0	25.0	24.0	206.0	254.0				465.0			700.0	208.0	6.0	5.0	264.0	21.0		32.0			14.0	456.0		231.0	8.0		210.0		4.0		2.0												219.0	2.0					
NC_073236.2	-3::NC_073236.2:20239367-20250278	10911	False	0.5262	0							5.0			234.0	234.0		1.0	25.0	194.0	28.0	28.0	185.0	224.0				399.0	1.0		610.0	183.0	6.0	3.0	228.0	11.0		22.0			10.0	397.0		204.0	8.0		187.0		4.0		1.0					2.0							202.0	1.0					
NC_073236.2	-2::NC_073236.2:20242716-20254800	12084	False	0.5261	0							5.0			248.0	265.0		1.0	34.0	222.0	38.0	30.0	204.0	246.0				447.0			669.0	208.0	7.0	2.0	244.0	16.0		26.0		1.0	10.0	435.0		230.0	3.0		209.0		4.0	1.0	1.0					2.0							218.0	2.0					
NC_073236.2	-3::NC_073236.2:20250281-20273942	23661	False	0.5262	0		2.0					8.0			508.0	502.0		1.0	51.0	433.0	75.0	60.0	398.0	487.0				870.0			1308.0	400.0	11.0	8.0	490.0	29.0		59.0		1.0	21.0	865.0		441.0	9.0		405.0		9.0		6.0				1.0								425.0	4.0					
NC_073236.2	-1::NC_073236.2:20253307-20277223	23916	False	0.5262	0							8.0			509.0	515.0		4.0	60.0	434.0	62.0	59.0	405.0	488.0				876.0	1.0		1333.0	407.0	13.0	9.0	500.0	33.0		53.0		2.0	15.0	868.0		446.0	12.0		408.0		11.0		1.0	1.0				3.0							435.0	1.0					
NC_073236.2	-2::NC_073236.2:20265972-20299017	33045	False	0.526	0							11.0			731.0	703.0		5.0	75.0	603.0	99.0	78.0	553.0	668.0		2.0		1204.0	3.0		1829.0	560.0	15.0	14.0	702.0	41.0		87.0			20.0	1204.0		603.0	23.0		557.0		13.0		2.0					5.0							603.0	2.0					
NC_073236.2	-1::NC_073236.2:20277226-20292370	15144	False	0.5261	0							7.0			317.0	337.0	1.0		40.0	276.0	42.0	33.0	255.0	309.0				564.0	1.0		843.0	255.0	9.0	4.0	313.0	23.0		34.0		2.0	11.0	548.0		284.0	5.0		255.0		5.0		2.0	1.0				1.0							269.0	2.0					
NC_073236.2	-2::NC_073236.2:20299020-20312634	13614	False	0.5263	0							5.0			287.0	293.0		2.0	32.0	246.0	32.0	31.0	229.0	278.0				506.0			761.0	234.0	10.0	5.0	283.0	16.0		29.0		1.0	10.0	497.0		255.0	7.0		231.0		6.0		1.0	1.0				1.0							248.0	1.0					
NC_073236.2	-1::NC_073236.2:20300533-20513077	212544	False	0.5285	1	5.0	8.0	9.0			9.0	19.0		2.0	4466.0	4533.0	8.0	13.0	170.0	3646.0	283.0	192.0	3590.0	4416.0		1.0		7946.0	6.0	6.0	12139.0	3633.0	109.0	47.0	4644.0	465.0	8.0	791.0	30.0	12.0	197.0	8154.0	9.0	3969.0	76.0	9.0	3632.0	1.0	29.0	1.0	4.0	9.0	1.0		2.0	5.0		1.0	6.0				3535.0	2.0					
NC_073236.2	-3::NC_073236.2:20306126-20353712	47586	False	0.5266	0		12.0				1.0	20.0			1030.0	1028.0		1.0	78.0	837.0	109.0	72.0	800.0	981.0		1.0		1789.0	2.0		2669.0	778.0	21.0	19.0	1019.0	72.0		132.0		7.0	64.0	1767.0		874.0	33.0		793.0		12.0		1.0				1.0	1.0							835.0	3.0					
NC_073236.2	-2::NC_073236.2:20312637-20331198	18561	False	0.5265	0		2.0					8.0			393.0	403.0			32.0	327.0	43.0	35.0	297.0	385.0		1.0		709.0			1044.0	306.0	10.0	4.0	388.0	27.0		54.0		1.0	21.0	688.0		340.0	11.0		310.0		11.0	1.0	2.0												334.0						
NC_073236.2	-2::NC_073236.2:20333598-20356551	22953	False	0.5256	0	3.0	4.0	3.0			2.0	11.0			497.0	508.0	1.0	1.0	32.0	401.0	25.0	25.0	368.0	471.0				846.0			1316.0	368.0	12.0	6.0	494.0	32.0	1.0	100.0		4.0	28.0	860.0	1.0	427.0	16.0	1.0	377.0		5.0		2.0												403.0						
NC_073236.2	-3::NC_073236.2:20353715-20510927	157212	False	0.5295	1	3.0		8.0	1.0		9.0	5.0			3349.0	3272.0	10.0	9.0	86.0	2597.0	172.0	88.0	2711.0	3327.0		1.0		5898.0	14.0	5.0	9035.0	2753.0	49.0	27.0	3569.0	380.0	7.0	555.0	27.0	1.0	115.0	6069.0	7.0	2911.0	70.0	6.0	2680.0	2.0	2.0	1.0	4.0	6.0		1.0	3.0	2.0	1.0		1.0				2554.0			1.0			
NC_073236.2	-2::NC_073236.2:20358339-20510919	152580	False	0.53	1	1.0	1.0	5.0	1.0		8.0	2.0			3231.0	3240.0	9.0	6.0	91.0	2511.0	133.0	85.0	2689.0	3243.0		4.0		5591.0	6.0	1.0	8809.0	2631.0	74.0	27.0	3420.0	317.0	8.0	569.0	21.0	2.0	134.0	5898.0	3.0	2808.0	79.0	3.0	2649.0		2.0	4.0	1.0	6.0	1.0		1.0	2.0			5.0				2528.0						
NC_073236.2	2::NC_073236.2:20358340-20402653	44313	False	0.5278	1	2.0		2.0				2.0			913.0	942.0	1.0	3.0	42.0	751.0	55.0	47.0	760.0	959.0				1621.0		1.0	2537.0	761.0	18.0	2.0	934.0	95.0		171.0	4.0		42.0	1696.0	4.0	851.0	9.0		781.0			1.0		2.0			1.0	1.0							760.0						
NC_073236.2	3::NC_073236.2:20362922-20444732	81810	False	0.5286	1			1.0			2.0	2.0			1720.0	1665.0	5.0	6.0	84.0	1366.0	125.0	80.0	1430.0	1767.0				3046.0			4685.0	1470.0	15.0	3.0	1777.0	231.0	1.0	273.0	5.0		54.0	3120.0	6.0	1541.0	29.0		1420.0			1.0		3.0			3.0	1.0	1.0						1332.0						
NC_073236.2	1::NC_073236.2:20364078-20412699	48621	False	0.5286	1						2.0	1.0			1025.0	1017.0	5.0	1.0	56.0	796.0	61.0	48.0	870.0	1072.0		2.0		1772.0			2799.0	847.0	15.0	1.0	1053.0	107.0	1.0	152.0	3.0		41.0	1848.0	1.0	910.0	21.0		846.0			3.0	1.0				1.0				2.0				827.0						
NC_073236.2	2::NC_073236.2:20402656-20443735	41079	False	0.5287	1						2.0				830.0	861.0	3.0	5.0	41.0	712.0	58.0	40.0	715.0	871.0				1479.0		2.0	2352.0	725.0	22.0	1.0	857.0	114.0		182.0	6.0		37.0	1569.0	3.0	792.0	5.0		737.0																672.0						
NC_073236.2	1::NC_073236.2:20412702-20428050	15348	False	0.5288	0										319.0	325.0	1.0		15.0	245.0	20.0	18.0	277.0	342.0				548.0			883.0	268.0	7.0		328.0	32.0	2.0	54.0	2.0		12.0	586.0		291.0	6.0		272.0			1.0									1.0				261.0						
NC_073236.2	1::NC_073236.2:20428053-20465889	37836	False	0.5309	1	1.0		1.0			4.0				808.0	796.0	1.0	5.0	18.0	645.0	20.0	18.0	678.0	778.0				1361.0			2200.0	650.0	12.0	6.0	862.0	52.0	1.0	144.0	3.0		39.0	1464.0		689.0	31.0		670.0					3.0				1.0			1.0				650.0						
NC_073236.2	2::NC_073236.2:20443738-20501890	58152	False	0.533	1	2.0		3.0			4.0				1199.0	1230.0	2.0	1.0	3.0	961.0	38.0	3.0	1003.0	1192.0				2216.0		2.0	3352.0	1023.0	37.0	13.0	1363.0	129.0	5.0	214.0	12.0		43.0	2284.0	1.0	1067.0	29.0		1023.0				2.0	3.0							4.0				921.0						
NC_073236.2	3::NC_073236.2:20444735-20459378	14643	False	0.5325	0						2.0				300.0	294.0	1.0	1.0		247.0	9.0	2.0	261.0	305.0				564.0			849.0	266.0	3.0	2.0	342.0	18.0		40.0	2.0		9.0	574.0		271.0	5.0		255.0				1.0	1.0											256.0			1.0			
NC_073236.2	3::NC_073236.2:20459381-20474693	15312	False	0.5326	1	1.0		1.0							336.0	316.0				254.0	18.0		270.0	312.0				577.0		1.0	879.0	259.0	9.0	3.0	377.0	23.0	2.0	53.0	7.0	1.0	9.0	600.0		275.0	9.0		255.0				1.0	1.0							1.0				254.0						
NC_073236.2	1::NC_073236.2:20465892-20493519	27627	False	0.5331	1			1.0							570.0	609.0				452.0	18.0		469.0	568.0				1052.0		1.0	1593.0	482.0	23.0	8.0	654.0	71.0	2.0	108.0	9.0	2.0	20.0	1083.0		502.0	10.0		475.0					1.0				1.0			1.0				424.0						
NC_073236.2	3::NC_073236.2:20474696-20497661	22965	False	0.5336	1										493.0	496.0				366.0	6.0		395.0	471.0		1.0		841.0		3.0	1339.0	402.0	17.0	10.0	555.0	51.0	1.0	99.0	5.0		17.0	893.0		412.0	19.0		402.0					1.0				1.0							359.0						
NC_073236.2	1::NC_073236.2:20493537-20504793	11256	False	0.5352	1										236.0	231.0			1.0	177.0	7.0		210.0	237.0		1.0		392.0			655.0	202.0	12.0	10.0	262.0	23.0		58.0			5.0	441.0		203.0	8.0		203.0					1.0											177.0						
NC_073236.2	3::NC_073236.2:20498309-20509073	10764	False	0.5331	1										227.0	221.0			1.0	166.0	11.0		187.0	228.0				405.0			614.0	187.0	5.0	8.0	260.0	33.0	2.0	41.0	1.0		7.0	421.0		202.0	5.0		191.0																165.0						
NC_073236.2	-1::NC_073236.2:20527465-20641495	114030	False	0.5262	1	8.0	6.0	1.0			2.0	26.0		1.0	2481.0	2425.0	10.0	16.0	90.0	1968.0	141.0	98.0	1869.0	2392.0		3.0		4386.0	3.0	15.0	6546.0	1875.0	25.0	22.0	2479.0	212.0		373.0	2.0	21.0	140.0	4359.0		2102.0	34.0	6.0	1857.0		15.0		3.0	5.0	1.0		1.0	4.0			9.0				1977.0				1.0		
NC_073236.2	-2::NC_073236.2:20528097-20589384	61287	False	0.5259	0	10.0	2.0	2.0				10.0		1.0	1319.0	1310.0	10.0	9.0	9.0	1073.0	17.0	8.0	991.0	1297.0				2388.0		15.0	3569.0	994.0	1.0	20.0	1344.0	126.0		213.0	1.0	11.0	84.0	2378.0		1143.0	4.0	2.0	996.0		4.0		2.0								14.0				1051.0				1.0		
NC_073236.2	-3::NC_073236.2:20528105-20658155	130050	False	0.5265	1	15.0	9.0	1.0			1.0	27.0			2809.0	2809.0	18.0	13.0	137.0	2271.0	167.0	130.0	2145.0	2713.0		3.0		4894.0	3.0	8.0	7441.0	2145.0	40.0	31.0	2832.0	232.0		419.0	2.0	16.0	138.0	4939.0		2404.0	53.0	2.0	2162.0	2.0	19.0		4.0	4.0				3.0			15.0				2273.0	1.0					
NC_073236.2	2::NC_073236.2:20529421-20541352	11931	False	0.5264	0			1.0				5.0			244.0	248.0		2.0	1.0	209.0			198.0	248.0				455.0		4.0	701.0	202.0		1.0	261.0	25.0		49.0	1.0	4.0	19.0	463.0		230.0			195.0												2.0				209.0						
NC_073236.2	3::NC_073236.2:20540867-20585753	44886	False	0.5258	0	13.0	1.0	1.0				12.0			961.0	968.0	13.0	10.0	6.0	774.0	9.0	8.0	722.0	961.0				1743.0		6.0	2613.0	731.0	1.0	9.0	991.0	77.0		160.0	1.0	9.0	53.0	1746.0		830.0	2.0		727.0									1.0			12.0				791.0						
NC_073236.2	1::NC_073236.2:20540991-20584869	43878	False	0.5259	0	10.0		1.0				10.0		1.0	941.0	944.0	10.0	8.0	6.0	772.0	6.0	3.0	713.0	929.0				1723.0		12.0	2565.0	710.0		13.0	962.0	98.0		142.0		6.0	54.0	1699.0		817.0	2.0		708.0				2.0								9.0				750.0						
NC_073236.2	2::NC_073236.2:20548693-20589385	40692	False	0.5256	0	6.0	2.0				1.0	15.0			886.0	884.0	6.0	13.0	12.0	695.0	9.0	8.0	646.0	870.0				1612.0		7.0	2373.0	653.0	3.0	13.0	885.0	77.0		131.0		11.0	50.0	1571.0		747.0	6.0		656.0				1.0					2.0			5.0				708.0						
NC_073236.2	-2::NC_073236.2:20589387-20652324	62937	False	0.527	1		3.0					20.0		1.0	1309.0	1385.0	1.0		119.0	1095.0	139.0	120.0	1043.0	1317.0		4.0		2363.0	2.0		3551.0	1064.0	45.0	8.0	1310.0	103.0		181.0	1.0	3.0	52.0	2330.0		1197.0	32.0		1061.0	1.0	8.0		3.0	3.0				3.0							1099.0	3.0					
NC_073236.2	1::NC_073236.2:20591451-20602650	11199	False	0.5267	0		1.0					5.0			225.0	264.0			16.0	190.0	11.0	11.0	177.0	236.0		1.0		430.0			646.0	183.0	13.0	2.0	230.0	17.0		36.0	1.0	1.0	12.0	418.0		216.0	8.0		186.0																197.0						
NC_073236.2	3::NC_073236.2:20600546-20612372	11826	False	0.5275	0		2.0				1.0	1.0			258.0	263.0			17.0	204.0	22.0	13.0	192.0	244.0		1.0		448.0			672.0	193.0	4.0	3.0	267.0	24.0		30.0			12.0	448.0		217.0	9.0		193.0				1.0	1.0				1.0							201.0						
NC_073236.2	1::NC_073236.2:20602653-20623251	20598	False	0.5279	0		1.0					5.0			435.0	454.0			30.0	353.0	32.0	36.0	341.0	433.0		2.0		764.0			1177.0	345.0	15.0	2.0	438.0	33.0		69.0			17.0	774.0		388.0	14.0		346.0				1.0	2.0				2.0							357.0						
NC_073236.2	3::NC_073236.2:20617118-20628962	11844	False	0.528	1		1.0					1.0			261.0	249.0			26.0	205.0	24.0	24.0	204.0	248.0		1.0		430.0			672.0	203.0	5.0	2.0	257.0	25.0		36.0			8.0	437.0		217.0	7.0		201.0				1.0	1.0				1.0							201.0						
NC_073236.2	1::NC_073236.2:20623254-20636442	13188	False	0.5278	1							2.0		1.0	273.0	280.0	1.0		27.0	228.0	38.0	23.0	224.0	279.0		1.0		496.0			735.0	228.0	7.0	1.0	275.0	25.0		39.0			11.0	489.0		252.0	5.0		228.0																228.0						
NC_073236.2	-1::NC_073236.2:20647873-20678827	30954	False	0.5264	0		4.0				1.0	12.0			667.0	655.0		5.0	53.0	551.0	70.0	52.0	527.0	633.0				1146.0			1735.0	513.0	15.0	14.0	658.0	45.0		82.0		2.0	40.0	1146.0		573.0	20.0	1.0	525.0		12.0		1.0					3.0							554.0	3.0					
NC_073236.2	-2::NC_073236.2:20661711-20673642	11931	False	0.5267	0		1.0					1.0			260.0	243.0		2.0	19.0	217.0	28.0	20.0	204.0	241.0				449.0			667.0	205.0	3.0	6.0	263.0	20.0		34.0		2.0	10.0	444.0		219.0	7.0		194.0		8.0		1.0												209.0						
NC_073236.2	2::NC_073236.2:20663611-20673643	10032	False	0.5267	0		2.0				1.0	5.0			218.0	218.0		1.0	19.0	175.0	18.0	10.0	173.0	207.0				370.0			569.0	160.0	5.0	5.0	216.0	16.0		25.0		1.0	16.0	368.0		186.0	8.0		171.0									1.0							178.0	2.0					
NC_073236.2	-3::NC_073236.2:20670704-20683145	12441	False	0.5262	0		2.0					5.0			267.0	266.0		1.0	26.0	224.0	25.0	24.0	206.0	254.0				465.0			700.0	208.0	6.0	5.0	264.0	21.0		32.0			14.0	456.0		231.0	8.0		210.0		4.0		2.0												219.0	2.0					
NC_073236.2	-2::NC_073236.2:20675481-20686392	10911	False	0.5261	0							5.0			234.0	234.0		1.0	25.0	194.0	28.0	28.0	185.0	224.0				400.0	1.0		610.0	183.0	6.0	3.0	228.0	11.0		22.0			10.0	397.0		204.0	8.0		186.0		4.0		1.0					2.0							202.0	1.0					
NC_073236.2	-1::NC_073236.2:20678830-20690914	12084	False	0.526	0							5.0			249.0	265.0		1.0	34.0	222.0	38.0	30.0	204.0	246.0				447.0			669.0	207.0	7.0	2.0	244.0	16.0		26.0		1.0	10.0	435.0		230.0	3.0		209.0		4.0	1.0	1.0					2.0							218.0	2.0					
NC_073236.2	-2::NC_073236.2:20686395-20710056	23661	False	0.5262	0		2.0					8.0			508.0	502.0		1.0	51.0	433.0	75.0	60.0	398.0	487.0				870.0			1308.0	400.0	11.0	8.0	490.0	29.0		59.0		1.0	21.0	865.0		441.0	9.0		405.0		9.0		6.0				1.0								425.0	4.0					
NC_073236.2	-3::NC_073236.2:20689421-20713337	23916	False	0.5262	0							8.0			509.0	515.0		4.0	60.0	434.0	62.0	59.0	405.0	488.0				876.0	1.0		1333.0	407.0	13.0	9.0	500.0	33.0		53.0		2.0	15.0	868.0		446.0	12.0		408.0		11.0		1.0	1.0				3.0							435.0	1.0					
NC_073236.2	-1::NC_073236.2:20702086-20735131	33045	False	0.526	0							11.0			731.0	703.0		5.0	75.0	603.0	99.0	78.0	553.0	668.0		2.0		1204.0	3.0		1829.0	560.0	15.0	14.0	702.0	41.0		87.0			20.0	1204.0		603.0	23.0		557.0		13.0		2.0					5.0							603.0	2.0					
NC_073236.2	-3::NC_073236.2:20713340-20728484	15144	False	0.5261	0							7.0			317.0	337.0	1.0		40.0	276.0	42.0	33.0	255.0	309.0				564.0	1.0		843.0	255.0	9.0	4.0	313.0	23.0		34.0		2.0	11.0	548.0		284.0	5.0		255.0		5.0		2.0	1.0				1.0							269.0	2.0					
NC_073236.2	-1::NC_073236.2:20735134-20748748	13614	False	0.5263	0							5.0			287.0	293.0		2.0	32.0	246.0	32.0	31.0	229.0	278.0				506.0			761.0	234.0	10.0	5.0	283.0	16.0		29.0		1.0	10.0	497.0		255.0	7.0		231.0		6.0		1.0	1.0				1.0							248.0	1.0					
NC_073236.2	-3::NC_073236.2:20736647-20941634	204987	False	0.5284	1	4.0	8.0	8.0			7.0	21.0		2.0	4391.0	4317.0	8.0	13.0	167.0	3481.0	286.0	186.0	3493.0	4278.0		1.0		7690.0	6.0	4.0	11701.0	3514.0	75.0	50.0	4576.0	460.0	9.0	705.0	27.0	13.0	175.0	7856.0	7.0	3793.0	90.0	12.0	3442.0	1.0	28.0	1.0	4.0	13.0	1.0		3.0	7.0	1.0	1.0	5.0				3385.0	2.0		1.0			
NC_073236.2	-2::NC_073236.2:20742240-20789826	47586	False	0.5266	0		12.0				1.0	20.0			1030.0	1028.0		1.0	78.0	837.0	109.0	72.0	800.0	981.0		1.0		1789.0	2.0		2669.0	778.0	21.0	19.0	1019.0	72.0		132.0		7.0	64.0	1767.0		874.0	33.0		793.0		12.0		1.0				1.0	1.0							835.0	3.0					
NC_073236.2	-1::NC_073236.2:20748751-20767312	18561	False	0.5265	0		2.0					8.0			393.0	403.0			32.0	327.0	43.0	35.0	297.0	385.0		1.0		709.0			1044.0	306.0	10.0	4.0	388.0	27.0		54.0		1.0	21.0	688.0		340.0	11.0		310.0		11.0	1.0	2.0												334.0						
NC_073236.2	-1::NC_073236.2:20769712-20792665	22953	False	0.5256	0	3.0	4.0	3.0			2.0	11.0			497.0	508.0	1.0	1.0	32.0	401.0	25.0	25.0	368.0	471.0				846.0			1316.0	368.0	12.0	6.0	494.0	32.0	1.0	100.0		4.0	28.0	860.0	1.0	427.0	16.0	1.0	377.0		5.0		2.0												403.0						
NC_073236.2	-2::NC_073236.2:20789829-20939484	149655	False	0.5295	1	3.0		9.0			9.0	4.0			3169.0	3197.0	10.0	6.0	83.0	2451.0	134.0	85.0	2591.0	3181.0		1.0		5519.0	13.0	4.0	8624.0	2568.0	63.0	27.0	3366.0	323.0	9.0	551.0	25.0	1.0	140.0	5772.0	3.0	2773.0	77.0	5.0	2592.0	2.0	4.0	3.0	3.0	5.0		1.0	1.0	2.0			4.0				2472.0						
NC_073236.2	-1::NC_073236.2:20794453-20939476	145023	False	0.53	1	3.0	1.0	7.0	1.0		10.0	1.0			3009.0	3055.0	6.0	6.0	85.0	2432.0	144.0	82.0	2504.0	3050.0		4.0		5368.0	8.0	4.0	8347.0	2534.0	83.0	24.0	3202.0	334.0	6.0	596.0	25.0	1.0	119.0	5615.0	8.0	2706.0	47.0	2.0	2526.0		1.0	1.0	3.0	5.0	1.0		1.0	1.0			3.0				2369.0			1.0			
NC_073236.2	3::NC_073236.2:20794454-20878304	83850	False	0.5283	1	2.0		3.0			2.0	4.0			1756.0	1725.0	5.0	9.0	82.0	1403.0	111.0	81.0	1472.0	1815.0				3104.0			4811.0	1493.0	19.0	5.0	1816.0	223.0	1.0	281.0	4.0		59.0	3203.0	6.0	1585.0	26.0		1453.0			1.0		5.0			2.0	1.0	1.0		1.0				1380.0						
NC_073236.2	1::NC_073236.2:20799036-20846271	47235	False	0.5287	1							1.0			979.0	981.0	5.0		48.0	784.0	67.0	43.0	838.0	1037.0				1740.0		1.0	2710.0	829.0	13.0		1009.0	109.0	1.0	144.0	3.0		40.0	1800.0	1.0	899.0	14.0		839.0			2.0	1.0				1.0				1.0				805.0						
NC_073236.2	2::NC_073236.2:20800192-20836225	36033	False	0.5289	1						2.0				749.0	744.0			40.0	610.0	44.0	39.0	635.0	776.0		2.0		1317.0			2073.0	641.0	10.0		766.0	72.0		129.0	3.0		28.0	1374.0	2.0	680.0	13.0		640.0			1.0					1.0	1.0							619.0						
NC_073236.2	2::NC_073236.2:20836228-20877307	41079	False	0.5287	1						2.0				830.0	862.0	3.0	5.0	41.0	712.0	59.0	40.0	714.0	871.0				1479.0		2.0	2351.0	725.0	22.0	1.0	857.0	114.0		182.0	6.0		37.0	1569.0	3.0	792.0	5.0		737.0																672.0						
NC_073236.2	1::NC_073236.2:20846274-20861622	15348	False	0.5288	0										319.0	325.0	1.0		15.0	245.0	20.0	18.0	277.0	342.0				548.0			883.0	268.0	7.0		328.0	32.0	2.0	54.0	2.0		12.0	586.0		291.0	6.0		272.0			1.0									1.0				261.0						
NC_073236.2	1::NC_073236.2:20861625-20894208	32583	False	0.5307	1	1.0		2.0			4.0				695.0	699.0		4.0	18.0	547.0	19.0	18.0	573.0	673.0				1164.0			1889.0	554.0	13.0	6.0	744.0	48.0	1.0	138.0	4.0		38.0	1259.0	1.0	591.0	26.0		573.0					3.0				1.0			1.0				554.0						
NC_073236.2	2::NC_073236.2:20877310-20908543	31233	False	0.5328	1	3.0		4.0			4.0				636.0	659.0	1.0	1.0	2.0	514.0	20.0	2.0	529.0	638.0				1207.0		2.0	1807.0	548.0	24.0	6.0	734.0	63.0	3.0	112.0	8.0		24.0	1222.0	1.0	576.0	13.0		534.0				3.0	3.0							3.0				504.0			1.0			
NC_073236.2	3::NC_073236.2:20887700-20903012	15312	False	0.5326	1	1.0		1.0							336.0	316.0				254.0	18.0		270.0	312.0				577.0		1.0	879.0	259.0	9.0	3.0	377.0	23.0	2.0	53.0	7.0	1.0	9.0	600.0		275.0	9.0		255.0				1.0	1.0							1.0				254.0						
NC_073236.2	1::NC_073236.2:20894211-20926218	32007	False	0.5334	1			1.0							676.0	691.0				511.0	14.0		548.0	657.0		1.0		1197.0		2.0	1859.0	561.0	25.0	12.0	767.0	76.0	1.0	125.0	8.0	1.0	24.0	1245.0		580.0	23.0		560.0					2.0				1.0			1.0				500.0						
NC_073236.2	3::NC_073236.2:20903015-20930447	27432	False	0.5336	1										572.0	587.0			1.0	447.0	21.0	1.0	476.0	562.0				1026.0		2.0	1567.0	477.0	13.0	8.0	665.0	75.0	3.0	114.0	6.0		21.0	1081.0		504.0	16.0		484.0					1.0				1.0			1.0				412.0						
NC_073236.2	2::NC_073236.2:20908546-20922076	13530	False	0.5329	1										285.0	298.0				223.0	7.0		231.0	281.0				507.0			782.0	236.0	10.0	5.0	322.0	30.0	1.0	62.0	4.0	1.0	8.0	533.0		242.0	5.0		229.0																208.0						
NC_073236.2	2::NC_073236.2:20922094-20933350	11256	False	0.5353	1										236.0	230.0			1.0	177.0	7.0		210.0	238.0		1.0		392.0			655.0	202.0	12.0	10.0	262.0	23.0		58.0			5.0	441.0		203.0	8.0		203.0					1.0											177.0						
NC_073236.2	1::NC_073236.2:20926866-20937630	10764	False	0.5331	1										227.0	221.0			1.0	166.0	11.0		187.0	228.0				405.0			614.0	187.0	5.0	8.0	260.0	34.0	2.0	41.0	1.0		7.0	421.0		202.0	5.0		191.0																164.0						
NC_086017.1	2::NC_086017.1:1-10147	10146	False	0.4971	0	6.0	3.0	3.0	4.0	3.0	2.0		1.0	3.0	2.0	3.0		2.0	1.0			1.0				1.0	1.0	2.0		3.0	3.0	1641.0				1.0		1.0				3.0		4.0	1.0						14.0		3.0	5.0	3.0	2.0		1.0	1.0	1.0	1.0	1.0		1.0		1.0	1636.0		17.0
NC_086017.1	3::NC_086017.1:77-10082	10005	False	0.498	0	2.0	4.0	4.0		2.0	2.0	2.0	2.0	3.0	2.0	2.0						1.0		1.0		1.0		1.0		1.0	2.0	2.0										2.0		2.0							1641.0			4.0	3.0	1.0		4.0		2.0	2.0			1.0		1.0			1638.0
NC_086017.1	-3::NC_086017.1:137318519-137331521	13002	False	0.5447	1	1.0	95.0		1.0	100.0	337.0	95.0		5.0		2.0	3.0			5.0		91.0			662.0		86.0	1.0	1.0	428.0		87.0					6.0			2.0		1.0					1.0		92.0		2.0		462.0	902.0		1.0	251.0	5.0	90.0	82.0		80.0		85.0	94.0	1.0	177.0		
NC_086017.1	-2::NC_086017.1:137324298-137336481	12183	False	0.5448	1		84.0			91.0	318.0	84.0		2.0			4.0			3.0		84.0			607.0		89.0	1.0	1.0	401.0		86.0		1.0			1.0			1.0				1.0					88.0		7.0		429.0	851.0	2.0	5.0	240.0	1.0	95.0	80.0		73.0		75.0	84.0		172.0		
NC_086017.1	-3::NC_086017.1:137345834-137356823	10989	False	0.5447	1		76.0		1.0	84.0	288.0	76.0					1.0					80.0			560.0		77.0			368.0		77.0					4.0			1.0					1.0				80.0		2.0		391.0	774.0		2.0	212.0	1.0	80.0	70.0	1.0	71.0		68.0	76.0		141.0		
NC_086017.1	-1::NC_086017.1:137349379-137360929	11550	False	0.5429	1		85.0			78.0	309.0	85.0		1.0			1.0			1.0		75.0			597.0		84.0		1.0	383.0		83.0					2.0												76.0		3.0		381.0	799.0	1.0	5.0	227.0	5.0	87.0	79.0		69.0		74.0	85.0		174.0		
NC_086017.1	-2::NC_086017.1:137350197-137369193	18996	False	0.544	1	1.0	135.0		1.0	144.0	492.0	136.0		4.0		1.0	3.0			3.0	2.0	137.0			954.0		127.0			634.0		127.0		1.0			6.0			4.0				2.0			1.0	1.0	137.0		6.0		664.0	1327.0	2.0	6.0	375.0	7.0	131.0	120.0	1.0	118.0		125.0	137.0		260.0		
NC_086017.1	-3::NC_086017.1:137369438-137382548	13110	False	0.5441	1	2.0	93.0		1.0	95.0	337.0	95.0		7.0			3.0			5.0	1.0	92.0			651.0		90.0		2.0	432.0		90.0					4.0			3.0				2.0					92.0	1.0	5.0		458.0	908.0	1.0	5.0	259.0	7.0	95.0	89.0	2.0	78.0		85.0	95.0	1.0	184.0		
NC_086017.1	-3::NC_086017.1:137422334-137438567	16233	False	0.5471	1	5.0	124.0		2.0	109.0	428.0	120.0		1.0		1.0	4.0	1.0		3.0		107.0			823.0		117.0			505.0		113.0		1.0			7.0					3.0		3.0			1.0	2.0	105.0	4.0	2.0	1.0	599.0	1090.0		8.0	318.0	6.0	115.0	116.0	2.0	100.0	1.0	111.0	127.0	3.0	223.0		
NC_086017.1	-3::NC_086017.1:137438570-137450096	11526	False	0.5483	1		75.0	1.0		84.0	310.0	72.0		3.0	1.0		1.0			1.0		80.0			573.0		88.0		1.0	380.0		88.0	1.0				3.0			1.0		2.0		1.0		1.0	1.0		81.0		1.0		435.0	785.0	2.0	11.0	207.0	2.0	96.0	77.0		77.0	1.0	71.0	77.0	1.0	150.0		
NC_086017.1	-1::NC_086017.1:137451439-137461858	10419	False	0.548	1	2.0	70.0	3.0		79.0	264.0	69.0		1.0			1.0	1.0		1.0	1.0	76.0			503.0		75.0		1.0	347.0		75.0		1.0			2.0			1.0		1.0		1.0		1.0	1.0	2.0	74.0				394.0	722.0	1.0	5.0	200.0	2.0	76.0	67.0	2.0	69.0		65.0	73.0	1.0	143.0		
NC_086017.1	-3::NC_086017.1:137466854-137479769	12915	False	0.5493	1		88.0		1.0	103.0	331.0	86.0		4.0	1.0		1.0			5.0		95.0			622.0		88.0		3.0	422.0		88.0					4.0			1.0		1.0		1.0			2.0		97.0	2.0	2.0		498.0	886.0	1.0	9.0	258.0	4.0	92.0	82.0		88.0	1.0	81.0	94.0		163.0		
NC_086017.1	-1::NC_086017.1:137469955-137485750	15795	False	0.5485	1	1.0	111.0			120.0	420.0	108.0		1.0			4.0		1.0		1.0	110.0			794.0		110.0		1.0	515.0		111.0	2.0				9.0			2.0		2.0		4.0				1.0	108.0	2.0	4.0		592.0	1060.0		5.0	306.0	7.0	119.0	105.0		100.0	1.0	103.0	113.0	1.0	211.0		
NC_086017.1	-2::NC_086017.1:137470731-137481903	11172	False	0.5485	1		78.0			87.0	282.0	74.0					4.0			1.0	1.0	79.0			541.0		74.0		2.0	375.0		78.0	1.0				6.0					4.0			1.0		2.0		81.0		1.0		422.0	762.0	1.0	5.0	217.0	5.0	82.0	69.0		71.0		78.0	80.0	1.0	159.0		
NC_086017.1	-1::NC_086017.1:137485753-137495776	10023	False	0.5471	1		76.0			70.0	261.0	72.0		2.0			3.0		1.0	1.0	1.0	65.0			497.0		69.0		1.0	320.0		70.0					3.0			3.0		3.0		2.0			1.0	1.0	65.0	1.0	4.0	2.0	373.0	685.0	1.0	4.0	202.0	5.0	73.0	67.0	1.0	60.0	1.0	68.0	75.0		132.0		
NC_086017.1	-2::NC_086017.1:137534118-137544282	10164	False	0.5477	1		64.0	1.0	3.0	74.0	268.0	65.0		1.0	1.0		3.0			3.0	1.0	75.0			481.0	1.0	72.0			334.0		77.0					2.0							3.0				3.0	76.0		4.0	1.0	395.0	701.0	5.0	5.0	197.0	4.0	76.0	60.0		73.0	1.0	61.0	63.0	2.0	132.0		
NC_086017.1	-2::NC_086017.1:137645625-137658474	12849	False	0.544	1	4.0	98.0		1.0	90.0	343.0	100.0			1.0		10.0			2.0		81.0	2.0		647.0		79.0			415.0		84.0	1.0	1.0		1.0	5.0			2.0	1.0						2.0		88.0	1.0	5.0		453.0	863.0	1.0	6.0	252.0	4.0	84.0	87.0	1.0	75.0		93.0	114.0	3.0	183.0		
NC_073227.2	-2::NC_073227.2:81548573-81565604	17031	False	0.1743	0	466.0	341.0	860.0	9.0	299.0	472.0	107.0		343.0	405.0	92.0		247.0	409.0				3.0		1.0			7.0	19.0			9.0		1.0		4.0	1.0			1.0		35.0		444.0	15.0				431.0		33.0			1.0	208.0				88.0	69.0	4.0		33.0	220.0					
NC_073227.2	-2::NC_073227.2:81618830-81631871	13041	False	0.174	0	357.0	263.0	655.0	7.0	227.0	364.0	80.0		261.0	310.0	70.0		187.0	316.0				1.0		1.0			6.0	13.0			6.0				3.0						26.0		342.0	9.0			1.0	331.0		26.0			1.0	162.0				66.0	55.0	4.0	1.0	26.0	170.0					
NC_073227.2	-1::NC_073227.2:81964890-81981921	17031	False	0.1742	0	464.0	341.0	862.0	9.0	301.0	472.0	106.0		343.0	405.0	92.0		247.0	410.0				3.0					7.0	19.0			10.0		1.0		3.0	1.0					35.0		444.0	14.0				432.0		33.0			1.0	208.0				88.0	69.0	4.0		33.0	220.0					
NC_073227.2	-1::NC_073227.2:82037244-82050285	13041	False	0.1739	0	357.0	263.0	656.0	7.0	227.0	364.0	79.0		262.0	310.0	70.0		188.0	316.0				1.0		1.0			6.0	13.0			6.0				3.0						26.0		342.0	9.0			1.0	330.0		26.0			1.0	162.0				66.0	54.0	4.0	1.0	26.0	170.0					
NC_073227.2	-3::NC_073227.2:82171006-82194967	23961	False	0.1741	0	654.0	484.0	1215.0	15.0	425.0	663.0	154.0		488.0	573.0	122.0		355.0	582.0			2.0						17.0	31.0			5.0				1.0						47.0		630.0	15.0				595.0		48.0				291.0			2.0	116.0	94.0	11.0		39.0	313.0					
NC_073227.2	-1::NC_073227.2:82240020-82255974	15954	False	0.174	0	440.0	317.0	809.0	5.0	287.0	447.0	96.0		316.0	380.0	88.0		224.0	388.0			2.0						7.0	16.0							2.0						30.0		418.0	9.0				407.0		32.0				203.0				80.0	67.0	8.0	1.0	30.0	209.0					
NC_073227.2	-1::NC_073227.2:82280244-82308024	27780	False	0.1738	0	761.0	561.0	1406.0	13.0	481.0	772.0	172.0		561.0	663.0	144.0	1.0	388.0	662.0			1.0			1.0			13.0	30.0							1.0	2.0					52.0	1.0	740.0	12.0	1.0			705.0		51.0				354.0		2.0		132.0	131.0	18.0		51.0	368.0		9.0			
NC_073227.2	-2::NC_073227.2:82364369-82375700	11331	False	0.1745	0	308.0	229.0	570.0	8.0	200.0	314.0	65.0		227.0	271.0	64.0		156.0	272.0		1.0				1.0			4.0	12.0			3.0		1.0			1.0					21.0		295.0	7.0	1.0			291.0		22.0				146.0		1.0		61.0	47.0	5.0		21.0	152.0					
NC_073227.2	-1::NC_073227.2:84719664-84730830	11166	False	0.1732	0	304.0	228.0	569.0	6.0	196.0	309.0	70.0		227.0	266.0	57.0		161.0	269.0	1.0								9.0	13.0			3.0										20.0		297.0	5.0				281.0		20.0				137.0			2.0	54.0	47.0	5.0		18.0	148.0					
NC_073227.2	-2::NC_073227.2:84730778-84741152	10374	False	0.1737	0	287.0	207.0	529.0	7.0	185.0	286.0	65.0		212.0	247.0	51.0		159.0	254.0			1.0						5.0	13.0	1.0		2.0				1.0						21.0		270.0	9.0				256.0		22.0				124.0				52.0	38.0	3.0		17.0	134.0					
NC_073227.2	-2::NC_073227.2:84751778-84766976	15198	False	0.1739	0	418.0	313.0	769.0	10.0	265.0	434.0	94.0		306.0	362.0	77.0		223.0	373.0				1.0		3.0			2.0	22.0			1.0		3.0				1.0				27.0		400.0	6.0				377.0		30.0				191.0				65.0	59.0	12.0		25.0	197.0					
NC_073227.2	-3::NC_073227.2:84782602-84795130	12528	False	0.1742	0	346.0	248.0	635.0	3.0	229.0	352.0	74.0		246.0	298.0	70.0		177.0	306.0			1.0						5.0	11.0							2.0						24.0		325.0	7.0				321.0		25.0				161.0				64.0	52.0	5.0	1.0	24.0	164.0					
NC_073227.2	-1::NC_073227.2:84845676-84861819	16143	False	0.1734	0	443.0	324.0	820.0	3.0	289.0	442.0	91.0		324.0	384.0	90.0		226.0	389.0			1.0						7.0	17.0			3.0					2.0					30.0	1.0	428.0	8.0				412.0		30.0				205.0		5.0		82.0	69.0	8.0		29.0	219.0					
NC_073227.2	-1::NC_073227.2:84864309-84876120	11811	False	0.1745	0	320.0	240.0	592.0	8.0	209.0	327.0	68.0		235.0	280.0	66.0		166.0	285.0		1.0				1.0	1.0		4.0	11.0			3.0		1.0			1.0	1.0				22.0		308.0	7.0	1.0			306.0		23.0				151.0		1.0		64.0	47.0	5.0	1.0	22.0	159.0					
NC_073227.2	-2::NC_073227.2:85089029-85108370	19341	False	0.1745	0	526.0	386.0	983.0	9.0	344.0	536.0	119.0		389.0	460.0	103.0	1.0	279.0	466.0				5.0					8.0	23.0			12.0		1.0		3.0	1.0					40.0		502.0	17.0				490.0		37.0			1.0	235.0				99.0	80.0	5.0		37.0	250.0					
